v1,v2,v3,v4,v5,v6,v7,v8,v9,v10,v11,v12,v13,v14,v15,v16,v17,v18,v19,v20,v21,v22,v23,v24,v25,v26,v27,v28,v29,v30,v31,v32,v33,v34,v35,v36,v37,v38,v39,v40,v41,v42,v43,v44,v45,v46,v47,v48,v49,v50,v51,v52,v53,v54,v55,v56,v57,v58,v59,v60,v61,v62,v63,v64,v65,v66,v67,v68,v69,v70,v71,v72,v73,v74,v75,v76,v77,v78,v79,v80,v81,v82,v83,v84,v85,v86,v87,v88,v89,v90,v91,v92,v93,v94,v95,v96,v97,v98,v99,v100,label
-0.0962913,-0.27482665,-0.034285277,0.022910109,-0.45392498,0.07606545,-0.22547027,0.3369792,-0.3824569,0.19493797,-0.34826398,-0.026428176,-0.08239017,0.22919963,-0.11251951,-0.14032991,-0.099519014,-0.4153841,0.029481908,-0.10529114,0.42019656,0.04394074,-0.0143637415,0.2883456,0.4264526,0.018422874,-0.10950463,-0.06428986,-0.08377641,0.0759741,-0.16503277,-0.38761938,0.066176005,0.08835308,-0.13980584,0.014763174,-0.24527672,-0.2861628,-0.026310291,0.37714618,0.24930714,0.26136997,0.22547764,-0.17694972,0.1493623,0.14878991,0.14928728,0.33193156,0.5625685,0.1357737,-0.27776983,-0.49463508,-0.18029502,-0.1609633,0.34045798,-0.02740736,-0.0907009,0.6294218,0.096665844,0.24960682,-0.12797488,-0.13959095,-0.31626067,0.29914662,0.0014856642,0.21725924,0.16634925,-0.010456689,-0.13374387,0.08357496,0.23259772,-0.44523865,0.12136536,-0.4123354,0.19988938,0.11507638,0.01548279,-0.05488858,0.0022698138,-0.26651442,-0.1345516,-0.26810643,-0.29323536,0.18123758,-0.0024970407,-0.043671753,-0.25564873,0.0020950136,0.109116524,-0.1435068,-0.02272961,-0.14776987,-0.29456303,-0.35416567,0.07501583,-0.20934847,0.050683573,-0.08685495,-0.1772482,0.065978244,sport
-0.1766465,-0.399241,-0.16139664,0.104222015,-0.20832744,0.14143787,-0.1850616,0.41188976,-0.2713712,0.20609666,-0.31411603,0.24800129,-0.09313909,0.19189629,-0.023920348,-0.20175388,-0.05385832,-0.4801662,-0.028777756,-0.15573415,0.4852028,0.05744892,0.10022157,0.37054443,0.2760681,0.0926916,-0.096198946,-0.22924955,-0.03417294,0.027594984,-0.047827527,-0.37278903,-0.04144191,0.25480792,-0.2432914,-0.06356415,-0.43049422,-0.16975507,0.04437246,0.525247,0.18600984,0.25588572,0.24705094,-0.20220391,0.19543898,0.17268883,0.18038023,0.29468888,0.65578175,0.23553216,-0.3340018,-0.42954823,-0.030120352,-0.22114575,0.26523525,-0.05723753,-0.16600505,0.65135616,0.123638004,0.12588958,-0.14952461,-0.007973876,-0.31432858,0.22020729,-0.03305631,0.19333303,0.17398742,0.0792444,0.14082685,0.24469288,0.1221535,-0.5083165,0.03191005,-0.34737495,0.22942652,0.098907,0.01020751,0.035733115,0.07925676,-0.19295318,0.047981568,-0.11457164,-0.27131844,0.20097569,-0.0042199683,0.026419694,-0.13326462,-0.1124487,-0.052999444,-0.1458362,-0.09002884,-0.23578131,-0.5086813,-0.3316543,0.18213466,-0.21131411,-0.03968087,-0.00086573843,-0.116196916,-0.099823564,sport
-0.2143623,-0.35124043,-0.30546153,0.20616981,-0.163492,0.25728878,-0.24257253,0.04474665,-0.20067953,0.2708585,-0.61344284,0.2384172,0.088574454,0.2728275,-0.25959685,-0.18426931,0.11240858,-0.34936792,-0.07871359,0.017467614,0.14532809,0.16639669,0.07327404,0.2754835,0.47757557,0.32933232,-0.39353678,-0.07232177,-0.29159486,0.047401004,-0.3323977,-0.21769813,-0.12610371,0.019233333,-0.46372625,-0.06520072,-0.15538275,-0.42361695,-0.23359148,0.40362865,0.13481331,0.15163542,0.19811806,-0.33580846,0.11747926,-0.041951973,0.15472633,0.35691258,0.63729596,-0.14567703,-0.059042808,-0.6733866,0.011885802,-0.19495878,0.12756123,0.2926887,0.050743517,0.29438722,-0.18890926,0.102334425,0.019317875,0.017209174,-0.14470068,0.32142082,0.04521802,0.29727098,0.36035362,-0.019572005,0.19043598,0.54901487,0.13943924,-0.0079679815,-0.0089328755,-0.2102845,-0.05790039,-0.03242488,0.07983264,0.020555703,0.23462337,-0.43614674,0.00034811822,-0.31431562,-0.15285768,0.14589374,0.06308052,-0.12017401,0.07244457,-0.051391225,-0.16431199,0.033089023,-0.19230625,0.185838,-0.14383388,-0.44129482,0.050830305,-0.15926246,-0.25278783,0.15002754,-0.10385566,0.025538925,sport
-0.042399175,-0.2503803,-0.21436583,0.11353154,-0.3265127,0.16341192,-0.35142347,0.28226638,-0.36004046,0.3161766,-0.42047924,-0.003751533,-0.0040586274,0.26886332,0.0018124717,-0.17696041,-0.04732096,-0.5029669,0.039281096,-0.21917763,0.41280156,0.090184346,0.08815733,0.28945604,0.40084362,0.17523137,-0.12934119,-0.05236101,-0.00639853,0.044627734,-0.13760509,-0.20965913,0.06421908,0.22100054,-0.1615213,-0.042599596,-0.21026883,-0.39453334,0.0041574347,0.47717378,0.29028276,0.19584407,0.20520036,-0.20756105,0.18282458,0.11259335,0.13068324,0.28258157,0.61090857,0.15897666,-0.36310458,-0.42744082,-0.21395361,-0.15741463,0.34773156,-0.030229272,-0.077306606,0.6143206,0.07115348,0.2280092,-0.08703776,-0.15381359,-0.39878312,0.26658413,-0.03340011,0.15792942,0.16140838,-0.019399907,0.13834967,0.033443484,0.2436816,-0.5722769,-0.01890637,-0.39430267,0.15906459,0.09765141,0.01593813,-0.0334839,0.028072523,-0.3386002,-0.18569717,-0.29129618,-0.1620366,0.12706174,-0.0010769919,-0.022590702,-0.21025835,-0.034492742,0.068482466,-0.20880803,-0.03946678,-0.14780828,-0.42972723,-0.34526384,0.077523924,-0.29217947,0.15640713,-0.07335117,-0.0945545,0.087523766,sport
-0.06510203,-0.19148238,-0.27118292,0.2193417,0.060556192,0.152387,-0.2388581,0.04090305,-0.1567788,0.39496085,-0.59922004,0.1016408,-0.13001205,0.20246005,-0.26899588,-0.26461425,0.20931743,-0.2802124,-0.22833787,0.30822262,0.3663806,0.110880874,-0.035903975,0.2620236,0.45621768,0.37776208,-0.16194919,0.18878722,-0.3894473,0.34792352,-0.037100878,-0.19322956,0.0005613735,-0.04248896,-0.38828024,-0.18507083,-0.10942218,-0.3054618,-0.23023365,0.5732726,0.11722535,-0.23670077,0.16522254,-0.45718876,-0.0009099625,0.14061363,0.39204916,0.30876416,0.74455553,0.14454456,0.043137472,-0.76782185,-0.17069818,-0.21048862,-0.13814627,0.1239473,-0.045115415,0.59738725,-0.04162145,0.4328599,-0.29247394,-0.30456087,-0.5718019,0.25741664,-0.2770862,0.33057958,0.5997449,0.11827585,0.1619574,0.5828244,0.08147431,-0.03671209,-0.3435916,-0.23950617,0.09028236,0.004085103,0.12020565,0.04571723,0.27428326,-0.40968278,-0.08046019,-0.63812953,-0.14166528,0.2595847,0.020503165,-0.08966365,0.27238312,-0.07093535,-0.15150748,-0.07946511,-0.11710012,-0.0037011309,-0.3688712,-0.6448779,-0.035083465,-0.06930892,-0.32850134,0.041979432,-0.15379421,-0.11995816,sport
-0.042729456,-0.37731344,-0.12723234,0.11030776,-0.25072497,0.14247759,-0.20204584,0.44350198,-0.33023286,0.24833505,-0.3076125,0.042806912,-0.1466663,0.2637628,0.059071492,-0.18695943,-0.11588076,-0.48971683,-0.007870403,-0.0989422,0.4425122,0.10187752,0.004174518,0.3216145,0.35310325,0.08817935,-0.1886463,-0.06765986,-0.238037,0.17663945,-0.3060349,-0.4360882,-6.714737e-05,0.13711196,-0.14182593,-0.07277285,-0.29556462,-0.22225451,0.01139491,0.4276724,0.29732496,0.22635843,0.25276446,-0.12254911,0.19852786,0.08597531,0.13014579,0.38932037,0.6445542,0.09595961,-0.31088296,-0.51901007,-0.1648095,-0.15899903,0.35804063,-0.1010382,-0.15218751,0.76062065,0.21029131,0.1773576,-0.08295114,-0.14540838,-0.27371386,0.24187832,-0.10158604,0.12654099,0.1530213,-0.020063557,-0.025415383,0.16998589,0.0551664,-0.5531813,0.15318076,-0.4131408,0.1928804,0.044382438,-0.04524197,-0.011323387,-0.030017095,-0.28523076,-0.12150912,-0.22070947,-0.36590028,0.2731728,0.10692005,-0.07104116,-0.21931694,-0.11531851,-0.023997294,-0.16965687,-0.023565685,-0.24749866,-0.3202524,-0.34885785,0.07718961,-0.0803718,-0.018751565,0.009825263,-0.060101416,0.00076953945,sport
-0.13087481,-0.3209412,-0.20491655,0.14095567,-0.20517018,-0.004956832,-0.21822783,0.41104063,-0.22822791,0.22935595,-0.379513,0.12628952,-0.111574024,0.3051412,0.033464305,-0.09130223,-0.25746974,-0.5922236,0.019105067,-0.16658556,0.472329,0.10159627,0.07277658,0.3450923,0.43758148,0.19635248,-0.28828803,-0.11422551,-0.07167812,0.024449626,-0.09083222,-0.27399468,0.090110935,0.31285283,-0.15509585,-0.10202112,-0.33212665,-0.42211342,0.025083551,0.4178325,0.12488438,0.10673995,0.37981585,-0.118554026,0.23295937,0.14998245,0.1486346,0.26506722,0.65274465,0.053854678,-0.3702047,-0.59059423,-0.010097599,-0.1482504,0.39852232,0.123345494,-0.19666067,0.54440534,0.08859248,0.10868384,0.04056405,-0.042824738,-0.2953374,0.21843892,-0.0489774,0.26530075,0.22023295,-0.043335725,-0.061452374,0.20672548,0.01149357,-0.54287446,0.008852344,-0.23414402,0.20251916,0.16373925,-0.049940433,-0.030442664,0.15336867,-0.16470341,-0.023904167,-0.08152045,-0.34283152,0.13313445,0.12222953,0.011436681,-0.07145434,-0.13308495,0.010640939,-0.1309793,-0.010893077,-0.058681868,-0.3806111,-0.31470048,0.0060827537,-0.25582212,0.023255851,-0.1372258,-0.10892047,0.042499285,sport
0.02701533,-0.2615499,-0.15927424,0.1599937,-0.33671713,0.11259981,-0.32629433,0.39362276,-0.28031614,0.3617269,-0.43289295,0.095197566,-0.009228586,0.22852755,0.13608488,-0.013749986,-0.25064483,-0.48263612,0.08828257,-0.29679614,0.37202185,0.19602409,0.15149678,0.34772623,0.5774337,0.14364628,-0.22342996,-0.14469321,-0.1419042,0.13465962,-0.05210763,-0.17758138,0.22946315,0.26994526,-0.2520593,-0.07032968,-0.2479402,-0.33043873,0.015215131,0.40003532,0.3834823,0.16479068,0.36722043,-0.1940563,0.31915322,0.11528587,0.065878615,0.10902306,0.6234206,0.21018364,-0.3455297,-0.6331597,-0.17567694,-0.0723952,0.53748333,-0.022487126,-0.17660207,0.64096975,0.033883065,0.20680963,-0.063592464,0.010244066,-0.3047181,0.2814206,0.104145676,0.3633452,0.10732552,-0.011709889,0.0042454945,0.09131059,0.12277585,-0.5836117,-0.1335693,-0.17009372,0.28694904,0.18981896,-0.060348574,-0.084593795,-0.0655482,-0.2674608,-0.15649189,-0.12338659,-0.28394207,0.16380905,0.007775995,-0.07752861,-0.21959293,-0.07502154,0.096034124,-0.31321374,-0.07846518,-0.13685346,-0.49164784,-0.42907292,-0.039134804,-0.3533932,0.14814146,-0.17563461,-0.04252973,0.12511325,sport
-0.16468948,-0.4255035,-0.32239103,0.17331277,-0.16458938,0.3029867,-0.21159151,0.0071532493,-0.46607795,0.08473243,-0.2078191,0.41452235,0.03187373,0.2105621,-0.3090714,-0.14547345,0.13119751,-0.5482313,-0.06483274,-0.17671661,0.46820384,0.073354706,0.049357038,0.27607012,0.057771314,0.19943087,-0.0028204473,-0.052306473,-0.34197876,-0.09624029,0.0853306,-0.36925513,0.35712075,0.09548054,-0.17988297,-0.056090653,-0.5229707,-0.43592212,-0.28866863,0.24635604,0.09476627,-0.06783855,0.47932968,-0.60792786,-0.09641669,0.123633325,0.34669635,0.24601,0.5780332,0.26278675,-0.14649871,-0.3410013,-0.34953216,-0.29803154,0.29730922,-0.1235037,-0.06311511,0.57589954,0.050892122,0.3234225,-0.1556249,0.05219847,-0.3292719,0.19286026,-0.23080677,0.03748268,0.09585379,0.2815479,-0.037271738,0.4355247,0.28099254,-0.15619256,-0.086352415,-0.36273438,0.10855045,0.13577443,-0.12054922,-0.083299525,-0.06547422,-0.11091562,0.043585785,-0.20723575,-0.24632448,0.29896438,-0.054877523,0.07108267,0.18135855,-0.06856996,-0.2792011,-0.09377626,-0.16777056,-0.07805616,-0.35090134,-0.40469694,0.2164982,-0.18091585,-0.031323202,0.22238396,-0.29794607,-0.053471636,sport
0.037690125,-0.64728034,-0.23262456,0.17842202,-0.3641738,0.099305265,-0.4655373,-0.033192985,-0.35936037,0.19217084,-0.029585788,0.36812606,0.1627368,0.22809751,-0.24848443,0.036515277,0.1404592,-0.32898027,0.0005431194,-0.24087285,0.4660643,0.1480035,-0.03618664,-0.25767013,0.11233107,0.1534624,-0.0221106,-0.3164188,-0.18889871,-0.07384808,-0.06637694,-0.3853868,0.23032057,-0.04583954,-0.37317938,-0.29100034,-0.18621255,-0.24790445,-0.14204472,0.39055905,0.5421406,-0.12097446,0.44998452,-0.42009708,-0.20991327,0.124038935,0.029805064,0.3828479,0.82216465,0.26108348,0.089798644,-0.5761795,-0.1334381,-0.32579318,0.3835655,-0.23462003,-0.1378072,0.5428631,0.04387512,0.18469778,-0.29597175,0.18844059,-0.30047235,0.18426128,-0.020945424,0.24781442,0.10531435,0.39282575,0.015541522,0.390127,0.48546475,-0.22727156,-0.26058897,-0.29668278,0.17170887,0.09900985,-0.024869232,-0.045957785,-0.20209122,-0.13727301,0.2565627,0.0007078354,-0.28717232,-0.11975634,-0.2872159,-0.043497406,-0.11974846,-0.06910206,0.03667076,-0.06218514,-0.23118643,0.058915194,-0.089333676,-0.36016685,0.16744001,-0.47396007,-0.17963345,0.2785731,-0.12485555,0.044741567,sport
-0.1663043,-0.44025528,-0.34947163,-0.056135073,-0.17884284,0.24858223,0.037521195,0.011335148,-0.4364385,0.08702091,-0.2593015,0.1647612,-0.045753,0.26709622,-0.50676644,-0.16555698,0.34891596,-0.53727734,-0.23716529,-0.111201644,0.38925675,0.15144208,0.19508451,0.1332799,-0.127167,0.20801334,-0.041450202,0.10986304,-0.5372293,0.013875176,-0.06639477,-0.3887234,0.13396591,0.25048855,-0.15289205,-0.22893083,-0.33548316,-0.3272936,-0.22851466,0.3240963,0.07380595,0.19419557,0.4169131,-0.47050828,-0.050515696,0.11899457,0.15152085,0.1895446,0.7084966,0.32572663,-0.374087,-0.53098446,-0.047928553,-0.30352688,0.12305876,-0.40522885,0.18501641,0.54476064,0.06695324,0.38493147,-0.14878511,0.016353417,-0.3354618,-0.07103326,0.238571,-0.03359621,0.3333586,0.15809084,0.060479645,0.3528794,0.0023331065,-0.34683082,0.1420278,-0.3204117,0.364004,0.08632802,-0.12775365,0.03767589,-0.10451335,-0.14317718,0.16577782,-0.19611004,-0.3011892,0.20819657,0.08325939,-0.22143956,-0.04498333,-0.12000979,-0.28761822,-0.19121967,-0.24790353,-0.24258931,-0.30731317,-0.6223102,0.012033585,-0.2659955,-0.03458225,0.09887908,-0.05484888,-0.32398078,sport
0.015393354,-0.42970583,-0.2187116,0.3026005,-0.10198689,0.34187314,-0.29684532,0.25519818,-0.53071177,0.3623145,-0.084628575,0.2734069,-0.062289864,0.15065184,-0.20325541,-0.09579289,0.32508102,-0.36619583,-0.1453904,-0.15411906,0.48136,0.121622145,0.14179012,0.053754486,0.10984436,0.4774202,0.040891822,0.15628125,-0.48770323,-0.059566345,0.27871382,-0.2029968,0.36394542,0.12584357,-0.28588274,-0.095621616,-0.15832607,-0.48479098,-0.13969082,0.24532938,0.056185763,0.23139304,0.40008035,-0.4729203,0.020363234,0.10452911,0.19037147,0.24361628,0.3388193,0.16009,0.06942666,-0.39765784,-0.2354562,-0.14633438,0.10691273,-0.06627,-0.059483565,0.7362744,-0.074392825,0.19829378,-0.13602678,0.106919214,-0.4485458,0.46467125,0.007710825,-0.04770153,0.1592389,0.078925125,-0.050956693,0.25431186,0.34009552,-0.42817155,-0.05814486,-0.44101045,0.26139238,-0.014922773,0.05162577,-0.17203876,-0.048114218,-0.27818546,0.22378293,-0.14442393,-0.33613226,0.09197782,-0.09266644,0.14240918,0.039600175,0.090596154,-0.10691638,-0.09394959,-0.23281732,-0.21936974,-0.32119337,-0.46624696,0.1192804,-0.24202344,0.08724172,0.08058202,-0.28813422,0.2533914,sport
0.005094584,-0.7516172,-0.24636033,0.55681527,-0.10422609,0.3775606,-0.2913122,0.24800248,-0.6045135,0.38033283,-0.15566011,0.3146072,0.058311995,0.07751066,-0.19441925,-0.12501615,0.17751102,-0.2623321,-0.23713706,-0.14838296,0.40341425,0.14635083,0.012386363,0.1914031,0.39388853,0.29748043,0.08823902,0.071236216,-0.40308368,0.05323219,0.06502129,-0.10028643,0.33107457,0.32785907,-0.3366598,-0.23337545,-0.23229551,-0.25584552,-0.117003545,0.4610938,0.20262341,0.041990563,0.58316463,-0.45322472,0.11133239,0.017679853,0.27376434,0.10827526,0.42638415,0.1733317,-0.12849605,-0.5726337,-0.18371859,-0.15244037,0.14877869,0.20006485,0.0025534786,0.61297035,-0.13494378,0.32235724,0.006290084,0.28150007,-0.48456767,0.22659792,-0.14952074,0.14540088,0.16725175,0.016306289,0.08874327,0.25765687,0.29917282,-0.3430624,-0.05808406,-0.617639,0.24183919,-0.13168761,0.10731306,-0.18362495,-0.081469916,-0.34797618,0.3453246,-0.19003114,-0.35738733,0.11027703,-0.24561515,0.10370201,0.12905306,0.015379015,-0.09062226,-0.054096922,-0.24585535,-0.081127994,-0.29928762,-0.25536165,0.2189865,-0.32355753,0.0524837,0.038012184,-0.14783147,0.1927169,sport
-0.16114928,-0.36180705,-0.34687537,0.024959784,-0.14365536,0.1827639,-0.024699572,0.16217491,-0.3839386,0.061747544,-0.33674368,0.20904805,-0.056487404,0.2367327,-0.36966902,-0.13120972,0.2642462,-0.5318447,-0.09471709,-0.17588505,0.46388036,0.06590886,0.20739861,0.19030263,-0.04749255,0.21974577,-0.21003443,-0.07459327,-0.35252866,0.036692135,-0.22357601,-0.3900155,0.11437975,0.2317078,-0.16370527,-0.15195225,-0.38079226,-0.2959916,-0.13618633,0.3173553,0.101411626,0.2624051,0.3182091,-0.38992894,-0.119026795,0.11603113,0.11670526,0.26999766,0.69009054,0.25122187,-0.30341357,-0.5688898,-0.10492445,-0.28950247,0.20417318,-0.26486284,0.107104056,0.6148384,0.017262913,0.2703866,-0.21216418,-0.08213661,-0.3491616,0.046473086,0.23169687,0.00026923593,0.22524485,0.16773577,0.13414364,0.33098155,-0.060043514,-0.36899206,0.18960403,-0.27756533,0.2642963,0.0571752,-0.103277124,0.040470336,0.018646333,-0.1513506,0.1081065,-0.21252385,-0.19837852,0.2712703,0.12578137,-0.2085416,0.0072507802,-0.07410301,-0.20393673,-0.08968477,-0.17826681,-0.24279258,-0.32686168,-0.69076043,0.028517721,-0.19583245,-0.13509181,0.05132861,-0.023313047,-0.27891877,sport
0.04862711,-0.6975932,-0.29096183,0.18814796,-0.17464729,0.27030122,-0.2911098,0.16253175,-0.38873821,0.12970045,-0.040754113,0.3638548,0.22453521,0.24471751,-0.25129822,-0.012306176,0.26536754,-0.4490275,-0.07069141,-0.14826815,0.40304586,0.18360947,-0.05732745,0.037248224,0.0071707,0.24745785,0.10451001,-0.22354275,-0.2945931,-0.14104791,-0.0009071865,-0.45158368,0.33435014,0.019909827,-0.2467965,-0.26782775,-0.402939,-0.33807456,-0.14994632,0.21863285,0.26057166,-0.08955956,0.35049993,-0.40218422,-0.17213377,-0.005616298,0.21883717,0.36295506,0.780801,0.2563701,0.049938343,-0.54706573,-0.12523487,-0.30062032,0.3000576,-0.14313434,-0.103545025,0.4500373,0.024700312,0.31975937,-0.4018688,0.36668876,-0.40083674,0.18060315,-0.16327883,0.18155007,0.11074819,0.3326415,0.029331159,0.40394685,0.5116914,-0.22418465,-0.13146158,-0.4322413,0.14921285,0.13749447,0.0043805493,-0.25237438,-0.21017052,-0.05727241,0.18247724,-0.06277704,-0.17369696,-0.013201441,-0.27465877,-0.14221215,0.07980393,-0.0585044,0.040757522,-0.038333792,-0.21494848,0.041717928,-0.15495142,-0.23884352,0.31867132,-0.34059846,-0.051281646,0.3800343,-0.1597483,-0.076486975,sport
0.20290715,-0.08652603,-0.19412975,0.25895903,-0.3729982,-0.07265912,0.122027025,0.3652768,-0.12842907,0.45467144,-0.18847361,0.12189803,-0.10185015,0.28906608,-0.14939237,0.028618943,0.13025211,-0.49858057,-0.14302053,-0.48730588,0.32009205,0.051739942,0.33372164,-0.025406685,-0.061173502,0.3464546,-0.4537931,-0.012229359,0.036316596,0.20472625,0.20679222,-0.15380532,0.023288488,0.3747179,-0.119028054,-0.20672144,0.0736918,-0.47085765,-0.11290909,0.346347,0.1987137,0.07767044,0.5108768,0.0034353153,0.17320244,0.16306278,0.07214206,0.18106517,0.986995,0.088490516,-0.23156947,-0.7346408,-0.06745748,-0.16622071,-0.15050747,-0.27126408,0.0033086105,0.27544665,-0.15328024,0.14617056,-0.023497472,0.18828514,-0.24061476,0.19366618,0.20856525,0.020258244,0.14825204,-0.1738837,0.08710055,0.06949849,0.039687093,-0.3946326,-0.21767785,-0.25460207,0.019062407,-0.070635766,-0.063554786,0.12494708,0.07720856,-0.42485794,0.08735621,0.07594133,-0.09034749,-0.035669584,0.01822373,-0.24831378,-0.1736267,0.071266085,-0.017180836,-0.16427954,-0.021769805,0.03935433,-0.36513343,-0.2876831,-0.21478271,-0.25238442,-0.0071188956,0.0574817,-0.14869685,-0.028594358,sport
-0.16831045,-0.11588621,-0.37699142,-0.019189538,-0.14036031,0.019205168,-0.15944979,0.3605091,-0.2387015,0.18005455,-0.6457438,0.10300709,-0.04187482,0.29945597,-0.059309635,-0.24557155,0.30284634,-0.48231134,0.14967565,-0.34935006,0.19339937,0.21996143,0.42637277,0.2763481,0.3643635,-0.025768181,-0.2341209,-0.10603326,-0.19451289,-0.051524438,-0.029895559,-0.30906942,0.11484743,0.19495262,-0.043796424,0.1705361,-0.3440049,-0.109050125,-0.023589265,0.5283068,0.18772778,-0.0076600453,0.3467938,-0.28771153,0.042431697,0.10014807,-0.06621455,0.2980554,0.588641,0.31101602,-0.21001542,-0.50618696,-0.1219607,0.051454466,0.1827769,0.04096451,0.039685592,0.5775654,-0.2854377,0.36166352,0.056449775,0.23734578,-0.25050527,0.3610852,-0.1977885,0.10939413,0.088841006,-0.13315473,0.0935301,0.18287103,0.35270134,-0.12931454,0.15717977,-0.24150681,-0.14936623,0.102966376,0.052935824,-0.051015086,0.2331274,-0.30102313,0.10958385,-0.11503656,-0.07891923,0.21165399,-0.07509086,0.0107353935,0.06246426,-0.075377904,0.37696293,-0.22888479,-0.19719335,-0.058775898,-0.39981258,-0.7719551,0.0030524144,-0.17864887,-0.06635764,-0.021425838,-0.07577104,0.01114737,sport
0.0126931,-0.49562484,-0.18668851,0.3516871,-0.23259848,0.15554339,-0.2751658,0.23663028,-0.18414086,0.42717564,-0.118421,0.31485248,0.07784205,0.3077754,-0.15998,0.08662283,0.15657352,-0.49519765,-0.063288495,-0.11752063,0.23751123,0.19699861,0.1910398,0.0017422766,0.33905172,0.20692652,-0.05457664,-0.24150525,-0.30688265,0.02966864,-0.23518258,-0.41427508,0.1972642,-0.020923262,-0.4007689,-0.053249583,-0.13373505,-0.5894959,-0.22109593,0.54110724,0.4295235,-0.0032044475,0.29537472,-0.30945572,-0.11728559,0.1586481,-0.078716405,0.45172155,0.59855914,0.17963181,0.060634337,-0.53634775,-0.0337162,-0.10247174,0.35712275,-0.11443702,-0.018583518,0.5234477,-0.16474019,0.022968607,-0.052257314,-0.008863757,-0.35043797,0.29602593,-0.2628499,0.030323684,-0.042569138,0.20510449,0.19347386,0.29678497,0.30911133,-0.3206132,-0.057104286,-0.17941004,0.16243628,0.08873509,0.056364242,-0.12276188,-0.07213422,-0.177238,0.04875463,-0.09474171,-0.40637296,0.0225319,-0.09079254,0.19939677,-0.06428659,0.0049698455,-0.14033769,-0.1445537,-0.08522665,-0.032654233,-0.19908956,-0.35825488,0.20096318,-0.14632505,-0.20669119,0.12662147,-0.15710568,0.063491516,sport
0.06284078,-0.7442276,-0.1508217,0.24850431,-0.13799305,0.38089532,-0.06881954,0.22092515,-0.5923363,0.031620804,-0.12530637,0.2106656,0.13447921,0.15426573,-0.21546572,-0.23935962,0.21363373,-0.42124486,-0.32227466,-0.22438522,0.56437504,0.22058144,0.17672023,0.12992655,0.22916158,0.24740365,0.0551021,0.11652101,-0.53693455,-0.057464827,0.06766064,-0.3615954,0.41993102,-0.016478084,-0.10027241,-0.17756656,-0.3820547,-0.27475205,-0.20327693,0.059514284,0.14280862,-0.02746289,0.5334809,-0.5243891,0.27229327,-0.23044446,0.26448804,0.091526516,0.5323129,0.3275424,-0.053547654,-0.6462117,-0.17735738,-0.17155537,-0.022015644,0.045660432,-0.08258522,0.48258093,-0.109056465,0.34403345,-0.085142784,0.19767305,-0.40437344,0.22766416,-0.1899297,0.09936667,0.17875795,0.19241072,0.08961638,0.48423567,0.20024759,-0.12397379,-0.098798946,-0.6195096,0.31226292,-0.07341506,0.14272486,-0.15830669,-0.08704793,-0.247662,-0.036051854,-0.36784935,-0.400706,0.113427326,-0.26274902,0.09486116,0.23491994,0.06270293,-0.21104343,-0.029551132,-0.17610756,-0.0524167,-0.3068941,-0.41106042,0.16362174,-0.3621403,-0.09706571,0.08189283,0.028978238,-0.1748206,sport
-0.06450563,-0.5612241,-0.3852239,0.22026998,-0.089444496,0.19068746,-0.3003906,0.22013055,-0.5162946,0.34059033,0.016946305,0.27369493,0.11815999,0.08070677,-0.23187365,-0.07179075,0.25822476,-0.26626542,0.03516549,-0.14336689,0.4428844,0.091524,-0.014872936,0.30021966,0.30285934,0.2824356,0.1279897,-0.049748126,-0.41553596,0.007912676,0.014020575,-0.31689167,0.31978744,0.122316584,-0.35086858,-0.104988664,-0.4779343,-0.46144196,-0.15135247,0.43001285,0.094295025,0.04690256,0.37001798,-0.5490498,0.038758714,0.04971529,0.25752962,0.19091438,0.6251513,0.37346783,0.063969225,-0.5454904,-0.1658759,-0.21591918,0.30462903,0.023831336,0.23544577,0.399826,-0.003603055,0.31277657,-0.09244335,0.24455318,-0.3800179,0.3051888,-0.11077454,-0.080230705,0.16142648,0.32470235,0.0038553518,0.31498757,0.24553469,-0.19822615,-0.1386669,-0.28005692,0.08228643,0.050016336,-0.060076777,-0.34263885,-0.15667863,-0.2382985,0.07833808,-0.33632743,-0.24567167,0.1646868,-0.057427198,0.11291803,0.18124336,-0.039713465,-0.10883446,0.0033998897,-0.121556684,-0.10704855,-0.34991473,-0.5373238,0.16782512,-0.07237461,-0.07572441,-0.02004477,-0.33218998,0.009299074,sport
-0.22058803,-0.5669454,-0.31169665,0.15746522,-0.057700172,0.110356115,-0.30613497,0.22190957,-0.46306488,0.2824051,0.056116685,0.36860636,0.12349382,0.16963525,-0.37984005,-0.2205269,0.33366013,-0.34801966,-0.14765052,-0.19618316,0.538134,-0.0874861,-0.057631962,0.36401927,0.213003,0.10449466,-0.11018973,-0.1128694,-0.43979532,-0.0648414,0.10219143,-0.2780942,0.46789584,0.1913262,-0.49667165,0.018910477,-0.5609341,-0.35527223,-0.24288139,0.6244543,0.13734932,0.24287598,0.36859912,-0.28610134,-0.0033885199,0.023618385,0.14851706,0.22966509,0.5161056,0.12630893,0.064847685,-0.41169578,-0.19091514,-0.36762425,0.40281162,0.006404561,0.20785229,0.65228415,0.031885143,0.30582497,-0.0037488285,0.077806525,-0.37037912,0.28119823,-0.09155476,0.07726328,0.22994436,0.3573406,0.03570367,0.4727472,0.35930234,-0.36278522,-0.1186995,-0.30335695,0.20564334,0.024931083,-0.15813507,-0.13648637,-0.0702407,-0.18167217,-0.023806384,-0.19797187,-0.4338007,0.25275406,0.116211176,0.11443606,0.11827425,0.099709935,-0.23290394,0.12627855,-0.13653828,-0.02848308,-0.30196872,-0.5540706,0.38301316,-0.16292296,-0.28070572,0.012776591,-0.19226657,-0.15461195,sport
0.058188405,-0.7077309,-0.38861823,0.09473727,-0.29763177,0.22911644,-0.060478207,0.006085188,-0.44999766,0.3041268,-0.08376052,0.14963247,0.26802313,0.33258462,-0.34627122,-0.105386935,0.35759446,-0.43715352,0.060246814,-0.024263866,0.53761095,0.24559548,0.41365775,0.1821435,0.23360114,0.3438339,0.10770477,-0.08793108,-0.3900353,0.051417522,-0.07447193,-0.29966423,0.23718883,0.1876052,-0.09265806,-0.33351895,-0.06529613,-0.42314094,-0.24308644,0.10126321,0.59615743,0.20835161,0.24689399,-0.53178287,-0.18268578,0.22103849,-0.047666907,0.17976706,0.63552713,0.041029237,0.09916224,-0.37586504,-0.1429793,-0.113514,0.14906493,-0.09202848,0.14753458,0.49023673,0.0112128155,0.09118758,-0.27586737,0.30758247,-0.27878892,0.23201478,0.06338132,0.095224075,0.18447573,0.31368846,0.05390382,0.2660462,0.22481678,-0.35764474,-0.031115808,-0.2409191,-0.027179124,0.012777578,-0.14199084,-0.12004077,-0.2721868,-0.20347512,0.173115,-0.13727358,-0.36201409,-0.11227749,-0.17393886,0.05562891,-0.15866049,-0.074783936,-0.08567809,-0.0848935,-0.16593578,-0.027851637,-0.31984928,-0.24347992,0.08457927,-0.07182317,-0.039302923,0.10571344,-0.34953418,0.1314894,sport
-0.030185372,-0.21965662,-0.08618935,0.2749784,-0.21334971,0.117541336,-0.30242294,0.3400386,-0.16852792,0.17658544,-0.3359475,0.099494,-0.07024915,0.29622376,0.050762475,-0.19257289,-0.031103048,-0.49467584,-0.01380862,-0.26080367,0.3443329,0.25704178,0.17033342,0.4472,0.5659356,0.17520258,-0.018210381,-0.19706506,-0.25800782,0.1343612,-0.25063977,-0.17161828,0.105407216,0.31368,-0.13609356,0.09417195,-0.42540234,-0.31951877,0.05966663,0.35308883,0.27086568,0.24877004,0.12874164,-0.16598178,0.1041838,-0.015276853,0.21307965,0.31207007,0.55415976,0.07197238,-0.22489434,-0.7780657,-0.23809999,0.005428182,0.24713595,-0.06984428,-0.3175356,0.74128866,-0.011766831,0.37658712,-0.23638059,-0.24268639,-0.30433744,0.21776731,-0.02817914,0.15440466,0.11151949,0.022457428,0.03617632,0.2692276,0.18473437,-0.41318944,0.046873447,-0.2216132,-0.038691,0.09762591,0.029649429,-0.16559865,-0.09424355,-0.32159483,-0.026730858,-0.26224566,-0.27505228,0.11946422,-0.023204125,-0.051272467,-0.20018858,-0.1281436,0.016925234,-0.17517057,-0.010294198,-0.21835344,-0.42071456,-0.28604293,0.07887624,-0.17988108,0.0889741,-0.030512474,-0.027708946,-0.010375312,sport
-0.116095684,-0.51033056,-0.41698065,-0.12443347,-0.26430398,0.21002352,0.048081167,-0.08285838,-0.45946622,0.080759056,-0.25960624,0.18963781,-0.12567836,0.25734988,-0.6737088,-0.08493536,0.42230803,-0.5847285,-0.28777412,-0.13808802,0.51025385,0.03388647,0.18793862,0.123581186,-0.29393768,0.21955623,0.007686162,0.053214915,-0.57634693,0.040708594,-0.12326882,-0.45588025,0.20526911,0.3464436,-0.18430363,-0.31939456,-0.27543426,-0.20257449,-0.29802242,0.4045129,0.04373251,0.23150249,0.45696965,-0.5577626,-0.09701053,0.21754375,0.18268673,0.20358127,0.85816115,0.4124167,-0.3887638,-0.53551555,-0.11957217,-0.3608779,0.11013112,-0.49684843,0.38163912,0.65798783,0.16679777,0.48833838,-0.19391993,-0.09719498,-0.44248912,-0.19365668,0.37551937,-0.058198605,0.4111251,0.27827626,0.16755715,0.404703,-0.2103292,-0.3187847,0.1477473,-0.19126222,0.4640279,0.027045181,-0.31394392,0.072272144,-0.13925005,-0.14742227,0.25489378,-0.19456322,-0.3593111,0.22217385,0.31072566,-0.2860251,0.00089116686,-0.17269026,-0.28487727,-0.19765247,-0.385243,-0.33637497,-0.30755088,-0.6617886,-0.047205277,-0.4089185,-0.14719203,-0.009670421,-0.05979838,-0.42788416,sport
0.036606543,-0.67087895,-0.34906265,0.5567744,-0.09130614,0.31352815,-0.1998712,0.15285328,-0.6995678,0.55605274,-0.22246937,0.09356452,0.006503347,0.062319107,-0.15683357,-0.09270554,0.26357773,-0.44032905,-0.22950423,-0.09205573,0.5248629,0.0798557,0.11422596,0.13695645,0.387235,0.29255852,0.1143736,0.05829506,-0.3566709,0.11488362,0.1305856,-0.07372868,0.18418348,0.31841195,-0.22738606,-0.2549732,-0.06512116,-0.32792938,-0.036709495,0.45843503,0.20887451,0.065222286,0.6043357,-0.4673296,0.036012214,0.17504026,0.31798118,0.09870293,0.38166082,0.087714225,-0.2528237,-0.45384455,-0.24206963,-0.29178864,0.0793261,0.06386596,-0.028238527,0.60249656,-0.084543526,0.3577706,0.031814992,0.20826654,-0.47111857,0.2777939,-0.078386284,0.06815938,0.119959585,-0.046332218,0.2011389,0.1630963,0.24465118,-0.30778402,-0.15743722,-0.57853556,0.2097349,-0.13687806,0.15033062,-0.206152,-0.047201484,-0.36580482,0.45019662,-0.24199344,-0.3828537,0.041004736,-0.0662901,0.01856071,0.0013993334,-0.01588404,-0.0069874194,0.043388154,-0.20078082,-0.124621764,-0.26312357,-0.29285908,0.10552572,-0.38398618,0.13816789,-0.06493709,-0.26145554,0.22119518,sport
0.050758336,-0.6678063,-0.22264959,0.24135299,-0.10301719,0.3495842,-0.1859797,0.20331371,-0.5627596,0.17993462,-0.09761093,0.27277797,0.1322357,0.09586823,-0.2603843,-0.19682167,0.082499556,-0.3775586,-0.12978092,-0.20112282,0.5059465,0.21052414,0.078971736,0.09177275,0.2723283,0.28562716,0.08851022,-0.0024602045,-0.4389946,-0.094987795,-0.044884767,-0.3873625,0.3564458,0.0068019647,-0.2486983,-0.16575675,-0.39159828,-0.35688525,-0.1399641,0.22235058,0.19037594,-0.0074337125,0.4565182,-0.4966127,0.10177035,-0.08949143,0.24335629,0.1746343,0.5007565,0.2532493,-0.039702475,-0.56789064,-0.14599453,-0.17099896,0.07229041,0.07283483,-0.0045665912,0.5651566,-0.08997266,0.34690967,-0.17855728,0.18392688,-0.36482152,0.33276743,-0.12932776,0.061458398,0.14244562,0.28888607,0.051002618,0.4007107,0.1738132,-0.2747031,-0.11140935,-0.46997038,0.25300178,-0.04344213,0.120820954,-0.17290746,-0.09658305,-0.33725303,0.076619595,-0.33619362,-0.39243934,0.07929306,-0.15599716,0.05700698,0.15590033,0.03935005,-0.15400717,-0.014140715,-0.1510711,-0.12958643,-0.2893522,-0.32674736,0.22438033,-0.21181779,-0.022088872,0.05904041,-0.17323497,-0.07328313,sport
-0.16113232,-0.48385218,-0.27280352,0.1373609,-0.065904886,0.16685766,-0.36748603,0.21433999,-0.45149243,0.15131488,0.029515551,0.37918335,0.0927402,0.14279796,-0.25143173,-0.14912239,0.29363897,-0.31664333,-0.10821417,-0.22569002,0.4772298,0.017719902,-0.07598657,0.26914418,0.2215583,0.22924724,-0.0856441,-0.15236808,-0.29047424,-0.08914792,0.08291978,-0.22919236,0.40730658,0.21000922,-0.40565565,0.03704203,-0.5502931,-0.3220256,-0.3342954,0.5314236,0.12724675,0.26935914,0.35842687,-0.30429238,-0.060640257,0.13440181,0.076847315,0.25418875,0.5890543,0.16083468,0.021074014,-0.5319327,-0.088693954,-0.22512935,0.32942176,-0.034933727,0.1840704,0.5983429,-0.033046946,0.35723984,-0.031247701,0.015084269,-0.47996965,0.30787304,-0.0903998,0.03989706,0.2035261,0.31594524,0.027752196,0.3524857,0.31239617,-0.3203305,-0.007512654,-0.48119456,0.21043216,-0.024462966,0.018763112,-0.13168234,-0.011979354,-0.22933424,0.012067537,-0.22527519,-0.33996716,0.1719087,-5.4139036e-05,0.14174698,0.099461846,0.0647877,-0.14020814,-0.010582082,-0.081592984,-0.089223094,-0.31781468,-0.5753619,0.36905813,-0.09769001,-0.1281201,0.011397883,-0.19237673,-0.122261345,sport
0.068049245,-0.48681235,-0.24069993,0.2982956,-0.054103646,0.31292573,-0.2330026,0.1978333,-0.47894442,0.39179564,-0.12990393,0.27758786,-0.08540745,0.21099761,-0.14830998,0.006918195,0.3178385,-0.34189188,-0.038693875,-0.043425556,0.48915568,0.12317571,0.057656232,0.1536801,0.099530235,0.5611189,0.016137864,0.1994621,-0.43894783,-0.08816306,0.22992612,-0.16584393,0.3017064,0.16553767,-0.23767915,-0.07523644,-0.20349443,-0.49129787,-0.07387632,0.28243974,0.049067885,0.23362595,0.3311488,-0.40178186,0.08706814,0.28676087,0.21252447,0.14348571,0.42160922,0.2013626,0.007654625,-0.39948264,-0.28347683,-0.12647222,0.04106851,-0.030992206,-0.093179256,0.7457598,-0.09031089,0.20779572,-0.14068522,0.12835854,-0.49559948,0.4402121,-0.10472869,-0.13021225,0.16921255,0.1325953,-0.0047331317,0.35680038,0.3158291,-0.3954708,-0.15674396,-0.5114879,0.26546392,-0.030845491,0.0058020754,-0.14276211,-0.067331694,-0.18192542,0.27265793,-0.28424656,-0.3334378,0.11653645,-0.12130017,0.052303042,0.028159741,0.1452894,-0.13239698,-0.103718035,-0.21410051,-0.21143948,-0.43608588,-0.4342159,0.043594282,-0.14749649,0.1141433,0.097299375,-0.3590034,0.3460324,sport
0.040010765,-0.70725244,-0.1297906,0.30275893,-0.082735375,0.27279752,-0.013401306,0.23376554,-0.5800699,0.030564941,-0.101150006,0.28010845,0.17715964,0.07032142,-0.25022995,-0.22423771,0.22756854,-0.46505484,-0.34629503,-0.2985829,0.5983521,0.240584,0.18915367,0.10560548,0.15166157,0.2726919,0.08931514,0.053360954,-0.5531327,-0.06766355,0.047667705,-0.44304007,0.3781876,0.023152638,-0.1605888,-0.20197752,-0.40563345,-0.3835969,-0.1311769,0.008545971,0.17946424,-0.11170911,0.55917025,-0.6011776,0.24391222,-0.20258616,0.2640239,0.098301664,0.55284965,0.32281968,-0.05950331,-0.6216796,-0.17523286,-0.16852993,-0.08030363,0.011923259,-0.09760766,0.52650285,-0.14801174,0.3564714,-0.009372964,0.16805166,-0.37536508,0.28690088,-0.19803797,0.07789583,0.14271165,0.16423088,0.024146061,0.5392649,0.21060881,-0.20505962,-0.068912536,-0.6533622,0.33058268,-0.052834094,0.07210641,-0.20357706,-0.10240154,-0.23958927,0.006393575,-0.32627684,-0.3308576,0.16587791,-0.2908518,-0.046696827,0.2795606,0.06088096,-0.18176506,0.014924046,-0.20594749,-0.020406567,-0.31965053,-0.41363838,0.12812859,-0.30655143,-0.036694203,0.15602845,0.06704232,-0.19855544,sport
-0.17553967,-0.5794076,-0.3002841,0.23339114,-0.03913459,0.11513575,-0.30549398,0.24987368,-0.51345295,0.30869836,0.031871513,0.3824652,0.15972905,0.20982412,-0.22791964,-0.13707066,0.32156116,-0.3547683,-0.06601724,-0.14444725,0.4587736,0.046431303,0.028526364,0.25812435,0.23990795,0.15233089,-0.017449323,-0.08341331,-0.42500114,0.038540587,0.046966687,-0.27844107,0.40178362,0.19451931,-0.3979655,-0.10114103,-0.5122953,-0.44559985,-0.27719465,0.4805955,0.15618445,0.17467211,0.34898904,-0.3597421,-0.11859253,0.08503443,0.20610943,0.28722215,0.62260425,0.23140799,0.05923684,-0.43877113,-0.1596236,-0.23289342,0.28916004,0.025756713,0.24531385,0.5192742,-0.03487917,0.266145,-0.08057987,0.17411043,-0.36250338,0.330975,-0.009759728,-0.01794931,0.14159735,0.37285286,0.08648411,0.42210102,0.27466264,-0.38061976,-0.1151951,-0.33957264,0.15993617,-0.014800655,-0.13752945,-0.19990334,-0.10624996,-0.26153073,0.014550403,-0.19654958,-0.4171929,0.24154912,0.025988705,0.15140271,0.11357214,0.07043348,-0.15733847,0.035565533,-0.15735482,-0.03202264,-0.34690237,-0.5732553,0.29635003,-0.07449703,-0.12233677,0.031359337,-0.21699254,-0.038573325,sport
-0.16132319,-0.41272497,-0.37554386,-0.042768784,-0.091959566,0.12974846,0.0637023,-0.06640718,-0.2775176,0.16612516,-0.25990263,0.12610713,-0.062283263,0.18949276,-0.5308991,-0.0929689,0.4242611,-0.56772524,-0.3083135,-0.091529876,0.5540689,0.03862689,0.13196552,0.13998474,-0.22013807,0.09239596,-0.035960563,0.08544709,-0.4977059,0.11380613,-0.12866865,-0.37814796,0.10019775,0.30732596,-0.028149694,-0.28385752,-0.21549962,-0.23391761,-0.21958046,0.24049422,0.07392121,0.38626945,0.40063027,-0.5405114,-0.016859503,0.2200619,0.14550646,0.19687447,0.7590818,0.32422104,-0.34838644,-0.5112951,0.02157372,-0.3643935,0.060766775,-0.45991948,0.3189646,0.4964675,0.0990469,0.35947976,-0.09370549,-0.07750619,-0.3564665,-0.16190064,0.32925084,0.023685334,0.31521514,0.19620954,0.04588083,0.1980469,-0.10353613,-0.34071788,0.07532322,-0.2547839,0.3403322,0.06543423,-0.15423769,0.05017671,-0.21712388,-0.093675315,0.25291604,-0.26881975,-0.30661583,0.3021862,0.1292738,-0.23839596,-0.052689563,-0.19946106,-0.24750684,-0.12395539,-0.2110916,-0.26472518,-0.31748217,-0.5713208,0.03100072,-0.32292742,-0.22460875,0.0349804,-0.18507145,-0.29443958,sport
0.1401525,-0.7604794,-0.30894312,0.30963218,-0.19492571,0.25721836,-0.0069090202,0.28701282,-0.63909334,0.13752647,-0.08105943,0.29814792,0.12220224,0.089579895,-0.1959569,-0.091266856,0.123090774,-0.32063782,-0.38245967,-0.24420212,0.52817357,0.18351394,0.29449674,0.17929767,0.25286615,0.2069448,0.25172082,0.005714577,-0.38357368,0.044340495,-0.07693582,-0.35821766,0.35995597,0.06361691,-0.11349207,-0.33320522,-0.28078616,-0.24438192,-0.16082112,0.10243135,0.2614554,0.061059326,0.6531266,-0.5542567,0.25360554,-0.27345347,0.13897163,0.11662633,0.6047055,0.2912587,0.05054439,-0.726597,-0.14375691,-0.097761944,0.08449434,0.18709327,0.023142416,0.45901677,-0.19106759,0.2559576,-0.16722712,0.25079897,-0.40743673,0.20821917,-0.051988274,0.27967066,0.18008812,0.21061482,0.058022372,0.2319257,0.16867003,-0.31397605,-0.14043808,-0.41253418,0.20832045,-0.037768118,0.07246695,-0.24780229,-0.20748204,-0.27555653,-0.000492068,-0.27566913,-0.28806978,0.066977285,-0.20416825,0.066280015,0.13103645,-0.06163756,-0.1433619,-0.008178883,-0.12335673,-0.07186718,-0.36982095,-0.35833824,0.17563504,-0.22213237,-0.12551574,0.20383447,0.05465341,-0.1162331,sport
0.10573494,-0.7311036,-0.19809952,0.33794397,-0.1375828,0.31006846,-0.06868801,0.22884285,-0.48741898,0.09783519,-0.11531418,0.30700892,0.21823238,0.07012519,-0.25461227,-0.20574099,0.2527764,-0.5069514,-0.3263502,-0.26610857,0.55717975,0.22507758,0.14851679,0.123328686,0.1566609,0.27700683,0.10822914,0.061318245,-0.5311374,-0.110802285,0.107952334,-0.43185478,0.3612676,0.023992362,-0.16179582,-0.20504817,-0.3581775,-0.43353793,-0.13006297,0.03653429,0.19743676,-0.080768436,0.48797867,-0.56251204,0.19704676,-0.18798931,0.22341102,0.113501094,0.5467254,0.33295068,-0.019164562,-0.5777078,-0.12788603,-0.22534232,-0.10366836,0.023628281,-0.09853477,0.45854968,-0.13149181,0.29873574,-0.038345955,0.21710017,-0.37010282,0.31032774,-0.24322084,0.09189682,0.08363641,0.23197672,0.054120775,0.5393519,0.24039479,-0.21639872,-0.06869716,-0.6579545,0.355421,-0.10426485,0.054310393,-0.16213953,-0.13962096,-0.25304168,0.02274012,-0.22385573,-0.38570827,0.16084313,-0.22210416,0.0091691585,0.27707788,0.077247694,-0.13890028,0.036196977,-0.22884952,0.01830855,-0.32077706,-0.43925345,0.17302743,-0.3289775,-0.07351612,0.15253243,0.005367739,-0.18749599,sport
-0.071479596,-0.3267156,-0.1394534,0.10491917,-0.12287307,-0.03752483,-0.1400661,0.43942076,-0.30317026,0.23817977,-0.44470626,0.13442121,-0.07475254,0.1729988,0.06419219,-0.059492227,-0.13304824,-0.56214774,0.050984915,-0.22316954,0.58061117,0.1378297,0.095237195,0.23059472,0.370126,0.22486366,-0.2742743,-0.12093179,-0.017715782,0.033659663,-0.091672204,-0.2758339,0.03432203,0.28583166,-0.09071948,-0.04410644,-0.39318222,-0.36584362,0.022049593,0.28871852,0.20098396,0.11597313,0.4293609,-0.18925902,0.27995923,0.15362048,0.14589326,0.2640591,0.77462023,0.040322404,-0.40817797,-0.5584016,-0.008046604,-0.17562367,0.33005863,0.122143015,-0.18067686,0.53489196,0.12956747,0.12380832,0.034579106,-0.06528363,-0.27785322,0.25826427,0.02354025,0.32912478,0.16233866,-0.06848698,0.017725896,0.1823982,0.049296547,-0.5376428,0.08257167,-0.18252249,0.20228483,0.08815601,0.010790945,-0.02385777,0.19979484,-0.14683974,-0.050024882,-0.14849862,-0.34966612,0.0952528,0.07163459,0.021765651,-0.04119141,-0.149559,0.06487746,-0.14070927,0.007186398,-0.039858587,-0.40976045,-0.27193615,0.03671335,-0.2725511,-0.04038705,-0.13977683,-0.13178964,0.029432835,sport
0.20040826,-0.64649373,-0.24404646,0.19701043,-0.21449815,0.22070362,-0.42417067,0.14063045,-0.41595805,0.27872947,-0.2678891,0.42378417,0.41828695,0.14659347,-0.2220442,-0.108913295,0.3727169,-0.25904724,0.030202359,-0.039695278,0.35661,0.14759861,-0.04400007,0.007099889,0.089432225,0.3075927,0.24357063,-0.17125346,-0.435405,-0.073678456,0.093726926,-0.3124323,0.40653124,0.0415014,-0.11327982,-0.27663648,-0.30342305,-0.32580176,-0.25794488,0.25929424,0.20273092,0.025593994,0.3726203,-0.6046525,-0.09836933,-0.045128133,0.28213778,0.20953259,0.7830816,0.3120549,0.15186064,-0.53107506,-0.26371756,-0.21053019,0.1825452,-0.09938766,0.13241501,0.5720191,-0.066055,0.46592045,-0.32637915,0.5570861,-0.4287471,0.35914096,0.014628772,0.033267286,0.109735966,0.5198183,0.06847246,0.36441135,0.37304166,-0.29271135,-0.20515195,-0.4117248,0.30564937,0.048355605,0.031636067,-0.33306554,-0.24520081,-0.1997884,0.27991256,-0.21729389,-0.43008047,0.30920488,-0.085093796,0.010346604,0.09642983,0.11218901,0.039174512,0.023892373,-0.40147084,0.1045547,-0.27790418,-0.3502177,0.31960252,-0.2833995,-0.05099394,0.17889549,-0.22421336,0.000826839,sport
0.06935001,-0.66247624,-0.39560276,0.45363548,-0.09848727,0.13957159,-0.17848526,0.07423896,-0.8194877,0.62159634,-0.21313037,0.0830931,0.10068098,0.065331,-0.16902885,0.021495307,0.2622657,-0.5885233,-0.14993447,-0.01063134,0.5771216,-0.005618423,0.22081707,0.061720364,0.43999588,0.37025738,0.07984308,0.063515835,-0.4109521,0.112309515,0.16516274,-0.046561155,0.18748643,0.46178135,-0.19448754,-0.31907016,-0.13537043,-0.2862179,-0.007827446,0.41730273,0.21837533,0.09524965,0.70582676,-0.60902184,0.010956928,0.32469925,0.2320171,0.018652989,0.33798453,0.062149785,-0.2447954,-0.40884632,-0.11026131,-0.28472155,0.10222752,0.018053569,-0.012938481,0.65535414,-0.21926333,0.51197785,0.10688268,0.2668762,-0.5125231,0.2685322,-0.03900447,0.060875695,0.24851595,-0.08536502,0.20846851,0.1341484,0.23029505,-0.30312714,-0.29455963,-0.6087432,0.189142,-0.22836764,0.13047157,-0.30815887,-0.13671486,-0.27928814,0.63158846,-0.38456687,-0.45152333,0.08276865,-0.11029299,0.09590711,-0.111090906,0.040212173,0.027582522,0.07248032,-0.33028775,-0.15990302,-0.08195232,-0.34041697,0.01491168,-0.51748896,0.07555764,-0.05514004,-0.42521203,0.28170612,sport
-0.07973084,-0.35821426,-0.13543193,0.12862398,-0.15116748,0.03180644,-0.06978161,0.5075125,-0.30418146,0.31838015,-0.40843493,0.11622198,-0.09731293,0.14815497,-0.0015759411,-0.030754846,-0.19572403,-0.60208553,0.049424496,-0.19315356,0.47087005,0.06967557,0.1509919,0.3984866,0.4591358,0.19870575,-0.37983218,-0.1705842,-0.024844453,0.0982335,-0.091925226,-0.2282691,0.027822219,0.36067244,-0.2588995,-0.09745301,-0.32714936,-0.38769415,-0.048192315,0.3776359,0.18082125,0.18465275,0.44906816,-0.0686319,0.32336056,0.09778994,0.14996478,0.22236913,0.79892385,0.065802984,-0.38951203,-0.56994784,0.023668136,-0.06413456,0.30816096,0.013926725,-0.24261622,0.53971505,0.1753053,0.055256736,-0.010992614,-0.06428476,-0.29063022,0.2326898,-0.054145075,0.26573032,0.20837508,-0.07112067,-0.08109098,0.13990329,-0.029504621,-0.5135664,0.071922734,-0.16512913,0.16267183,0.12572344,-0.060477734,-0.028144531,0.17874858,-0.20521528,-0.14917415,-0.07699657,-0.38274613,0.07042,0.13858438,-0.027384346,-0.06451074,-0.10321406,0.034543097,-0.16240811,-0.010034693,-0.052211545,-0.3310423,-0.3278333,0.03730796,-0.23452738,0.008401564,-0.11276706,-0.012687733,0.056877732,sport
-0.1577272,-0.3728651,-0.46157247,-0.016503228,-0.15541533,0.2304271,0.087436035,0.066266894,-0.28277203,0.044922255,-0.24641606,0.18274133,-0.044492226,0.23490518,-0.45661333,-0.060196776,0.3018147,-0.51613516,-0.2091296,-0.21434718,0.44449008,0.09707743,0.2853853,0.22662291,-0.14794004,0.22969279,-0.10770841,0.036266703,-0.47913206,0.017605502,-0.07064833,-0.2855595,0.17142951,0.37390247,-0.17736359,-0.25343853,-0.26945898,-0.3055703,-0.21919246,0.32195723,0.03864429,0.23791578,0.39438048,-0.47832772,-0.019156646,0.14408197,0.118368946,0.14323246,0.6951506,0.22278045,-0.3818672,-0.6064064,0.040027704,-0.35184208,0.09897879,-0.35503682,0.15565887,0.39295062,0.06136009,0.28869545,-0.15501608,-0.0126190595,-0.34281945,-0.13017686,0.35014996,-0.0061038192,0.292032,0.13820694,0.092152715,0.25577903,-0.11087992,-0.29202664,0.113599695,-0.18418682,0.25388154,0.011935542,-0.18782134,0.11143441,-0.11386632,-0.093586124,0.17088544,-0.16454983,-0.30791676,0.19206902,0.065211974,-0.08957379,-0.09709918,-0.16170044,-0.2993916,-0.13266043,-0.23639196,-0.19889714,-0.3224603,-0.63103235,0.0060940725,-0.3677238,-0.19030781,-0.019043962,-0.11099674,-0.2821221,sport
0.022476112,-0.3610193,0.0033075602,-0.012716148,-0.26555425,0.22192249,-0.18364657,-0.02832278,-0.426181,0.29904926,-0.029614756,0.006726629,-0.019887473,0.2866231,-0.24152808,-0.13191085,0.27542642,-0.549607,-0.01208657,0.012351171,0.24555753,-0.028539335,0.14418878,0.23508704,0.1757977,0.11487424,-0.116674185,0.023105782,-0.3441816,0.0634247,-0.123790845,-0.2653368,-0.0059142145,0.0073561054,0.0007028763,-0.10143008,-0.41186973,-0.34399116,-0.008972596,0.38383043,0.32677913,0.24092364,0.2909667,-0.27649918,0.051528845,0.38050106,0.035549466,0.08689588,0.7895928,-0.032162923,-0.21294393,-0.54851055,-0.035639003,-0.12117199,-0.15983525,-0.45408738,-0.030114701,0.41630942,0.14720426,0.22346167,-0.12496626,-0.046933305,-0.26166257,0.12282011,-0.08144652,0.18938881,0.090092555,0.011682362,0.04725682,0.12447224,0.38478827,-0.24947725,-0.030912066,-0.6312909,0.34766936,0.030578393,0.036068305,-0.09162785,0.14309892,-0.10613,0.14376336,-0.5175039,-0.32617465,0.13511513,0.10226319,-0.18617165,-0.26761484,-0.18348853,-0.18031485,-0.109234095,-0.20581986,-0.1348235,-0.45742676,-0.5688705,-0.08178284,-0.3636481,0.29395851,-0.19176373,-0.11927727,0.11002027,sport
0.16342963,-0.806248,-0.3446155,0.40601933,-0.18873362,0.43233863,-0.1725576,0.13879637,-0.45189723,0.19296187,-0.27990663,0.33170646,0.31215626,0.14833368,-0.25741532,-0.13432087,0.3106929,-0.354004,-0.3582525,-0.06613431,0.43789023,-0.0026413049,-0.120667465,0.10715717,0.28612497,0.20470016,0.25868604,-0.042211823,-0.54543626,-0.11236177,0.0987019,-0.22038487,0.36654285,0.19249772,-0.11808062,-0.3607576,-0.3449173,-0.29645544,-0.18897235,0.2870917,0.20796935,0.19379267,0.5176834,-0.44975647,0.10249608,-0.19100246,0.15132119,0.16491324,0.5261638,0.15307337,0.07784127,-0.4515101,-0.11726303,-0.293431,0.044161875,0.1937148,0.06829444,0.62076545,-0.0817302,0.33180705,-0.2759615,0.38543996,-0.42938533,0.27889606,-0.040259924,0.10205138,0.1354224,0.2583205,0.026070526,0.19578135,0.16646735,-0.25631928,-0.24855404,-0.49315354,0.3488652,-0.20910712,0.18217123,-0.35838374,-0.34106654,-0.4014314,0.13207832,-0.2784019,-0.46887815,0.2557503,-0.14182404,0.092841506,0.08527347,-0.0099011855,-0.17824869,0.046377853,-0.1978165,-0.09003705,-0.13714828,-0.43859467,0.35637915,-0.32507375,0.04842794,-0.10516203,-0.26134405,0.016711885,sport
-9.791307e-05,-0.5987659,-0.28142822,0.15076813,-0.063000806,0.11153204,-0.28477275,0.09557668,-0.39530498,0.17263661,-0.025097575,0.25771588,-0.017869718,0.06228217,-0.36726516,-0.1351821,0.23772267,-0.39885995,-0.14886059,-0.23745507,0.5002756,0.0006695246,-0.025597816,0.33813152,0.31063566,0.28246942,0.02466448,0.0573783,-0.36586738,0.023162501,-0.032832418,-0.31735224,0.33823222,0.10462116,-0.3994386,-0.025199978,-0.44375482,-0.3653401,-0.25209174,0.3286929,0.17019786,0.15598035,0.3278517,-0.38025436,0.0295904,-0.049130272,0.1370113,0.1440188,0.59064204,0.15066122,0.025863552,-0.49763277,-0.22757089,-0.17867133,0.2104532,-0.028720494,0.13491708,0.52022994,-0.025664598,0.3306018,-0.049046908,0.06882743,-0.33867773,0.35020187,-0.06527358,0.06254966,0.15019378,0.3018195,0.011147844,0.5561693,0.24220555,-0.23672387,-0.022324895,-0.29814056,0.151353,-0.033896975,-0.12884559,-0.201499,-0.044303846,-0.2310622,-0.061124317,-0.2506032,-0.36876422,0.177811,-0.017302046,0.15258786,0.026395444,0.00047511322,-0.16489314,0.10458756,-0.09157457,0.013947551,-0.26612276,-0.52198726,0.22168823,-0.19519049,-0.27512985,0.09028045,-0.1245452,-0.13642134,sport
0.13422412,-0.7378521,-0.26252452,0.2396218,-0.2321536,0.2644005,-0.41923907,0.12851335,-0.3296109,0.22023028,-0.21926993,0.35947546,0.34670988,0.17976332,-0.20510519,-0.097503506,0.27947053,-0.2642662,0.048056196,-0.06000977,0.2873019,0.1269053,-0.019817185,-0.036467314,0.12801106,0.26714906,0.12520087,-0.15778099,-0.39777702,-0.15525676,0.06612156,-0.28771105,0.34285864,0.009474113,-0.11607243,-0.3221708,-0.26046312,-0.2524904,-0.30568197,0.26271233,0.23306093,-0.004441818,0.39937866,-0.48367283,-0.1519811,-0.09852868,0.17748699,0.28235033,0.7258072,0.3009325,0.048461374,-0.4873267,-0.13429892,-0.3315652,0.15593979,-0.07358846,-0.0077629387,0.51591784,-0.03954552,0.46862915,-0.33286083,0.5353887,-0.41836545,0.32147598,-0.049737923,0.15361321,0.13945012,0.40063608,-0.027150538,0.4235881,0.3874499,-0.32110378,-0.27663928,-0.4281021,0.23879163,0.037635036,0.052170426,-0.2691038,-0.22927552,-0.1727309,0.23680611,-0.15300022,-0.3882341,0.21007395,-0.089654095,0.001890673,0.06421668,0.0920857,0.06485399,0.030298691,-0.29709992,0.08700009,-0.19039667,-0.3336434,0.276588,-0.3493807,-0.044012137,0.2309985,-0.30447197,0.03341116,sport
-0.09862325,-0.54126114,-0.28023973,0.16418569,-0.2030672,0.2085434,-0.20101395,0.198441,-0.2967921,0.20390804,-0.13593623,0.29825512,0.13761093,0.2580372,-0.17928822,-0.07468115,0.18143016,-0.29779512,-0.13727678,-0.093776286,0.37977085,0.114209756,0.057187777,-0.021131234,0.1648704,0.23814107,0.024942055,-0.015482423,-0.23052122,0.043136567,0.061485246,-0.3351371,0.3435847,0.12149988,-0.17052694,-0.11810614,-0.26983258,-0.3404716,-0.2343319,0.32418364,0.25857586,0.09357537,0.25326356,-0.41228822,-0.09657426,0.045196164,0.14733113,0.22187278,0.7613042,0.25679645,-0.047879208,-0.52391636,-0.0828331,-0.27181298,0.23356695,-0.06895448,-0.0685288,0.47688848,-0.11598558,0.09477358,-0.17990482,0.15527152,-0.43216622,0.027515553,-0.01143916,0.17181517,0.09052745,0.26442903,0.098493926,0.2007865,0.29098803,-0.29967764,-0.0142209185,-0.38009456,0.109156534,0.09401469,0.12108569,-0.18607657,-0.04409891,-0.1899874,0.13206878,-0.09329675,-0.29097337,0.101331815,-0.22709744,0.06590194,-0.032706533,0.010003904,-0.09462293,-0.017486779,-0.09110098,-0.044252425,-0.28789172,-0.38669378,0.20277262,-0.17659412,-0.018743113,0.29456717,-0.112282485,-0.01394463,sport
-0.041331325,-0.3013021,-0.2004819,0.13322476,-0.23615536,0.059414845,-0.29206532,0.45948762,-0.24605754,0.3833448,-0.29545304,0.092966646,-0.03542879,0.18845315,0.0036533256,-0.03252781,-0.21077502,-0.5330657,-0.027434282,-0.20829007,0.441551,0.13070661,0.122392505,0.37912056,0.39616495,0.19253765,-0.23141004,-0.124639325,-0.16953962,0.034959525,-0.05585122,-0.28670815,0.09626865,0.32229018,-0.24069086,-0.111308165,-0.3163462,-0.37742564,0.062898524,0.45827046,0.18866552,0.21282105,0.2574934,-0.13758451,0.28430158,0.13152702,-0.009676388,0.26869223,0.7084173,0.16748218,-0.35951105,-0.5159986,-0.03747013,-0.10852506,0.3122404,-0.008720129,-0.12514623,0.6267863,0.023224773,0.11084925,0.010608988,-0.010258886,-0.2875715,0.29925916,-0.011140806,0.28157318,0.12346836,-0.103557326,-0.044119857,0.03658866,0.15734802,-0.4726317,-0.06341346,-0.2044068,0.20251589,0.19337976,0.021072516,-0.10716335,0.05030056,-0.32321543,-0.11935613,-0.11171171,-0.3434174,0.13835889,0.1399043,-0.08923992,-0.14042215,-0.038259413,0.092529416,-0.14120163,-0.048847344,-0.097443685,-0.4040343,-0.39430892,-0.008056187,-0.24352607,0.09707232,-0.04472154,-0.13949186,0.075028084,sport
0.21911061,-0.6470436,-0.26768547,0.23173659,-0.015912877,0.29688063,-0.05445484,0.12932852,-0.35933012,0.28636083,-0.054484323,0.20869301,0.20965712,0.22193106,-0.30155292,-0.10731371,0.33913577,-0.2801893,-0.09329396,-0.026902797,0.314638,-0.06468648,-0.08529368,0.16960344,0.20071277,0.1292669,0.24101527,-0.029449577,-0.50946414,0.08076503,0.12696618,-0.3872688,0.3428462,-0.01948569,0.0018695656,-0.2445866,-0.24855854,-0.33557677,-0.23850507,0.11718519,0.052265152,0.046491697,0.3660053,-0.4600555,0.010114603,0.07893376,0.24714322,0.15548457,0.5368517,0.34696755,0.060873747,-0.53952974,-0.16925578,-0.1898042,0.098664954,0.068221845,-0.051259134,0.33929905,0.011909012,0.42076948,-0.29396337,0.2876525,-0.50757605,0.19723381,-0.06530298,-0.0152197825,0.17826746,0.2608981,-0.14015514,0.26246738,0.1968445,-0.091361135,-0.21088976,-0.3365089,0.29639506,-0.20914893,-0.030631317,-0.25774375,-0.2866701,-0.1981775,0.22577259,-0.44394502,-0.46195936,0.19202973,-0.1901505,0.11719897,0.054074593,0.15887474,0.067439325,0.09348089,-0.18204772,-0.03033905,-0.08301765,-0.33847514,0.20442465,-0.30899385,-0.17576359,-0.010624925,-0.29556724,0.054559372,sport
0.07555501,-0.4994885,-0.18551914,0.20500214,-0.13588399,0.061127376,0.005106844,0.20891982,-0.6146703,0.36010194,-0.06863162,0.17765987,0.03694722,0.007912747,-0.17411906,-0.08006131,0.07418225,-0.6164287,-0.068452366,-0.06006781,0.59380716,0.13573119,0.20762461,-0.08000333,0.20155063,0.23195791,0.16687159,-0.06375083,-0.24554212,-0.03132755,0.19391553,-0.23454268,0.010647945,0.24080111,-0.13584217,-0.30869308,-0.1573332,-0.56649077,-0.11570364,0.32943746,0.19250672,0.13630988,0.5370445,-0.4660712,0.12634152,0.21614191,0.18565133,0.12320569,0.58701754,0.1507911,-0.21024796,-0.4020769,0.03352271,-0.22838157,-0.100330085,-0.035708502,-0.008721725,0.4815212,-0.009988418,0.41676572,-0.0037952745,0.10168485,-0.39593294,0.28712055,-0.06867885,0.08917848,0.16944844,0.060050074,0.20118114,0.085137255,0.23971398,-0.34637702,-0.24655971,-0.5838674,0.29996,0.0061177663,0.04351385,-0.11510702,-0.03137592,-0.28135,0.3215317,-0.36740518,-0.14315908,0.19948213,-0.2890664,-0.15773064,-0.13772063,-0.043690737,-0.13825715,-0.118028775,-0.1510619,-0.16645417,-0.30579194,-0.33503786,0.0035212706,-0.38481548,0.08099264,0.18894634,-0.24404696,0.0607968,sport
0.08442402,-0.66824496,-0.1849029,0.33829656,0.02073837,0.39687967,-0.17655303,0.042527363,-0.44382307,0.19733886,-0.027550796,0.27237323,0.16141452,0.13922046,-0.22845022,-0.18027158,0.08836123,-0.24468091,-0.06906649,-0.027602695,0.4486925,0.11919024,-0.1124475,0.113472424,0.2614896,0.117978826,0.2628507,-0.02285399,-0.5011931,-0.108974,0.0059072613,-0.32069126,0.4065212,0.061422937,-0.051187057,-0.17336662,-0.35242605,-0.37798095,-0.1983301,0.09452993,0.2271258,-0.04711594,0.3205962,-0.63717085,0.07812925,0.09517643,0.1707395,0.19201323,0.6967215,0.22075425,0.033170514,-0.58197194,-0.13015147,-0.18508106,0.0518032,0.07011551,-0.028888712,0.47861886,-0.14474282,0.44488367,-0.10370885,0.31544507,-0.51221055,0.2515663,-0.23002848,0.09310437,-0.0034945966,0.112052955,-0.16923082,0.27541265,0.41753507,-0.25252873,-0.19022359,-0.52901804,0.24710329,-0.13017324,0.07506875,-0.31570417,-0.09525745,-0.14685604,0.19310279,-0.52286196,-0.3782625,0.23764312,-0.28306517,0.049350325,0.065941446,0.028997378,-0.03818367,0.008463983,-0.17299965,0.08874974,-0.24715655,-0.16535085,0.12967466,-0.33707413,0.017976092,0.068949424,-0.18888041,0.103751525,sport
0.06924139,-0.8048208,-0.34112406,0.14304703,-0.12486305,0.26853132,-0.12940727,0.13392104,-0.5308411,0.09367907,-0.13299635,-0.003439729,0.11429095,0.123033226,-0.41937324,-0.07678557,0.058391087,-0.35135558,-0.18139328,-0.123949,0.29235774,-0.01015637,0.20188557,0.23567383,0.34831586,0.044222075,0.06966013,0.15141669,-0.39772424,-0.01444709,-0.111404754,-0.6559058,0.3829573,-0.12926659,-0.39384207,-0.18672176,-0.165015,-0.26803467,-0.3073468,0.2698732,0.3803961,0.1575367,0.30765438,-0.37897524,0.33021218,-0.14962524,0.21426558,0.04482495,0.5339213,0.31135,-0.080083884,-0.5037971,-0.090803534,-0.09759603,0.09208713,0.07645397,-0.059309583,0.37685782,-0.1320721,0.26071578,-0.09284721,0.049540624,-0.39090064,0.41956836,-0.07591554,0.07830573,0.11543845,0.11912333,0.09104072,0.45016173,0.12821367,-0.21662284,-0.091256,-0.2879482,0.079322584,0.012238488,-0.052915882,-0.11202835,0.06656521,-0.39088106,-0.013793077,-0.17879322,-0.117918104,0.14655563,-0.15927227,0.004599759,0.036950056,-0.13404863,-0.10577426,-0.09486099,-0.09996732,0.01724809,-0.27417856,-0.40452483,0.2014418,-0.19888736,-0.07364659,0.1152361,-0.007762198,-0.07837407,sport
-0.05345452,-0.6403623,-0.38334316,0.1803903,-0.045474313,0.21304403,-0.19398057,0.051271148,-0.4448254,0.27560785,-0.0016163747,0.40532517,0.06039609,0.08715316,-0.427237,-0.10347892,0.42537722,-0.3307398,-0.1356531,-0.25723875,0.5874499,-0.033882774,-0.035082266,0.3225263,0.06535195,0.34089038,0.06525449,-0.07374964,-0.56290036,-0.034324694,0.18233174,-0.26067948,0.4421379,0.10971335,-0.25568154,-0.07961491,-0.5497142,-0.38848287,-0.31821772,0.32177907,0.03534104,0.15230928,0.4354392,-0.56710434,0.038355187,0.07320582,0.31724358,0.18387261,0.556086,0.25311962,0.05318687,-0.56598336,-0.29381052,-0.3600021,0.22223827,-0.1282007,0.19396327,0.5277956,0.045611937,0.36317253,-0.0840291,0.17632174,-0.4605749,0.138087,-0.045043085,0.0066626077,0.2379162,0.39681298,-0.06125016,0.48757797,0.26064208,-0.16683206,-0.02352187,-0.17314795,0.27766034,0.08033968,-0.19611345,-0.11107398,-0.23190384,-0.14006315,0.00852365,-0.34142286,-0.44919887,0.26692814,0.023774548,0.08630178,0.24560925,-0.03609319,-0.20140973,0.06855067,-0.10669199,-0.031645473,-0.22611415,-0.56767833,0.2637351,-0.15844464,-0.21052018,0.097803526,-0.28624967,-0.09053905,sport
0.07610364,-0.7081594,-0.19910482,0.25910574,-0.10783032,0.39522043,-0.0656444,0.2670388,-0.5080954,0.1264758,-0.13391145,0.2696068,0.10799702,0.11266723,-0.17301938,-0.20230211,0.11045721,-0.4589904,-0.27271274,-0.24384192,0.58771324,0.233022,0.15296882,0.081792705,0.18086646,0.20254882,0.04477499,0.056071766,-0.45968592,-0.025482513,0.075714454,-0.41046083,0.2615569,-0.021068545,-0.15585311,-0.160582,-0.3823212,-0.33485973,-0.11542725,0.13134313,0.19088796,-0.0058669606,0.43779674,-0.45468765,0.24722892,-0.20344512,0.27200684,0.19580089,0.5807065,0.3472083,-0.036369685,-0.54201436,-0.073808014,-0.15488069,0.04802393,0.053363122,-0.14476277,0.52962613,-0.16389522,0.23768507,-0.10441876,0.16547814,-0.35091025,0.29307458,-0.1821981,0.13011393,0.15307312,0.17874537,0.085605174,0.44406012,0.21164338,-0.26391354,-0.11403918,-0.5895553,0.22273842,-0.10077925,0.07038527,-0.13812235,-0.06647965,-0.26430735,0.036224745,-0.3143183,-0.37031585,0.08613376,-0.19155248,0.01016541,0.21282251,0.0026314897,-0.19069433,0.009628429,-0.16987477,-0.065743,-0.3252721,-0.31458697,0.15341409,-0.2860784,-0.024289731,0.21537773,-0.038242426,-0.22965868,sport
0.10873671,-0.81845427,-0.350993,0.17653552,-0.13797264,0.3282483,-0.25277868,0.065863974,-0.3901634,0.23058788,-0.25070545,0.35947698,0.25310084,0.1895207,-0.3688598,-0.17997442,0.29927537,-0.31268105,-0.17374822,0.04996333,0.4525603,0.13567156,-0.019447545,0.08391376,0.19204974,0.28093463,0.1801119,-0.030979265,-0.5856166,-0.0709042,0.06993971,-0.3460089,0.3668495,-0.0063623926,-0.105372936,-0.34405357,-0.33924717,-0.17687917,-0.28241503,0.22035675,0.112981305,0.044996247,0.41193986,-0.59667665,-0.044488497,-0.11305538,0.25871092,0.22336255,0.67185134,0.32797018,0.09885239,-0.49043202,-0.1490123,-0.2601874,0.06243082,0.03526409,0.016596925,0.46637136,-0.030359756,0.5346911,-0.3167495,0.42189044,-0.5329396,0.28471497,-0.07342695,0.07217069,0.26824403,0.37403765,-0.015446878,0.36975121,0.23286447,-0.12646884,-0.1777432,-0.376469,0.4006761,-0.1119475,0.01786345,-0.25776938,-0.26689214,-0.20831975,0.077917635,-0.39029086,-0.4775977,0.26420873,-0.053437065,0.11068779,0.11137749,0.08731491,-0.017232843,0.11415105,-0.23433717,-0.017556962,-0.22516075,-0.32912278,0.25431034,-0.33554637,-0.19684713,0.19274014,-0.20172243,-0.11668896,sport
0.016614357,-0.45985052,-0.29160914,0.18798499,-0.12663016,0.3334816,0.01811427,-0.069427155,-0.5481516,0.40730762,-0.14476141,0.13818796,0.054607395,0.184247,-0.2381165,-0.030032035,0.07750196,-0.4378839,0.08559757,0.026514014,0.40274385,0.045364898,0.3091241,0.024265671,0.29060254,0.23614495,0.018790744,-0.009395576,-0.3411238,-0.012155468,-0.012193652,-0.32655904,0.22152457,0.1299367,-0.24790628,-0.15502554,-0.2525782,-0.43668687,-0.1115897,0.30968213,0.17556353,0.12802914,0.35278767,-0.5539866,-0.039860398,0.24844499,0.141228,0.10325885,0.4723624,0.26274297,-0.12536182,-0.44030777,0.060144942,-0.23444499,0.023526752,-0.029418867,-0.10279572,0.40948904,-0.03658455,0.2632095,-0.10904938,0.15674719,-0.2983196,0.32816437,0.03318974,0.039861605,0.14639543,-0.0027182063,-0.05813407,0.26968005,0.01142814,-0.26143944,-0.28313684,-0.41789806,0.189384,-0.11278648,0.06904363,-0.15652966,0.0307852,-0.37839139,0.2074032,-0.2842833,-0.3432458,0.03278184,-0.0332457,0.1730381,-0.07221774,0.085823186,-0.08897935,-0.06248312,-0.17470449,-0.11176818,-0.079071134,-0.3629723,0.105646625,-0.22675435,-0.059289113,-0.044812456,-0.3966914,0.06164048,sport
-0.02788069,-0.57093364,-0.32363605,0.45740047,-0.13896862,0.25409418,-0.31829244,0.028740527,-0.6369373,0.5283169,-0.21171245,0.15808432,-0.028203966,0.11116187,-0.13079399,0.010503255,0.28106064,-0.4882913,-0.15185492,-0.085771896,0.534738,0.114728585,0.20237531,0.15433538,0.3259121,0.3970503,0.00262375,0.166603,-0.28570938,0.07537335,0.22248411,-0.141751,0.16405517,0.28741527,-0.28790098,-0.1600511,-0.13311695,-0.32606804,-0.07417072,0.371008,0.13612626,0.21663702,0.515643,-0.49162984,0.07678078,0.23196454,0.19998387,0.053389158,0.3793728,0.220548,-0.20598634,-0.48542064,-0.22684674,-0.20655671,0.08883812,0.03976208,-0.037480988,0.66255647,-0.14945413,0.26752642,-0.0066374587,0.22580385,-0.46011075,0.33651894,0.0120263565,0.0065689264,0.1730812,-0.09651662,0.12122418,0.18450098,0.26224464,-0.38557783,-0.16734754,-0.48669177,0.13674481,-0.12196141,0.18393034,-0.2834348,-0.03258687,-0.28649437,0.49490166,-0.18562728,-0.2512981,0.034261964,-0.11699597,0.100018606,-0.00020861001,0.09695565,0.032080997,-0.016185794,-0.33307943,-0.2363205,-0.1993373,-0.43287382,0.00430208,-0.39002407,0.17407863,0.047522504,-0.2876846,0.36833805,sport
-0.061397884,-0.36506352,-0.29890177,0.17700015,-0.017715404,0.1788936,-0.2694641,-0.021952678,-0.30507302,0.30476403,-0.4954669,0.08782928,-0.07987269,0.14462556,-0.22584927,-0.18791342,0.09797826,-0.29326767,-0.071947694,0.19011855,0.3272152,0.16250609,0.0710373,0.25010228,0.47319993,0.2540376,-0.1668589,0.06915859,-0.2585018,0.12148359,-0.047409948,-0.18239427,-0.077065386,0.024156207,-0.56025594,-0.08778916,-0.11748462,-0.4014537,-0.17130579,0.5206516,0.21460296,-0.074948594,0.25475565,-0.33921328,0.05809994,0.07315537,0.2870381,0.27600542,0.6125158,0.20062798,0.010949514,-0.6350734,-0.026905295,-0.044733863,-0.020255916,0.12216548,-0.10076402,0.54868096,-0.048524506,0.39524198,-0.23872381,-0.25406063,-0.4495756,0.39349708,-0.25041485,0.30268383,0.45514518,0.08657854,0.2963459,0.5486243,0.14917701,-0.10112068,-0.33851123,-0.3925383,0.0069132363,-0.024783242,0.15066296,0.046789393,0.28815567,-0.44569737,-0.07463494,-0.47035724,-0.18608072,0.15096487,0.01366787,-0.026945442,0.1786883,0.041545093,-0.15278478,-0.13766494,-0.1623336,-0.012530587,-0.29092616,-0.5032446,0.024830285,-0.15316986,-0.18619448,0.19037235,-0.2065736,0.012097208,sport
0.19580555,0.0031630935,-0.36297184,-0.014476453,-0.12650804,0.27487826,-0.043522373,0.34907573,-0.058300324,0.50500375,-0.47269258,-0.025845813,-0.14510003,0.30920333,-0.1448581,-0.23918949,0.034744393,-0.19116029,-0.20129974,0.043654945,0.4340973,-0.01824049,0.1101489,0.2171045,0.53559136,0.2212235,-0.1369759,0.057535797,-0.31584117,0.22480312,0.07019536,-0.1961111,0.47264162,0.11077304,-0.3156657,0.010972278,-0.08619807,-0.27939823,-0.20532629,0.4724401,0.2338858,-0.21835849,0.14252116,-0.2513322,-0.1356121,-0.06607345,0.26355425,0.093376905,0.8298164,0.028209936,-0.025017574,-0.55351895,-0.25093803,-0.19136395,0.16538693,0.1307843,-0.20749946,0.47526854,-0.16724035,0.17053093,-0.43603247,-0.11673413,-0.51166433,0.21930249,-0.09964431,0.15352571,0.27488688,-0.066066295,0.07045783,0.3393413,0.25375578,-0.12955873,-0.17055087,-0.06924218,-0.042196088,-0.04164905,0.13610788,0.16100158,0.020333389,-0.36361134,-0.033793006,-0.48504633,-0.21251221,0.05478027,-0.0116886,-0.06404576,0.013667062,-0.3656143,-0.1551251,0.017104805,0.055766962,-0.15453187,-0.385819,-0.6639107,-0.025161074,-0.21246153,-0.23610052,-0.07958476,-0.20737115,-0.18567401,sport
0.02837358,-0.25184202,-0.13610296,-0.047388244,-0.19046341,0.14274742,-0.09898271,0.34016797,-0.30344585,0.11055497,-0.2399003,-0.003396687,-0.10858499,0.30088204,-0.035836797,-0.22561218,-0.039877042,-0.46171236,0.0916013,-0.26397204,0.2607357,0.059570238,0.104109,0.3739681,0.16111824,0.24778606,-0.13545044,-0.14302386,-0.26893917,-0.018055711,-0.020648895,-0.47570518,0.2782313,-0.04998555,-0.05045324,0.025566405,-0.21327142,-0.25923145,0.037712276,0.560041,0.12690571,0.04881009,0.3683778,-0.2689381,0.20784608,0.12801018,-0.04825937,0.32403237,0.7582402,0.21811144,-0.2516347,-0.48362836,-0.15573052,-0.0657385,0.07012294,0.11915207,-0.28698942,0.52931154,0.091121644,0.16208577,-0.05786251,0.1001838,-0.3416656,0.17617045,-0.09269072,0.062894635,0.10457401,0.013856624,-0.1871487,0.19739713,0.08257095,-0.15174747,-0.06915591,-0.4770464,0.05413901,-0.0019491577,0.062400397,-0.03469861,0.24381849,-0.06988184,0.108899884,-0.1521224,-0.26865023,0.28966212,0.12980857,0.1811281,-0.054517966,0.04258801,0.19777748,-0.1236314,-0.14442004,-0.001651574,-0.05677403,-0.5002182,0.009080199,-0.15619232,-0.022791583,-0.068057835,-0.323697,0.0938662,sport
0.01566772,-0.2577534,-0.15186492,0.17309341,-0.12697953,0.105311394,-0.13139078,0.25756744,-0.33153775,0.24250987,-0.28890252,-0.05722402,-0.034336943,0.27962202,-0.05885985,-0.160202,0.16072626,-0.5278921,0.1206377,-0.3381019,0.3056491,0.03112889,0.105449185,0.35585234,0.16587867,0.057087492,-0.015164309,-0.21083477,-0.14399399,-0.027360894,-0.045238554,-0.38035914,0.26000533,0.08112559,-0.15040614,-0.013321462,-0.19558674,-0.5323605,0.077132724,0.42209244,0.09494115,0.0027512172,0.29342014,-0.24760593,0.12765379,0.09411055,-0.01381068,0.40934303,0.7519271,0.33794072,-0.3170201,-0.4882488,-0.13797104,-0.0013718607,0.061005373,-0.022330375,-0.3029311,0.67135525,0.085720874,0.13845757,-0.040043794,0.10650166,-0.37078798,0.038777646,-0.24858023,0.15056776,0.09390996,-0.006427967,-0.09682415,0.080841325,0.29918793,-0.30431238,0.015626866,-0.5391011,0.086470276,0.2587942,0.0682278,-0.09192225,0.06018852,-0.08615109,0.28086293,-0.1053663,-0.15130804,0.23400046,0.18588853,0.013307334,0.16507731,0.16677909,0.26810512,-0.08924934,-0.21883668,0.020291235,-0.12744465,-0.39664847,-0.06197703,-0.21837518,-0.05197242,0.01879278,-0.23306374,0.024696693,sport
-0.13370734,-0.190341,-0.22719869,-0.0067338278,-0.17223547,0.18788625,-0.16827093,0.3383619,-0.22438818,0.25092798,-0.25931168,0.17225336,-0.10525236,0.14461799,-0.033184856,-0.0941208,0.14737347,-0.3321808,0.12036079,-0.33460858,0.0706112,0.19185412,0.16431405,0.34882396,0.21565397,0.0065839533,-0.11589834,-0.18889022,-0.3527135,0.023899322,0.099894345,-0.40308124,0.1711553,0.005917325,-0.0021218099,0.124148086,-0.25130877,-0.17582354,0.008986239,0.60615575,0.06623417,0.00896221,0.30337816,-0.16241854,0.08776914,0.111539215,-0.009170904,0.3139026,0.6911719,0.058874045,-0.20384988,-0.52059376,0.06777789,-0.09335267,0.21447034,-0.03467486,-0.14073071,0.4486104,-0.14873357,0.18276492,-0.034768604,0.17959277,-0.1982971,0.24428515,-0.12500058,-0.047213376,-0.07681463,-0.1489337,-0.12145612,0.35508266,0.22239879,-0.24419965,-0.084745176,-0.4876556,0.0441561,0.17199789,0.10047389,-0.05031337,0.25527388,-0.23805667,0.18756531,-0.144446,-0.19858415,0.21869792,0.03552165,-0.17408042,0.07255035,-0.054331727,0.17580189,-0.117040366,-0.13091727,0.15563223,-0.033004094,-0.68344843,-0.07500715,-0.1696257,-0.071753964,-0.17508641,-0.3410317,-0.111662365,sport
0.27650636,-0.47300512,-0.0023986478,-0.0024223104,-0.22566338,0.16101724,-0.09308614,0.15522328,-0.199015,0.093762636,-0.12691848,0.21437411,-0.011655492,0.3219858,-0.22042571,-0.3438151,0.3783672,-0.29897672,-0.1595974,0.10057374,0.49935254,-0.304167,-0.09077363,0.39136988,0.43294325,0.1014123,-0.112640895,0.04569358,-0.41530615,0.047424022,-0.03435101,-0.24880965,0.30730695,-0.077280894,-0.12251906,-0.0859958,-0.07056605,-0.27903667,-0.21927354,0.37072253,0.26119164,0.30178866,0.35826397,-0.04110221,0.031508643,0.195998,-0.05226604,0.31786573,0.8122646,0.16826522,-0.05574512,-0.307611,-0.25795212,-0.064394206,0.15270582,0.036932625,-0.20543052,0.67509216,0.14682725,0.28056595,-0.32382458,-0.2116453,-0.599786,0.23274118,0.02378029,-0.051106345,0.34704328,0.05480118,-0.1229937,0.2015165,0.04291122,-0.07468442,-0.050693627,-0.4448381,0.019305943,-0.15870243,-0.10213301,-0.1774447,-0.1146182,-0.23576361,-0.29225567,-0.57672274,-0.39784777,0.4846843,-0.09720176,-0.25751925,-0.31885245,-0.10946756,-0.19946869,0.060226083,-0.09341656,-0.11298869,-0.010784726,-0.5503219,0.19834532,-0.524677,0.07953206,-0.08298245,-0.3424188,-0.011146649,sport
0.06921038,-0.027914952,-0.15974957,0.1366872,-0.04524795,0.20208846,-0.18471201,0.17025445,-0.1996266,0.2593379,-0.32020998,0.08949321,0.032492258,0.34948796,-0.08283985,-0.104719825,0.08118248,-0.30770066,0.01899341,-0.02782466,-0.1621814,-0.13221008,0.07081899,0.31201977,0.60039264,0.3029813,-0.085623555,-0.014896662,-0.35285866,0.1830411,-0.06411685,-0.23238173,0.28021836,0.0070898533,-0.33630747,0.0138649065,-0.070637,-0.52809966,-0.12592107,0.47574395,0.26119536,-0.09862495,0.1366727,-0.15972422,-0.04717709,0.09254543,0.06669072,0.10561107,0.87748176,-0.006943148,-0.049113724,-0.53023726,-0.28599316,-0.30711347,0.24786346,-0.021974314,-0.20766641,0.74354523,0.04791824,0.2484049,-0.20299152,-0.14282204,-0.44969,0.2040689,-0.16282052,0.22438653,0.1886541,0.05883114,0.00898684,0.33299223,0.15139368,-0.15721837,-0.05447865,-0.30697057,0.050668176,-0.17899282,0.08492561,-0.11969391,0.0944175,-0.2734709,0.14604539,-0.6817413,-0.2409664,0.044715803,0.10576285,0.016826378,0.034717225,-0.22032401,-0.10449525,-0.05765827,-0.11661457,0.026823275,-0.17429242,-0.54408157,0.21345647,-0.069109514,-0.056306563,-0.17667826,-0.21659288,-0.082477085,sport
-0.0844675,-0.30058885,-0.31552717,0.13902543,0.095281586,0.22432189,-0.24721077,0.062194258,-0.3076741,0.23874603,-0.4935373,0.09850794,-0.019688107,0.17953415,-0.16951369,-0.2158054,0.13813908,-0.30036545,-0.0960312,0.09969729,0.41620222,0.11497937,0.021518603,0.19835521,0.43358785,0.31039673,-0.27257657,0.06557009,-0.18094923,0.06472906,-0.041303094,-0.12346531,0.0007785492,0.037530538,-0.49195296,-0.017394798,-0.23410419,-0.27714366,-0.21761884,0.47174788,0.14300063,-0.115603015,0.265342,-0.29014152,0.088252045,0.06709784,0.2989965,0.2519975,0.68179953,0.15494005,-0.027151275,-0.65339273,-0.0010026967,-0.18840176,-0.028685112,0.11993832,-0.18880688,0.53638756,-0.05065095,0.30949703,-0.29868737,-0.23407486,-0.48346698,0.30970085,-0.25642535,0.29762006,0.376161,0.078553185,0.29603693,0.61106247,0.030699199,-0.15612938,-0.29057568,-0.39387986,0.015748445,0.09776027,0.1741171,0.07896255,0.27507854,-0.36176828,-0.025798919,-0.44967186,-0.15539153,0.20819543,0.07672481,-0.005936583,0.18069199,-0.080434665,-0.1244935,-0.15906395,-0.10915336,0.0039429385,-0.3489108,-0.46190986,0.17375883,-0.06094622,-0.18914722,0.10533351,-0.14978947,-0.1416666,sport
-0.0065445695,-0.32192123,-0.2211118,0.018833598,0.07586491,0.5295214,-0.2001753,0.17361265,-0.26140505,0.37333265,-0.31282535,0.14042938,-0.12390489,0.14024596,-0.20191716,-0.24066153,0.053771198,-0.23281161,-0.32969043,0.06500738,0.4684315,0.13336717,-0.013682847,0.120313555,0.4480918,0.28077263,-0.15605201,0.07725181,-0.14695083,-0.10202475,0.15960982,-0.21920167,0.27765718,-0.06679386,-0.5010861,-0.1712406,-0.14721179,-0.39402232,-0.2226587,0.5262294,0.2779385,0.027996562,0.093343385,-0.3235,-0.084472306,0.043411896,0.20595902,0.26666513,0.70344394,0.19448337,-0.101856165,-0.5200068,-0.09605359,-0.34353545,0.21383952,0.056700233,0.061481413,0.53110945,-0.0831407,0.46132916,-0.40640455,0.11458794,-0.39691007,0.25652173,-0.1829095,0.1393495,0.24928012,0.16999458,0.041305993,0.37072352,0.3324948,-0.17075801,-0.24635363,-0.3789341,0.14717793,0.05193142,0.14817062,0.1445145,-0.06848397,-0.3937175,-0.13180467,-0.5108446,-0.14210254,0.002481263,-0.015789362,0.032706693,0.13662082,-0.12666881,-0.011415099,0.0330657,0.046202913,-0.22173895,-0.36502102,-0.54495513,0.39944595,-0.20409808,-0.10250635,0.183843,-0.43781427,-0.15430982,sport
0.13210635,-0.47689703,-0.07057634,0.044615354,-0.090167396,0.06611667,-0.10800904,0.26107228,-0.21083675,0.02362911,-0.15048756,0.20030975,-0.08983492,0.35189328,-0.25240615,-0.35226798,0.31380913,-0.31357017,-0.075226694,0.019483136,0.4035816,-0.22352126,0.05662062,0.32683226,0.4702957,0.20625106,-0.12783588,-0.0075970097,-0.3968964,0.014461996,-0.064247265,-0.23046684,0.3072614,-0.021643667,-0.27719605,-0.14562668,-0.025304463,-0.28865424,-0.20465064,0.42501226,0.13058771,0.21159469,0.3826508,-0.091735624,0.039124273,0.2502461,-0.009518562,0.34172487,0.86336774,0.21305265,-0.10521641,-0.37260556,-0.29359886,-0.09465225,0.1735217,0.0013314334,-0.21810071,0.7266262,0.19251344,0.31532282,-0.33065894,-0.13894881,-0.64397174,0.15113331,-0.056100108,-0.019893443,0.22643341,0.056566644,-0.05054848,0.25261626,0.052157447,-0.054681696,-0.069157824,-0.4739563,-0.012159538,-0.13464575,-0.09029321,-0.17372343,-0.09334261,-0.26988325,-0.17995225,-0.42996737,-0.3550736,0.3971407,-0.031112345,-0.17765339,-0.22122791,-0.08318449,-0.18758687,0.11037205,-0.13772279,-0.15363042,-0.093028836,-0.4613097,0.052562322,-0.46896547,0.051208455,0.015604396,-0.34733188,-0.024779899,sport
-0.06376218,-0.06262561,-0.31749624,-0.07673123,-0.015238595,0.16129786,0.019455286,0.6128148,-0.08447305,0.08626624,-0.4532254,0.07669574,-0.050047707,0.22303107,-0.16968901,-0.2668278,0.280297,-0.34212598,0.13426913,-0.3804212,0.15177117,0.18599524,0.21689725,0.21601903,0.39346018,0.30124912,-0.33662832,-0.17829949,-0.14473605,-0.18364613,0.072572626,-0.14476071,0.27006522,0.18814057,-0.12344362,-0.0074485904,-0.0716721,-0.20455156,-0.15355216,0.40903428,0.048140362,0.023972178,0.29388857,-0.12774153,-0.051591586,0.1822693,-0.13666703,0.183257,0.630127,0.16184033,-0.24679628,-0.71223307,0.14014173,-0.28600928,0.15594207,0.0572532,-0.09777742,0.6878251,-0.06855522,0.2789662,0.07150681,0.2823151,-0.25242954,0.12305392,-0.060763624,0.10316967,0.08586104,-0.17414628,-0.16293742,0.24020131,0.14266188,-0.21800283,0.06540882,-0.2760842,0.03176332,0.10016032,0.22947288,-0.04779465,0.16693191,-0.36801997,0.19012924,-0.18150312,-0.21628974,0.121024005,0.1128309,0.021506771,0.039767623,0.039393265,0.35446513,-0.14479712,-0.1166448,-0.18599062,-0.17520079,-0.5854133,-0.05427205,-0.16406608,-0.09719537,-0.33358648,-0.41301426,0.032171976,sport
0.028790666,-0.4346812,-0.08815916,0.18632525,-0.10047016,0.25372097,0.12490682,0.37620682,0.12552649,0.3532847,-0.43667638,0.3425608,0.018795054,0.45112976,0.036647946,-0.3002828,-0.019902144,-0.5557385,0.12541772,-0.27680618,0.44316807,0.21639997,0.20744431,0.27293742,0.18465367,0.1793885,-0.43563032,0.092111886,-0.24473853,0.054916985,-0.30873555,-0.1807575,0.009726749,0.061579242,-0.39419505,-0.13932775,-0.06648436,-0.31330708,-0.13233781,0.14989729,-0.18820958,-0.09602499,0.373602,-0.220807,0.09935698,0.15684938,-0.15217467,0.2767159,0.7440714,-0.0010427738,-0.120622195,-0.8267822,0.28954023,-0.36079493,0.05281004,0.23337448,-0.10522874,0.30691922,0.12510231,0.17800151,-0.07240679,-0.01769904,0.06422871,0.047352202,0.09113621,0.41315916,0.11499113,-0.18270575,-0.15706606,0.15203618,-0.064455755,-0.20529523,0.069041885,-0.44060004,-0.15040916,0.07645782,-0.020013373,-0.101128705,0.25909567,-0.15614219,-0.0006625546,0.074328914,-0.23346421,-0.030974932,-0.07207509,0.023623731,-0.092727944,-0.23972996,-0.06655789,-0.0006905965,-0.26797706,-0.15066503,-0.17548494,-0.3925488,0.29543114,-0.22163793,-0.2627643,0.0017968831,-0.041326635,-0.11285253,sport
0.29653987,-0.3286537,-0.18420388,-0.002276087,0.11167018,0.40188012,-0.047851924,0.12970608,0.04631934,0.52993613,-0.34735864,-0.093778916,-0.056350816,0.24888857,-0.29727218,-0.30695513,0.064225525,0.010239962,-0.38101384,0.2977206,0.4541707,-0.04011203,-0.12922387,0.23305088,0.48728034,0.1230549,-0.088627696,0.24070607,-0.33753717,-0.051025003,-0.018422632,-0.32049054,0.25011128,-0.1337305,-0.3690355,-0.2705377,0.13456835,-0.47647604,-0.21502332,0.41672936,0.36360106,-0.14215174,-0.05311472,-0.18668872,-0.053143833,0.04066023,0.28659776,0.22664161,0.74529904,0.3700821,0.017677238,-0.6110605,-0.096691206,-0.29096514,0.14079961,0.19687594,-0.1797916,0.47281912,-0.08659431,0.56820846,-0.5335066,-0.13625446,-0.476926,0.24719712,-0.19399576,0.22772749,0.33513525,0.19902715,-0.15881303,0.31729293,0.31367323,-0.007956233,-0.16872117,-0.31942546,0.050900813,-0.25756982,0.04372019,0.19505617,-0.13098714,-0.40262723,-0.23410924,-0.8089972,-0.26847172,0.022389816,-0.09264983,-0.032589175,-0.10464754,-0.43268117,0.048138577,0.17882936,0.19250631,-0.234508,-0.3379668,-0.42270514,0.2436387,-0.26142642,-0.45132107,0.12451681,-0.55185026,-0.19722393,sport
0.16217117,0.006065607,-0.34271812,0.09018307,-0.13125859,0.3137181,-0.069606125,0.35177806,-0.07389837,0.5594789,-0.43859622,-0.034795772,-0.12079675,0.32137594,-0.17203669,-0.25603336,0.10670167,-0.16226752,-0.1794252,-0.07988906,0.4572797,-0.058114152,0.045332488,0.18904524,0.5454072,0.15849042,-0.18209292,0.08206195,-0.3556229,0.3107976,0.12801734,-0.15570489,0.5781669,0.09744778,-0.26338226,-0.0070820116,-0.09154727,-0.24066238,-0.27920577,0.6002909,0.18250632,-0.2029724,0.17513148,-0.2522832,-0.20319743,-0.089442246,0.330924,0.09017084,0.85472494,0.07399316,-0.024408886,-0.5742799,-0.29012528,-0.23413037,0.25348347,0.06747487,-0.19196062,0.5075026,-0.20381641,0.1645289,-0.37698054,-0.12964156,-0.5550489,0.087363504,-0.11792165,0.1448457,0.20166528,-0.06103483,0.038393255,0.3171076,0.36437848,-0.25268227,-0.1422679,-0.13235368,0.06766581,-0.016673993,0.17083442,0.21339841,0.015345842,-0.39076707,-0.042462606,-0.57323885,-0.2370292,0.111962974,0.032093763,-0.10574619,0.053697255,-0.36146125,-0.14755492,0.04389436,0.07880872,-0.18226106,-0.4065696,-0.7171604,-0.040252373,-0.17061277,-0.22305578,-0.12682521,-0.19351755,-0.18326461,sport
-0.09452266,-0.060455088,-0.20406011,0.27543354,-0.057115793,0.28399447,-0.07839473,0.29615942,-0.30215788,0.364186,-0.45168987,0.2518707,-0.21381544,0.25658864,-0.010953547,-0.124124944,-0.053627763,-0.46098968,-0.040708445,-0.022825658,0.18431802,0.02839157,-0.01144273,0.07103211,0.27707404,0.19155224,-0.21379769,-0.37275845,-0.15080117,0.17043541,0.08682526,-0.46585265,0.10172155,-0.10302819,-0.56544334,0.011040259,-0.030705083,-0.71052283,-0.18215622,0.46592706,0.35228533,-0.03758547,0.28152978,-0.2745837,-0.106492445,0.28749025,0.12259189,0.38356858,0.5981024,-0.115982555,-0.07345332,-0.48868245,0.1500535,-0.21455891,0.19343364,0.008131102,-0.15772478,0.39907864,-0.21397576,0.11534631,-0.21652117,-0.096792944,-0.19180338,0.42464733,-0.13852048,0.16211748,0.25030178,0.059355903,-0.0061529176,0.4694962,0.12444622,-0.04907417,-0.18599117,-0.30967906,0.011640792,0.0120874,0.18922654,0.050433606,0.2611313,-0.29326296,-0.006960798,-0.2330134,-0.23568334,0.0011326434,0.0032177486,-0.07798294,0.32310188,0.07993688,-0.0037628878,-0.032508884,-0.19636542,-0.01188536,-0.15737236,-0.5123757,0.27188265,-0.115884334,-0.039871432,0.12190975,-0.17760547,-0.19498715,sport
-0.082370475,-0.23907028,-0.3738934,0.23911083,0.05441363,0.25072208,-0.1948233,0.08637742,-0.2851855,0.33861366,-0.61949354,0.14092334,-0.0571086,0.33571678,-0.13000602,-0.16623838,0.026144985,-0.46556473,-0.10015962,0.12064726,0.33447447,0.27272174,0.12692082,0.20308585,0.48809087,0.2299324,-0.17381397,-0.033372678,-0.30363274,0.10328228,-0.05348787,-0.21239267,-0.063860685,0.048903853,-0.6307345,-0.08290358,-0.115653954,-0.42492524,-0.06448302,0.21286732,0.2995659,-0.028775994,0.21031854,-0.25164527,-0.11391299,0.053414788,0.16716783,0.31555986,0.5586448,0.0947341,-0.025829628,-0.7553707,0.029645236,-0.094331004,0.13485579,-0.014740165,-0.048547253,0.34948462,-0.24903011,0.2889492,-0.22009674,-0.031665176,-0.46781328,0.32213134,-0.12326399,0.24001724,0.31544566,-0.07031197,0.3357755,0.5225656,0.16806935,-0.11747377,-0.12542401,-0.33432582,-0.1168273,-0.04550235,0.12236121,0.13771528,0.25814337,-0.3967134,-0.024769267,-0.33226538,-0.13341781,0.08124892,0.0023466146,-0.10067591,0.16807874,-0.09315989,-0.056535095,-0.07630057,-0.13007352,0.021331698,-0.37114996,-0.45306972,-0.018565152,-0.11399473,-0.09012793,0.2676597,-0.16512744,-0.012936993,sport
0.14491525,-0.06488913,-0.33835998,0.03617047,-0.08909464,0.18079774,0.005367748,0.29302952,-0.042705525,0.48478025,-0.49285203,-0.07849214,-0.15974344,0.34156403,-0.19956875,-0.27349514,0.07021139,-0.16118187,-0.12875955,0.11256334,0.33269656,-0.04780179,0.08457743,0.21333562,0.4721173,0.16226439,-0.059753727,0.09211457,-0.4041643,0.33208162,-0.092620425,-0.18318395,0.49480224,0.082390726,-0.2737586,-0.122368604,-0.05873304,-0.26645645,-0.21834385,0.59893197,0.23335339,-0.21781786,0.11170773,-0.33435258,-0.1522764,-0.0030960257,0.33209962,0.1506796,0.7428328,0.07374752,0.09850959,-0.6220359,-0.2902273,-0.09709501,0.13278246,0.083926596,-0.14600845,0.50391483,-0.13010451,0.22616355,-0.56320196,-0.09199849,-0.49528107,0.25155795,-0.115164414,0.18848768,0.35400093,-0.041943137,0.054789692,0.38356027,0.29076073,-0.16499832,-0.19336435,-0.16618362,-0.07542981,-0.07023584,0.10569927,0.09488408,0.041677587,-0.3400211,-0.06390211,-0.48910904,-0.27492538,0.10690204,-0.07570301,-0.009478413,0.030597636,-0.3499909,-0.07748627,0.014356577,0.08877217,-0.17509049,-0.30505788,-0.67038685,0.0007191636,-0.16813597,-0.28096226,-0.06801672,-0.21664134,-0.092106566,sport
0.15724874,-0.55247724,-0.09423442,0.08746992,-0.18165086,0.16001563,-0.11347354,0.20834036,-0.26666924,-0.0024201463,-0.1515739,0.19769953,-0.058011867,0.30276257,-0.26737654,-0.315493,0.37496006,-0.34694418,-0.21405022,0.048433196,0.52176404,-0.22126873,-0.0024105003,0.3683881,0.44657683,0.14235857,-0.06962542,-0.029114975,-0.31564584,0.014852457,-0.07005212,-0.23200753,0.26568806,-0.019882908,-0.21926016,-0.097506665,-0.114784285,-0.2785368,-0.16594028,0.38406357,0.19234301,0.282488,0.36883846,-0.035359684,0.042519912,0.14938699,-0.021765156,0.36716518,0.7475597,0.16592577,-0.12864727,-0.28769934,-0.24935755,-0.1035621,0.17182395,0.0038873618,-0.19066927,0.65692973,0.19904996,0.29776987,-0.36993423,-0.06656363,-0.5771093,0.26517713,-0.013268535,-0.04050582,0.28142047,-0.002802347,-0.073525794,0.24152263,0.076415695,-0.10182064,-0.016812446,-0.465276,0.02020579,-0.15665618,-0.00874261,-0.19196202,-0.14953424,-0.31947613,-0.21822855,-0.40976858,-0.2480959,0.45843112,-0.04344833,-0.25644383,-0.2508095,-0.11062957,-0.21283108,0.056909062,-0.11273961,-0.12524925,-0.073124126,-0.5860263,0.17358032,-0.46445847,0.15756308,-0.026928496,-0.33759946,-0.0056718155,sport
-0.04238752,-0.23345733,-0.18146971,-0.011135254,-0.11065409,0.026791181,-0.018799525,0.43332082,-0.14341573,0.14486128,-0.32290578,0.019600354,0.072020285,0.19149356,-0.058764003,-0.2373186,0.16632241,-0.41365233,0.023370378,-0.33187112,0.18051165,0.061063986,0.14597382,0.35291043,0.10885421,0.24382788,-0.26032493,-0.043094657,-0.2534764,0.010135039,0.10999591,-0.26807207,0.2049225,0.052724447,-0.12615924,-0.0833428,-0.094209366,-0.26552817,0.04542888,0.56332207,0.13432512,0.1199019,0.2717766,-0.1499093,0.23620358,0.0001970196,-0.08270055,0.338385,0.87169915,0.24333438,-0.20550613,-0.61989,-0.18061738,-0.08628217,0.08024723,0.088518225,-0.36295635,0.5466439,0.021047754,0.048083577,0.019073015,0.0477006,-0.4477565,-0.060834706,-0.06395898,0.25466728,0.09163451,0.027992431,-0.07361036,0.10022029,0.1725561,-0.14400284,-0.048668727,-0.5283473,-0.07218465,0.057248265,0.079139955,-0.014777338,0.103455745,-0.028054038,0.16431414,-0.18943734,-0.31081656,0.34691754,0.18727492,0.13118692,-0.06421007,-0.014005973,0.23379421,0.043727215,-0.10134156,0.025315752,-0.13900916,-0.415352,-0.13226557,-0.16176334,-0.098101765,-0.19294731,-0.2958283,0.075851224,sport
0.053427767,-0.26980245,-0.12891506,0.12590301,-0.16673674,0.029966192,-0.17188199,0.2439106,-0.18632582,0.20109394,-0.3466402,0.07336366,0.0061871167,0.32472572,-0.16291368,-0.013341285,-0.088293344,-0.590424,-0.024683233,-0.3074778,0.3230128,0.18800816,0.20433784,0.30614248,0.2361833,0.056259617,-0.4175974,-0.11837847,-0.2230259,0.09115741,0.1799362,-0.27374554,0.22006984,0.20109706,-0.17289495,0.1232271,-0.34208354,-0.42795992,-0.00048623065,0.5985319,0.18279503,0.13965267,0.2575627,-0.13163462,0.16605192,0.06119591,-0.049385026,0.22072425,0.5586002,0.013870884,-0.30601996,-0.64145285,0.03817728,-0.04232439,0.14379402,-0.09905373,-0.21154845,0.46280363,-0.12170555,0.18159351,-0.022049712,0.049432524,-0.3276588,0.31124076,-0.049533132,0.036385514,0.12696081,-0.18973508,0.022201438,0.17620157,0.09184359,-0.18021365,-0.15530546,-0.2108241,-0.0021877072,0.070283465,0.051121805,0.003131221,0.1314185,-0.28064907,0.15817438,-0.1000851,-0.23819023,0.19217634,0.13267247,-0.10488734,0.03369232,0.011587352,0.03200763,-0.012479855,-0.12932102,0.04864754,-0.24359511,-0.4946874,-0.021432564,-0.2194662,0.032311805,-0.061339356,-0.10133013,-0.04830222,sport
-0.11225048,-0.40840828,-0.10691963,0.07549857,-0.18117702,0.090511985,-0.22780368,0.44015175,-0.46837446,0.35638645,-0.30000252,0.088346116,-0.15388897,0.14897785,0.0647654,-0.19281925,-0.15981999,-0.51843214,-0.00092130364,-0.12197406,0.47381008,0.1182615,0.03056837,0.28495157,0.43654248,0.093756534,-0.19617127,-0.14648575,-0.18951605,0.13913807,-0.13490053,-0.3831257,0.0019054983,0.19068281,-0.01825727,-0.098504946,-0.26283014,-0.4200303,-0.002160519,0.45325965,0.19840647,0.06491847,0.29179952,-0.2562694,0.20159997,0.15458563,0.14533898,0.31666207,0.5954588,0.15342921,-0.31792298,-0.46125928,-0.0025122035,-0.17536588,0.3558845,0.01014752,-0.20888776,0.65108883,0.21970943,0.12914099,-0.027168607,-0.07599075,-0.2444496,0.23451316,-0.046480365,0.16042055,0.22798331,0.031210374,0.0026324173,0.10575386,0.07528091,-0.5928568,0.07142477,-0.3571013,0.2291222,0.10005015,-0.10485924,0.0035408493,0.05871623,-0.16078593,-0.013293621,-0.12867086,-0.4227547,0.1748015,0.14110315,0.023665028,-0.15828982,-0.08296739,-0.0457357,-0.2307096,0.009149225,-0.18367991,-0.34701973,-0.30319923,0.1808482,-0.15490745,0.06767272,-0.046205726,-0.06289919,0.043233063,sport
-0.096252814,-0.47498128,-0.19869521,0.21153271,-0.11401921,0.25631922,-0.16414891,0.20722745,-0.15270448,0.13648853,-0.4281217,0.17002766,-0.15367779,0.51830775,-0.13739155,-0.10671147,0.014698389,-0.5900311,-0.14314443,-0.09352722,0.46397436,0.037445825,0.028685376,0.2757184,0.22995655,0.29125658,-0.15229686,0.036934707,-0.16572675,0.14081174,-0.3390766,-0.3335946,0.09390614,-0.007570531,-0.09793492,-0.04906025,-0.2918645,-0.18994395,0.014133968,0.15583073,0.1506748,0.20320046,0.24559243,-0.21841484,-0.033324827,0.13705413,0.020434862,0.25512603,0.6935602,0.10811143,-0.42090002,-0.3897282,-0.15809658,-0.10646672,0.13315246,0.069198616,-0.10189659,0.6741041,0.15260167,0.2633905,-0.11972821,-0.056519687,-0.27498505,0.0958907,-0.21645585,0.19787546,0.106029235,0.048542764,-0.026426759,0.2735148,0.17179647,-0.37869748,0.08779885,-0.51900333,0.25407013,0.015101202,-0.05438895,-0.20058244,-0.0926383,-0.1864416,0.030346386,-0.3806407,-0.28524166,0.2812355,0.029705327,-0.03995645,-0.19550063,-0.038395554,-0.08932953,-0.01559345,-0.10336619,-0.19804971,-0.30785248,-0.5205054,0.2937314,-0.22752035,0.045057524,0.09350393,-0.022579296,-0.057912353,sport
0.074013665,-0.07415004,-0.3144454,0.027193047,-0.15991049,0.29591456,-0.09184806,0.26451758,-0.14598349,0.49511316,-0.40955815,-0.029570531,-0.15813312,0.3379384,-0.24284376,-0.24601692,0.069224834,-0.18254146,-0.15053165,0.030482855,0.3180352,0.024939246,0.054665543,0.25290966,0.5651698,0.112068236,-0.1704724,0.07691981,-0.4208721,0.28681663,0.026074128,-0.20568046,0.38282534,0.05843549,-0.30852422,-0.045426868,-0.12612724,-0.30808112,-0.19998892,0.48650792,0.25118867,-0.19520052,0.18763576,-0.2114263,-0.12091601,0.018473146,0.29382044,0.13280532,0.7620786,0.17565155,0.031656478,-0.55456495,-0.26319712,-0.04479984,0.21011297,0.039231848,-0.21787305,0.5671103,-0.056770697,0.15950285,-0.44700995,-0.14679731,-0.47927812,0.19029143,-0.1608551,0.01810912,0.26013207,-0.034343008,0.068516396,0.28146282,0.2746378,-0.17148384,-0.119340025,-0.108173065,0.03868929,-0.14242274,0.098033935,0.1604158,-0.021307731,-0.39931834,0.012932538,-0.5181175,-0.28393754,0.0071519907,-0.050659586,0.0024363266,0.04765234,-0.33349368,-0.124450125,-0.05527266,0.033957146,-0.16506718,-0.3238464,-0.62150896,-0.022222647,-0.17312203,-0.20466898,-0.12644409,-0.18080334,-0.1496733,sport
0.13423751,-0.5722229,-0.0725419,0.10301366,-0.13927649,0.14418644,-0.0948024,0.2023504,-0.19656165,0.076790415,-0.18047786,0.19628765,-0.0053621074,0.3355695,-0.32116404,-0.39623338,0.34667328,-0.36343518,-0.1943608,0.050488397,0.5086756,-0.22109838,0.0015223826,0.37582788,0.43433863,0.1137336,-0.08693472,-0.04200602,-0.31805894,-0.0044760546,-0.10552693,-0.27832484,0.32127133,0.0033735263,-0.23957054,-0.14003296,-0.17802124,-0.30050915,-0.19823433,0.30456004,0.18020652,0.26651177,0.3428566,-0.023785202,-0.033381864,0.11341108,0.029544229,0.3615237,0.76025444,0.16473047,-0.10797563,-0.21724798,-0.3087634,-0.07241979,0.16163665,-0.0078118825,-0.15616256,0.6661022,0.21526434,0.26215354,-0.38351297,-0.10240619,-0.5849812,0.25863677,-0.07361934,-0.038491175,0.3158759,0.0075200186,-0.07567538,0.21521011,0.075377285,-0.12503234,0.058698647,-0.47228318,0.03902507,-0.15370716,-0.10598854,-0.1924101,-0.14461668,-0.33796632,-0.23288454,-0.4598537,-0.31725448,0.43109187,-0.09559082,-0.21800624,-0.21105792,-0.09987476,-0.20832455,0.110878624,-0.05974051,-0.15445584,-0.09754145,-0.5857748,0.20926784,-0.506877,0.07477436,-0.02357555,-0.35359898,-0.10511176,sport
-0.041050013,-0.29883027,-0.2815287,0.032544017,-0.2820006,0.052086238,-0.25034735,0.3390718,-0.43839088,0.34230858,-0.34312928,0.07314539,-0.049338423,0.2033386,0.0170413,-0.21355952,-0.1269061,-0.6132231,0.014400805,-0.12876672,0.47663087,0.08804469,-0.06923423,0.39390752,0.3301328,0.13434868,-0.2354279,-0.12448263,-0.009754215,0.17016555,-0.2439459,-0.3611875,-0.006979066,0.13245232,-0.108787924,-0.113429986,-0.30366123,-0.3822283,-0.030304762,0.4059635,0.2579957,0.25819615,0.3056278,-0.17010744,0.14820977,0.086088225,0.10260305,0.31739897,0.5660821,0.13448873,-0.32803124,-0.41899553,-0.19356304,-0.07110453,0.357153,-0.008807259,-0.08571698,0.7450886,0.1988914,0.24255848,-0.12615381,-0.1636143,-0.32498387,0.21639514,-0.07607107,0.12685052,0.107133105,0.00027476958,-0.082991555,0.11770153,0.15303934,-0.5748392,0.0667588,-0.3728033,0.14014146,0.06693192,0.019721534,-0.12213353,0.06943684,-0.28914124,-0.11013765,-0.23394063,-0.30264324,0.18877946,0.049639978,-0.060913134,-0.14923158,-0.09890114,0.0012026661,-0.04690876,-0.03357992,-0.24424896,-0.3531666,-0.30403328,0.051948976,-0.19755162,0.024750382,0.014401145,-0.10843354,0.002740817,sport
-0.119387485,-0.12619296,-0.06593491,-0.069945075,0.03166141,0.036858607,-0.13827945,0.17364827,-0.06342529,0.13156374,-0.47214898,-0.18729477,-0.0763053,0.28985596,-0.22813281,-0.15108363,0.39429727,-0.54198444,0.057364568,-0.3714667,0.3102063,-0.03371773,0.11528524,0.21122713,0.18887141,0.30742282,-0.2597854,0.06222297,-0.10099926,0.09599394,0.0333744,-0.23527463,0.26325545,0.25845903,-0.21824509,-0.0142433485,-0.06801349,-0.41783428,-0.096633166,0.17377274,0.100919485,0.15211378,0.3442653,-0.14567293,0.06730861,0.31421992,-0.028310997,0.17983401,0.7627595,0.08353643,-0.34485456,-0.6511402,-0.20510423,-0.2061511,-0.02355399,-0.09806883,-0.06908103,0.64525884,0.029347247,0.20412904,0.065219864,0.13328566,-0.3148316,-0.031872544,-0.014638558,0.030597484,0.15358137,-0.056755684,-0.2049966,0.28525278,0.11995744,-0.31269756,-0.0940859,-0.49904436,0.053044483,0.2733167,0.14089812,-0.13062204,-0.023491422,-0.08578869,0.2759468,-0.14365672,-0.28166878,0.21794084,0.12351128,-0.07879223,-0.02449538,0.092956476,0.20988987,-0.08011718,-0.13154338,-0.095045194,-0.29820448,-0.24800831,-0.003992304,-0.248053,0.041714408,-0.18413278,-0.45682082,0.16588558,sport
0.018615669,-0.17777683,-0.06905778,-0.07924873,0.043558862,-0.36403254,0.16173437,0.49661058,-0.13066512,0.09024124,-0.43649527,0.122169115,-0.2198903,0.15449242,0.1209434,0.00804722,0.06923666,-0.19630983,-0.09772279,-0.0050062626,0.42518234,0.15072007,0.13026609,0.38385963,0.4741467,0.1861309,-0.2687564,-0.01951479,0.07026849,0.27455083,-0.009193588,-0.063407585,0.04751185,0.3010209,-0.27589512,-0.07949804,0.008655479,-0.35720864,0.05513891,0.32913405,0.07833705,0.39620638,0.25601077,0.019536747,0.11912254,0.11232928,-0.08239322,0.19064118,0.79897296,0.08872457,-0.114544295,-0.61151004,-0.08766783,0.13843027,0.17498726,0.038275585,-0.1982057,0.6483528,0.040870357,0.11221304,-0.13889433,0.08997371,-0.42886314,0.25900134,-0.22181375,-0.018549763,0.23779689,-0.21541226,-0.11688461,-0.08027372,0.2131201,-0.3309342,0.2988259,-0.34192637,-0.1715994,0.23875922,-0.0342103,-0.15611969,0.026072709,-0.10372585,-0.077337995,-0.19217733,-0.31670472,0.18392996,0.11457541,0.070175745,-0.21679045,0.049160432,0.13157769,0.06331476,0.18403189,-0.16136737,-0.2337264,-0.39144936,-0.11934416,-0.25301272,-0.107828714,-0.14632118,-0.22022228,0.051684696,sport
-0.040122043,-0.604564,-0.14387698,0.14725807,-0.5090446,0.30377388,-0.4045688,-0.095214695,-0.40051126,-0.1481175,-0.39796293,0.057538494,-0.113267876,0.5187772,-0.32818088,-0.11483839,0.1692487,-0.33397356,-0.15915304,0.09262899,0.61942136,0.03338933,-0.18305382,0.19979773,0.31300375,0.10862995,-0.19605462,0.2778415,-0.18261082,-0.2899038,0.18991716,-0.14707136,0.12967347,-0.053867467,0.05887308,-0.098432966,-0.30991653,-0.21780615,-0.34764877,0.40969744,0.15147038,0.48067278,0.34508005,-0.12518029,0.011095752,0.091891296,-0.049628675,0.12569709,0.91488373,0.12790924,0.055189863,-0.37394798,-0.30506837,-0.11057841,0.3385434,-0.15736797,-0.024272816,0.24863742,0.33560076,0.34733245,-0.2035192,-0.35683045,-0.58136344,0.41942218,0.025796333,0.58323276,0.18131936,0.007309169,-0.15425499,0.21847855,0.34629357,-0.04515414,0.083048336,-0.79159063,0.3959329,-0.21058004,-0.12944335,-0.06536791,-0.07757782,-0.5700955,-0.47690582,-0.48062658,-0.19373871,0.27619368,0.0012938501,0.10312519,-0.038163003,-0.04056339,0.1876402,0.10754995,-0.21992187,0.2633886,-0.50698864,-0.67244047,0.45421788,0.093866535,-0.2842875,-0.078674674,-0.33973297,-0.37433794,sport
-0.18099406,-0.081452355,-0.30211157,0.2134534,0.049002588,0.21559967,-0.161962,0.08316902,-0.29304433,0.3612507,-0.564848,0.14756945,-0.17382821,0.2626848,-0.19252163,-0.049656108,0.12633306,-0.45677385,-0.26217696,0.08664867,0.38913688,-0.06697901,0.112799026,0.18614198,0.36793897,0.19946063,-0.060916673,-0.0056724935,-0.16006507,0.20589212,-0.007926207,-0.3988773,0.017753135,0.06686617,-0.3803946,-0.15387966,-0.18298769,-0.39656505,0.03235029,0.51697654,0.1579374,-0.123096116,0.38232824,-0.34256652,0.079423845,0.16834049,0.12240006,0.24517809,0.5736108,0.07877246,-0.105974995,-0.5848875,-0.07705516,-0.094088234,-0.058671053,0.22635919,-0.046259653,0.562202,-0.26733112,0.25845432,-0.2807011,-0.10052704,-0.33855513,0.3089149,-0.32703695,0.22819243,0.39692065,0.07748634,0.18673871,0.4718434,0.26640227,-0.16303785,-0.25231844,-0.27365595,0.043830775,0.01673006,0.13728029,-0.042339258,0.04145654,-0.24030732,0.11023794,-0.42357355,-0.02544867,-0.082230374,-0.008267464,-0.09060304,0.2385504,-0.033293616,-0.19923359,-0.052340586,-0.17405896,-0.09363568,-0.47388393,-0.5383253,0.09473718,-0.16005138,-0.15759404,0.19153309,-0.04936658,-0.17044136,sport
0.011986709,-0.47380647,-0.12222232,0.09016153,-0.18514748,0.2602186,-0.21136011,0.19026852,-0.23400138,0.060491867,-0.21794102,0.12813233,-0.13241236,0.40869257,-0.2534331,-0.1574466,0.068319105,-0.42274886,0.009002717,-0.082255594,0.33633685,0.093605556,0.16721845,0.27490538,0.27257356,0.35359794,-0.08309623,0.06529122,-0.1643077,0.07857508,-0.24867909,-0.3849721,0.25835901,-0.059515327,-0.17678332,-0.14189501,-0.256351,-0.16549107,-0.13291274,0.2816968,0.10900055,0.15881878,0.25221622,-0.24188821,0.058611948,0.09794213,0.09523799,0.28464958,0.64444625,0.2189153,-0.29718968,-0.40929452,-0.29292923,-0.08006515,0.04232591,-0.006459028,-0.09515135,0.5225446,0.38769332,0.33179587,-0.21231158,0.055144444,-0.3426208,0.2524108,-0.21590458,0.1382261,0.1655306,0.06933325,0.059025552,0.23239249,0.15919133,-0.2895861,0.12243691,-0.4010835,0.37982795,-0.049844954,0.022968601,-0.10745656,0.00746966,-0.2556378,-0.094289094,-0.48682705,-0.2700455,0.20849939,0.20291087,0.044951253,-0.15705009,0.021605872,-0.043266006,-0.0249037,-0.13260901,-0.22388488,-0.31727898,-0.5064086,0.2765383,-0.32986495,0.023055987,0.07990749,-0.15592028,-0.06862834,sport
-0.1539652,-0.29885483,-0.0079885265,0.026591998,-0.20937018,0.17696662,-0.16394585,0.33774176,-0.3421318,0.36940107,-0.23798026,0.16756238,-0.11733349,0.22823918,-0.008319381,-0.051257957,-0.04921269,-0.4626733,-0.024166735,-0.022714337,0.34807047,0.117673546,0.099470414,0.2740901,0.28732318,0.18465522,-0.23952109,-0.19820319,-0.16111732,0.16488831,-0.10333111,-0.42015645,0.12734468,0.11444545,-0.029194715,-0.07886798,-0.24930406,-0.23922713,-0.07402202,0.40336442,0.21661864,0.21461865,0.22101529,-0.286525,0.063870296,0.21364003,0.108415276,0.41443798,0.6292076,0.05614748,-0.24151711,-0.4145266,-0.16680273,-0.24140488,0.17149104,-0.07290954,-0.12842715,0.7495964,0.22094908,0.113396764,-0.03900792,-0.1389777,-0.24220656,0.21756634,-0.07559089,0.08404703,0.120679826,0.033324994,-0.18392503,0.1149541,0.13591415,-0.46608374,0.08171192,-0.3722117,0.14725861,0.05258233,0.060306083,-0.0862866,0.027628573,-0.32360676,0.006728002,-0.17925778,-0.39941546,0.17070737,0.10898913,0.033833664,-0.1586254,-0.020500137,-0.0071543106,-0.17127712,-0.052668203,-0.15103675,-0.22050835,-0.34763688,0.2413652,-0.036409568,0.11571099,-0.012668393,-0.2331433,0.1165407,sport
-0.0043005846,-0.08542255,-0.36087874,-0.004844888,0.007545613,0.21067934,-0.09455605,0.36871687,-0.11627993,0.36617497,-0.35540098,0.13454701,0.061560005,0.32121485,-0.017527755,-0.18098104,0.14357875,-0.49855384,-0.1670102,-0.10317247,0.44375873,0.08124102,0.3390901,0.36788073,0.17856193,0.11526851,-0.04164655,-0.04238335,-0.15406892,0.19274072,0.117249064,-0.19262731,0.2840897,0.21515004,-0.34248763,0.08673032,-0.21144187,-0.32374448,0.13831678,0.48955312,0.1776881,-0.011198499,0.12222496,-0.21852313,0.21338955,-0.022123635,0.039927103,0.26872975,0.5321875,0.28649804,-0.11155838,-0.4450137,0.055978004,-0.07551992,0.14729524,-0.011514978,-0.12218255,0.38421032,-0.20387702,-0.07977128,-0.2216406,0.044296134,-0.26157185,0.04260029,-0.16316833,0.25155595,0.08549445,-0.11227547,0.051156096,0.15883885,0.25349802,-0.28545067,-0.09860244,-0.239266,-0.059239782,0.18704747,0.12963732,-0.13864107,0.22570197,-0.25186494,0.03241416,-0.15360446,-0.23689963,0.106476344,-0.025574416,0.035880465,0.059533264,0.016844615,0.17732112,0.028960472,-0.2561025,0.030353513,-0.4023085,-0.5615416,0.092648804,-0.3184619,-0.26111403,0.061793555,-0.16964208,-0.22890747,sport
0.17388575,-0.5615855,-0.14945304,0.15592332,-0.19789913,0.13187826,-0.08755455,0.18969058,-0.14303322,0.008927712,-0.16072485,0.24443738,-0.097358145,0.34734935,-0.22568865,-0.4125084,0.40370712,-0.38966733,-0.19712147,0.025792256,0.5427084,-0.22419791,0.094524056,0.28426498,0.40242237,0.28358757,-0.23769112,0.026456596,-0.3839403,-0.03132048,-0.12022906,-0.23595239,0.25227425,0.01871689,-0.17741153,-0.16205446,-0.15853262,-0.2333423,-0.15274334,0.334002,0.17084153,0.24361621,0.3936351,-0.05507822,0.01977986,0.19764255,-0.010953115,0.32250172,0.86252195,0.1312889,-0.14499141,-0.23496896,-0.29467183,-0.051887095,0.090936385,0.024154758,-0.17556596,0.62659293,0.24767491,0.26200974,-0.36580315,-0.14005008,-0.62246776,0.23521018,-0.047229707,-0.0716265,0.29513884,0.034266535,-0.033761628,0.30649874,0.053889614,-0.045866463,0.056926064,-0.47970393,0.03767193,-0.23613437,-0.14594771,-0.16302423,-0.16097741,-0.2823261,-0.26375884,-0.45877245,-0.27749455,0.448901,-0.08434831,-0.20441929,-0.31435826,-0.17041759,-0.26889068,0.19667071,-0.107349075,-0.1452502,-0.11542555,-0.5832324,0.17142577,-0.5495441,0.01719255,-0.018735688,-0.34064618,-0.10208126,sport
-0.08259974,-0.17035976,-0.27744612,-0.09378635,0.0066738967,0.10858348,0.039542105,0.3980741,-0.13181706,0.077910215,-0.31999698,0.019038422,0.004587915,0.10545656,-0.26865348,-0.14841539,0.25955555,-0.33756888,0.1791719,-0.36238587,0.14415008,0.1104952,0.20181148,0.41316715,0.27080828,0.13421142,-0.22580074,-0.12586296,-0.29937813,-0.06306671,0.06888912,-0.13258088,0.27351665,0.28591475,-0.19671406,0.21903315,-0.17566329,-0.22086738,-0.06271015,0.49272096,-0.016239325,0.11930893,0.43636206,-0.115107745,0.11442397,0.13939483,-0.030589402,0.10260815,0.5667878,0.046869382,-0.1866933,-0.6305191,-0.059109148,-0.17176002,0.20001298,-0.036679696,-0.14015858,0.700179,-0.1285389,0.3534445,0.07628778,0.19164081,-0.33558133,0.12736718,-0.050003216,0.2507376,0.12109612,-0.122611545,-0.13549267,0.17959057,0.2052905,-0.26147982,-0.04864371,-0.27622548,0.050240543,0.11175244,0.054207314,-0.06342737,0.098001204,-0.09614958,0.1305201,-0.21964325,-0.27122808,0.2971011,0.018832423,-0.14421608,-0.038410753,-0.08926161,0.23332319,-0.19726989,-0.11928334,0.036942594,-0.23048562,-0.63267887,0.0739885,-0.105891004,-0.09054065,-0.25063974,-0.31256053,-0.0482681,sport
0.018733863,-0.62315637,-0.07859225,0.11730697,-0.44945323,0.24971938,-0.3378433,-0.0638003,-0.4016664,-0.108523175,-0.35869423,-0.08296143,-0.13808008,0.50993913,-0.3481614,-0.16002834,0.19211072,-0.24396418,-0.1768125,0.17103176,0.62360615,-0.055115063,-0.20918658,0.19368674,0.24092849,0.11038613,-0.167753,0.22841683,-0.18514815,-0.18579894,0.21099341,-0.2320758,0.07120831,0.01759329,0.02671798,-0.26699352,-0.28264582,-0.18914808,-0.31560242,0.47953346,0.096542135,0.49243495,0.45017004,-0.11154928,-0.009804525,0.26553202,0.03228422,0.16489668,0.8189877,0.16976136,-0.009990694,-0.47340617,-0.3829594,-0.10853401,0.31779474,-0.19029304,-0.028124496,0.33086684,0.35314378,0.4007693,-0.13458358,-0.38607174,-0.6590115,0.3413206,0.07162208,0.39958614,0.20788264,-0.00291011,-0.14560044,0.11150052,0.3821157,-0.101583295,0.041001875,-0.78659123,0.43755946,-0.24380475,-0.06551536,-0.019438699,-0.089098774,-0.483279,-0.48761758,-0.46558046,-0.14669362,0.19888587,0.045659557,0.102373324,-0.10688219,-0.034746524,0.17085385,0.119325675,-0.13102384,0.21255693,-0.54498655,-0.55881697,0.41394043,0.013899183,-0.20212018,-0.07720217,-0.36291412,-0.3389307,sport
0.29602736,-0.28090656,0.017232673,-0.09967114,0.117004715,0.05489247,-0.07724035,0.44098514,-0.37184894,0.23220219,-0.204993,0.030082477,-0.014337666,0.1048098,-0.18753876,0.08920197,0.18125212,-0.3004332,0.094924875,-0.30668622,0.38219061,0.08084605,0.0534156,0.4996004,0.13126656,0.17022072,-0.061875347,-0.30951613,-0.37000027,0.13144943,-0.049003463,-0.23826198,0.16364148,0.28858337,-0.04287653,0.067175575,-0.18142368,-0.51882195,-0.039174702,0.48610952,-0.14777555,0.27526185,0.6413779,-0.09580471,0.24326725,0.08170074,0.115372494,0.36821306,0.6437415,0.03580101,-0.16660433,-0.72663224,0.05011431,-0.10824022,0.07342563,0.031140389,-0.24201694,0.6171012,0.09207688,0.3973799,0.18469103,0.14540417,-0.34204996,0.09687898,0.056923363,0.025240505,0.1668583,-0.16172047,-0.2465257,0.0036429982,0.21030794,-0.3306021,-0.06221084,-0.17410667,0.13141505,0.32939726,0.022724103,-0.019736504,0.036735248,-0.10270879,0.17788652,-0.21002394,-0.07239678,0.30770332,0.12491357,-0.26225466,-0.07006482,-0.03074174,0.3458335,-0.4007281,-0.10820892,0.22594994,-0.221271,-0.3948925,0.240212,-0.13377698,-0.24259573,-0.10060624,-0.13194928,-0.015835896,sport
-0.13330114,-0.26393592,-0.28528237,0.14713742,0.043853078,0.19221759,-0.24725695,0.11101973,-0.2874642,0.33975238,-0.5171949,0.141229,-0.066632986,0.23561288,-0.18791422,-0.2345003,0.06777374,-0.33030412,-0.1659917,0.08555871,0.2945509,0.22136247,0.10431234,0.18040846,0.47423407,0.24783917,-0.1726264,0.021092694,-0.3834829,0.066764,-0.15456854,-0.24185006,-0.06870404,-0.018357838,-0.51459354,-0.072208725,-0.1977862,-0.41012532,-0.055674843,0.43510765,0.23375367,-0.12495979,0.17680773,-0.33457166,0.030960733,0.08183697,0.19089258,0.36754853,0.6272979,0.13709193,-0.038119238,-0.58906364,-0.04560452,-0.051462736,0.010395389,0.13915761,-0.12251885,0.4422594,-0.084007,0.28695053,-0.22982328,-0.14285414,-0.42172953,0.31977823,-0.24926084,0.33297884,0.37768003,0.024871685,0.32091147,0.582143,0.19543472,-0.123368464,-0.30059472,-0.36389002,-0.031123778,-0.03410584,0.16253622,0.04099881,0.2942032,-0.40801093,-0.04519385,-0.38189963,-0.14010066,0.18637095,-0.0069022733,-0.03523945,0.13021673,-0.020605149,-0.18115643,-0.13793984,-0.18646237,-0.05170142,-0.32493436,-0.5176933,-0.00563107,-0.15779558,-0.19888803,0.1933694,-0.1091368,-0.045366462,sport
-0.07058431,-0.31729856,-0.36039093,0.15388206,0.044688873,0.22685702,-0.18760946,0.1689749,-0.31881687,0.26154676,-0.5589956,0.21889511,0.035076454,0.30522528,-0.2184151,-0.15795398,0.07995558,-0.4345842,-0.16001594,0.03883568,0.36090466,0.14851116,0.15884177,0.30800834,0.43646953,0.3973095,-0.16279235,-0.057558134,-0.24362022,-0.0059941807,-0.15573025,-0.21593179,-0.08608362,0.027403016,-0.537592,-0.082228765,-0.26124892,-0.36288708,-0.09495229,0.43255854,0.16550466,0.023785725,0.23988059,-0.27253652,0.05703916,0.03776105,0.10224811,0.28358263,0.5826616,0.059638552,-0.034680925,-0.63026494,0.08241191,-0.09467991,0.07290326,0.09029941,-0.08589655,0.39742917,-0.20751874,0.18840529,-0.17161174,0.044661563,-0.3443051,0.38546485,-0.08279821,0.165021,0.36111614,0.026108168,0.30322447,0.48706922,0.10597197,-0.08218204,-0.13394378,-0.3582614,-0.025357902,-0.03055903,0.14175084,-0.024600817,0.20701115,-0.3627377,0.043407574,-0.3548066,-0.10428779,0.097023375,0.0044988766,-0.12389707,0.09301061,-0.009923524,-0.21593426,-0.05912264,-0.19392794,-0.03473123,-0.31033278,-0.42185828,-0.00486052,-0.089638725,-0.16105151,0.15473825,-0.11290444,-0.11126415,sport
0.10422445,-0.62101096,-0.2943788,0.18326503,-0.4078886,0.29092404,-0.2811421,0.0482827,-0.31659856,-0.0999066,-0.4191257,-0.16181518,-0.23408654,0.40343666,-0.35150704,-0.087637775,0.23156944,-0.32991254,-0.07891895,0.33271134,0.5584017,0.023373935,-0.11044824,0.17256151,0.38510484,0.16091305,-0.14209618,0.3305375,-0.30050853,-0.13799134,0.1672,-0.19467546,0.03787531,0.111595005,0.062171604,-0.3372909,-0.2603356,-0.14090197,-0.2682495,0.40298843,0.0994385,0.17381972,0.3645587,-0.12654324,0.024864104,0.2237564,0.074346,0.2875577,0.8134138,0.21948163,-0.02925509,-0.429151,-0.26335487,-0.104131274,0.1677788,-0.24808301,-0.104393505,0.35266086,0.3651664,0.4157798,-0.26565623,-0.2010097,-0.6888765,0.36040467,0.059253644,0.28151843,0.08069273,-0.047038056,-0.043855347,0.1517063,0.30033964,-0.19875915,-0.04597642,-0.7285668,0.56538284,-0.248807,-0.014397915,-0.05543885,-0.012454972,-0.28137758,-0.45407656,-0.43163916,-0.19764866,0.2271529,0.008893331,0.05771556,-0.25654954,-0.13876767,0.098176986,0.058835987,-0.2628827,0.3750472,-0.4409213,-0.5343302,0.2822643,-0.14543043,-0.09791725,-0.05090271,-0.24063984,-0.3098962,sport
-0.029579764,-0.47969863,-0.11911752,0.09910222,-0.21569301,0.105177335,-0.29216227,0.31291842,-0.24485216,0.23433277,-0.38802114,0.033310313,0.11151946,0.2961375,0.018952385,0.01571845,-0.1597124,-0.54440635,0.10398378,-0.2824726,0.23481694,0.27111334,0.1859377,0.40365344,0.33402497,0.13905726,-0.3702052,-0.060676374,-0.13663548,0.07563076,0.03946496,-0.35465503,0.24422647,0.13081004,-0.21849214,0.10203832,-0.032478135,-0.32427904,-0.14351715,0.63538265,0.09101058,0.1384774,0.46515256,-0.058134187,0.25999168,-0.059407547,-0.041693833,0.05705019,0.63074267,0.16465642,-0.22328798,-0.67940575,0.09362589,-0.11444513,0.2379773,-0.03459261,-0.27453548,0.548738,0.0755397,0.1621925,0.0073818923,0.12674826,-0.06967996,0.26455012,-0.085815586,0.13781427,0.093184546,-0.13938387,-0.047628004,0.27583387,0.0058299005,-0.43607715,-0.028407106,-0.3180036,-0.010133739,0.1373843,0.07791659,-0.046063136,0.13642524,-0.2150363,-0.06452564,-0.06921024,-0.18599324,0.062138394,0.33376354,-0.05642776,-0.017750163,-0.023910154,0.11173875,-0.17966636,-0.019409617,-0.014729632,-0.2513924,-0.42047775,-0.03595479,-0.09150694,0.27362418,-0.073395655,-0.17674981,0.14843692,sport
0.06742702,-0.30741897,-0.31741434,0.15968557,0.07755952,0.24549882,-0.04174758,0.04418426,-0.25932726,0.18194513,-0.43068093,0.3425793,-0.2563277,0.3631555,-0.3776257,0.060600482,0.18024483,-0.6688819,-0.27827373,0.11013514,0.41630438,-0.028073283,0.056062933,0.23603547,0.2606763,0.27701008,-0.071363784,-0.020047365,-0.123035245,0.18468416,-0.10331887,-0.18056093,0.23539373,0.082347214,-0.2941444,-0.1273176,-0.26910764,-0.22548072,0.024785856,0.29132572,0.20198397,0.29929876,0.20337951,-0.39634195,-0.12628803,0.041121043,0.10401671,0.12627676,0.6016564,0.0902524,-0.25863838,-0.4956027,-0.18689327,0.06524133,-0.093919106,0.041827224,-0.13286331,0.6125071,-0.05744524,0.28061816,-0.2729951,0.0004219109,-0.31755188,0.28232285,-0.036038954,0.1529022,0.24711499,0.06713373,0.17094812,0.27629784,0.34073773,-0.26566228,-0.12636891,-0.15356682,0.026508544,-0.0034040862,0.117350765,-0.24006124,-0.18195342,-0.28742787,0.05904939,-0.54200065,-0.1245432,0.0002079132,0.029424926,-0.008776565,-0.08806017,-0.1604249,0.07846247,0.06628098,0.05334906,-0.2812623,-0.46152854,-0.2803483,0.22645268,-0.32128167,0.11440054,0.194283,-0.016455058,-0.018126277,sport
0.15926701,-0.5497819,-0.20890997,-0.017296107,-0.33358184,0.194136,-0.2177019,0.12018488,-0.3106861,0.006426451,-0.43271604,-0.063092165,-0.091342546,0.42298403,-0.38685483,-0.28295183,0.2823088,-0.35204867,-0.23446667,0.073670715,0.65943354,-0.008046696,-0.098419234,0.21144472,0.23399948,0.23471972,-0.07530241,0.31006742,-0.1422443,-0.055627003,0.21551603,-0.33140317,0.028732978,-0.007989678,-0.013018298,-0.21720785,-0.34393093,-0.16191916,-0.13517754,0.37766656,0.10547783,0.3412966,0.3015263,-0.15336667,0.07693539,0.23152243,0.07306995,0.30680132,0.7389824,0.08408585,-0.09818395,-0.44602352,-0.36487406,-0.105383,0.18010445,-0.39842725,-0.043999005,0.59177643,0.31563672,0.2750248,-0.22248222,-0.28979182,-0.5041036,0.19168821,-0.0038521958,0.12134679,0.16582961,0.016991204,0.058212988,0.0672676,0.37831244,-0.19999936,0.07023862,-0.67919195,0.33669207,-0.19054338,0.13590235,-0.05521655,-0.26737246,-0.22309838,-0.30142948,-0.5406587,-0.17012616,0.22673325,-0.049026586,0.028227028,-0.2502711,-0.08423624,0.10114843,0.15834013,-0.11428401,-0.0222286,-0.36018166,-0.5431369,0.22512603,-0.16062246,-0.15750441,-0.04451186,-0.35513136,-0.24015005,sport
-0.06357868,-0.29289344,-0.121085286,-0.107595645,0.084825195,0.097311765,-0.10091624,0.6162147,-0.13275002,0.21163775,-0.3807381,0.063752405,-0.09689479,0.06052949,-0.14802623,-0.10697329,0.1727394,-0.3659202,0.09924798,-0.3597096,0.23372236,0.110453375,0.28656182,0.3198077,0.3346387,0.22133164,-0.32220286,-0.16567324,-0.26288795,0.0028004851,0.09096431,-0.32208693,0.12709066,0.11890028,-0.18120264,0.116171375,-0.21702687,-0.26029527,-0.117024645,0.5677657,-0.05376937,0.12923329,0.33960178,-0.18504067,0.20031711,0.020869827,-0.076628245,0.22300911,0.8589707,0.14736584,-0.25796527,-0.495573,0.092669226,-0.03658848,0.11111699,-0.0742597,-0.16145404,0.6273431,-0.038213607,0.2171813,0.15701893,0.19375719,-0.26452032,0.15660326,-0.19121175,0.026805066,0.11276193,-0.18855599,-0.14743787,0.12648344,0.17061606,-0.18474706,0.15639575,-0.28016722,-0.0057706875,0.106716655,0.13207896,0.03916712,0.23757587,-0.26211444,0.023570249,-0.12336086,-0.18725076,0.3127414,0.21149276,0.017517196,0.05210436,-0.07405178,0.27556205,-0.2666882,-0.16541825,-0.019182164,-0.08494653,-0.75444514,-0.02801784,-0.0780536,-0.11699949,-0.1868348,-0.20247608,-0.042780522,sport
0.113367766,-0.6110074,-0.1727843,0.09639518,-0.1543847,0.09848069,-0.10353487,0.22381052,-0.19184868,0.029057715,-0.22456084,0.25549436,-0.06945583,0.35889184,-0.19834626,-0.41147968,0.30496845,-0.36154768,-0.16954418,0.043943528,0.5079739,-0.21460998,0.07700798,0.37148502,0.36797413,0.22754009,-0.18425989,0.08934287,-0.38910314,-0.012613522,-0.037627812,-0.21683559,0.24524885,0.03378909,-0.14656104,-0.1346457,-0.2015208,-0.2183272,-0.20482537,0.4244912,0.20036954,0.23857218,0.34608063,-0.15392719,0.06141908,0.1975875,-0.032368597,0.25089338,0.83469903,0.19736356,-0.07597824,-0.23818052,-0.2860802,-0.09997908,0.14629239,-0.004398245,-0.11941904,0.6840668,0.24253775,0.24000627,-0.36360863,-0.09198866,-0.572266,0.24179603,-0.099168025,-0.021865062,0.27644676,0.11113894,0.04044001,0.24231683,0.07398809,-0.07692463,0.017288057,-0.5608414,0.052684236,-0.17126289,-0.09965933,-0.10427941,-0.17168343,-0.29587415,-0.24158332,-0.42828697,-0.37753844,0.37674642,-0.027465431,-0.1704477,-0.22429149,-0.16021694,-0.21374787,0.22854356,-0.120404385,-0.17235152,-0.14348485,-0.5498988,0.13200326,-0.45613357,0.013984742,0.012780711,-0.32058728,-0.112076886,sport
0.025953012,-0.3813294,-0.19741382,0.030582404,-0.11001506,0.032512255,-0.19855201,0.3111011,-0.23265181,0.19485189,-0.28064984,0.073937945,-0.026059873,0.29798916,-0.20990396,-0.0064684586,-0.10150966,-0.5755884,-0.026417496,-0.2591485,0.1780251,0.19126199,0.1431796,0.35128537,0.25738308,0.024622796,-0.43321654,-0.10424657,-0.25969198,0.15247573,0.17404045,-0.2842277,0.22979374,0.11564619,-0.16351306,0.1832955,-0.22972026,-0.35640565,-0.0944309,0.63696104,0.14644791,0.10180643,0.28601712,-0.1635766,0.23120244,0.0077373427,0.017279765,0.1847844,0.46214944,-0.042332508,-0.30179822,-0.65558225,0.11957767,-0.11853852,0.20440927,-0.039654545,-0.11766384,0.467982,-0.1731455,0.21309114,-0.045198165,0.086562626,-0.28110328,0.30163682,-0.12985745,0.057674777,0.12457766,-0.17486449,-0.063176274,0.26145285,0.064315975,-0.15638965,-0.21143885,-0.222796,-0.033167947,0.13117611,0.02649339,-0.014312503,0.16443826,-0.19788486,0.18637191,-0.08463818,-0.25036567,0.21636795,0.15586364,-0.08453218,0.03161016,0.044775628,0.030418046,-0.065090545,-0.11886092,0.12182465,-0.15472528,-0.5688692,0.046429515,-0.13459185,0.04080257,-0.08338074,-0.18246426,-0.026755685,sport
0.07308833,-0.15398778,-0.18470825,-0.01360637,-0.020108448,0.13045591,-0.12085474,0.32400647,-0.16018146,0.1579218,-0.50002027,0.27640694,-0.02168436,0.27448508,-0.10714054,-0.15696767,0.09929473,-0.4903482,-0.10548601,-0.12920146,0.30072471,-0.04364631,0.07982483,0.32901242,0.30556282,0.24855915,-0.3677747,-0.00024179257,-0.114233136,0.19233005,0.016014414,-0.19671173,0.12603185,0.023975061,-0.29318026,0.013229092,0.11157749,-0.31316164,-0.090869434,0.5842458,0.022373453,-0.013769147,0.22212267,-0.14199433,0.1646579,0.15220334,-0.021463787,0.10740001,0.6414157,-0.025975386,-0.19304766,-0.6872459,0.06692936,-0.20284766,0.038244944,0.15240781,-0.13815783,0.45391,0.0097423,0.20263451,-0.10804044,-0.041035622,-0.26705715,0.2847134,-0.023985457,0.24161464,0.2785549,-0.11027807,-0.08717247,0.37627065,0.029582204,-0.06401519,-0.0057216547,-0.34467566,0.019568538,0.044980533,0.17002319,0.009259103,0.21158144,-0.29223675,-0.022649903,-0.14229418,-0.1750908,0.10555516,0.09807918,-0.043209117,-0.021041384,-0.022698127,0.039217744,-0.03108738,-0.24859256,0.013438226,-0.14674403,-0.44099516,0.04711854,-0.13111761,-0.07460754,-0.14180164,-0.18372586,0.013030004,sport
-0.075251564,-0.39064956,-0.2413496,0.22341695,0.04338825,0.0826013,-0.3056157,0.08857028,-0.32852277,0.2841343,-0.5524853,0.19596744,-0.07791272,0.17533778,-0.36573985,-0.23927307,0.13000047,-0.28999448,-0.2617909,0.124047734,0.36402372,0.14149797,0.011101951,0.29578954,0.45410162,0.25258464,-0.112459354,0.03655171,-0.30615872,0.07226224,-0.08674709,-0.26922894,-0.13359362,-0.03734417,-0.4373602,-0.12886022,-0.21519287,-0.34187752,-0.17723769,0.41165894,0.18735197,-0.012627088,0.21253666,-0.4271579,0.13788745,0.075775534,0.2491018,0.36565083,0.6289073,0.23085418,0.043788373,-0.56140643,0.0012223017,-0.090336114,-0.06951485,0.024671309,0.034497183,0.5966117,-0.12039733,0.34108394,-0.13805242,-0.0656455,-0.41926408,0.30351833,-0.17907436,0.28981322,0.45180565,0.11836865,0.35083842,0.589026,0.1025125,-0.05107831,-0.2885327,-0.36086982,0.09453118,-0.065397575,0.17099777,0.045595594,0.20722027,-0.4422214,0.07190019,-0.41256085,-0.17143258,0.25910273,-0.032342415,-0.06279888,0.17964318,-0.037954804,-0.20662844,-0.060992118,-0.27054286,-0.016849777,-0.37074834,-0.52451074,-0.04134313,-0.14368045,-0.2787997,0.19810246,-0.10293001,-0.00094875693,sport
0.28409478,-0.30019817,-0.23058526,0.27186438,0.014988334,0.2854202,0.057150785,0.1918238,-0.18100011,0.29030618,-0.42414036,0.24481581,0.29931328,0.54947317,-0.010161386,-0.19957139,0.04567076,-0.7948304,0.010246373,-0.19768237,0.31706148,0.18070216,0.25696543,0.21313518,0.29513577,-0.054938562,-0.45262015,-0.18127829,-0.36106318,0.06852378,0.03363053,-0.13623402,0.41366693,0.12014289,-0.39255673,0.0028117811,-0.25488484,-0.24736679,-0.036517415,0.49936163,0.32473952,0.16435376,0.47241384,-0.32414657,0.19065142,0.35523108,-0.15749645,0.071040966,0.6341084,0.32019123,-0.27572912,-0.7723733,0.16132805,-0.08866619,0.14307997,-0.07688748,-0.050584093,0.490194,-0.09178421,0.1072574,-0.3858634,-0.08605159,0.1242946,0.31509954,0.28520727,0.3126764,0.10835935,-0.1368294,-0.18328716,-0.0049073547,-0.10921804,-0.3044369,-0.34726748,0.016284838,-0.04491213,-0.054105166,0.10612206,0.116410926,0.22839254,-0.19218495,-0.3247529,0.07605876,-0.3201458,0.022895375,-0.07923701,0.21806803,-0.17180759,-0.017582536,0.18168886,-0.4439052,-0.46420285,0.116343625,-0.16701515,-0.36278543,0.32297942,-0.38873994,-0.006599975,-0.20685875,0.049334697,0.14847124,finance
0.27397153,-0.28737584,-0.27940205,0.22495162,-0.07130031,0.264257,0.06968711,0.15913208,-0.20044084,0.2901059,-0.45954138,0.28635225,0.26539162,0.45881036,0.043673642,-0.19541039,0.04408654,-0.7911117,0.0068566394,-0.22711012,0.32264087,0.2568828,0.32401404,0.13403152,0.28062314,0.01410158,-0.52977425,-0.19588584,-0.25835747,0.13367172,0.09431833,-0.18274732,0.33439204,0.2371818,-0.40676317,-0.0019461735,-0.2740453,-0.21475634,-0.0413514,0.51021296,0.30780858,0.216714,0.51506007,-0.31084573,0.19221894,0.27219018,-0.13268958,0.07275307,0.63963217,0.29513085,-0.3399193,-0.7394914,0.17262404,-0.061094563,0.16045049,-0.10313908,-0.026447825,0.46910363,-0.1347806,0.13397473,-0.38086623,-0.0732219,0.024517,0.2735982,0.23969653,0.31685334,0.07805564,-0.109798774,-0.14794146,-0.023895832,-0.077280946,-0.28453168,-0.34821212,-0.068836585,-0.10915294,-0.080958866,0.12431394,0.13214491,0.15978202,-0.17411342,-0.3612873,0.10881668,-0.27106997,0.0073216837,-0.08354906,0.23610194,-0.20410329,-0.038627226,0.15728064,-0.31693488,-0.41713935,0.07952565,-0.23816389,-0.34402454,0.24607335,-0.44956812,0.009046326,-0.2120401,-0.0014814968,0.09769633,finance
0.05022466,-0.17041862,-0.17703038,0.036634885,-0.4182113,0.07704659,-0.14388712,0.2180586,-0.17815956,0.18238823,-0.20958623,0.23488438,0.07969196,0.26581323,0.028084477,-0.07239751,-0.032994512,-0.5576985,0.070809595,-0.35420316,0.21001403,0.14894898,0.36648247,0.21482632,0.3024989,0.2305113,-0.2719031,-0.13883927,-0.13326868,-0.099919334,0.060725454,-0.2833644,0.22704633,0.16504489,-0.22922333,0.18084632,-0.25424328,-0.28263697,-0.016667204,0.4557029,0.23996225,0.07626552,0.53904736,-0.2943491,0.19067408,0.052015007,-0.032261856,0.26733598,0.74895275,-0.016594626,-0.09976205,-0.67745674,-0.37076142,-0.10241223,-0.0038161657,0.014425272,-0.18361096,0.25812298,0.037121635,0.34296238,-0.079375006,0.13699609,-0.12569682,0.41305774,0.24729933,0.4799969,0.30433547,-0.1320541,-0.17886801,-0.06359974,0.25532806,-0.20545991,-0.06055938,0.04404841,-0.014765634,0.0052455226,0.108059116,-0.01802724,0.021722248,-0.21700712,0.10665293,-0.12701847,-0.29233164,-0.057012957,0.008598593,-0.019616863,-0.18659937,-0.0766272,0.0934738,-0.35701075,-0.26823795,-0.03786484,-0.2289916,-0.34764788,0.06918884,-0.35178858,0.25138262,0.15069783,-0.18673147,0.014337727,finance
0.39590573,0.007340598,-0.13807045,0.40710604,-0.3048253,0.13385892,-0.7941596,0.23430653,-0.13211173,0.13598675,-0.7142173,0.2375449,0.049209177,0.32140154,0.038622413,-0.16182125,-0.19941722,-0.28952354,-0.23096447,-0.5501442,0.36824176,0.15370244,0.1661359,0.3321482,0.33312804,0.3122085,-0.21012427,0.0044066454,-0.189083,-0.030650549,0.08529662,-0.31129298,0.46125337,0.59381217,-0.3350285,-0.072652295,-0.34888738,-0.07210117,0.1838236,0.1984747,0.54736125,-0.0023525148,0.17851451,-0.5944209,0.37678337,0.047765087,0.08675772,-0.046532817,0.71765286,0.15139462,-0.12509929,-1.0973076,-0.3624748,-0.25768098,0.25421384,-0.10307492,-0.2054034,0.38238317,-0.14735243,0.012796218,-0.22214665,-0.083944194,-0.5395206,0.20143148,0.40533105,0.5403371,-0.03769982,-0.038014587,0.10447586,0.2369132,0.21088123,0.19511388,0.0005223436,-0.33385926,0.47629204,0.04455779,-0.085125595,-0.2592534,-0.32443863,-0.3570803,0.052692637,0.19305578,-0.37063336,-0.01572501,-0.19074951,-0.18958327,-0.44233066,-0.28383365,0.28116176,-0.27166718,-0.5568656,-0.08026628,-0.043905552,-0.37341136,0.012533361,-0.5093355,0.41215664,-0.24727824,-0.28078207,0.03480555,finance
0.14035548,-0.36859453,-0.18300675,0.19711496,-0.24636368,0.16016836,0.17755847,0.137184,-0.024716085,0.32653996,-0.71334934,0.44025004,-0.2626865,0.43172324,-0.029208489,-0.18892378,0.26213372,-0.58496207,-0.23966862,-0.154058,0.48573205,0.27787232,0.1921696,0.3012387,0.21662186,0.34743506,-0.3913887,-0.21039265,-0.13632314,0.023547748,-0.15002735,-0.2709169,0.19993363,0.050760116,0.051802114,0.0048744394,-0.05539699,-0.49448362,0.01863374,0.23298253,0.011889918,0.1035662,0.354803,-0.41188025,-0.2044505,0.14429565,-0.01789626,0.062357716,0.7368651,-0.22166406,-0.10748094,-0.926644,-0.0027974872,-0.08468062,0.15360233,0.3788437,-0.15309116,0.12808788,-0.0052718967,0.12419005,0.26277554,-0.08130348,-0.082218066,0.023375139,0.3385639,0.17499144,0.24713531,-0.026847495,0.14806092,0.15616724,-0.03502393,-0.26467162,0.02799526,-0.14728212,-0.08774652,0.0521388,0.18314317,-0.21931659,0.14404513,0.027528606,0.03858035,0.10277987,-0.35374898,0.0013993293,-0.022983674,0.10030801,-0.24690776,-0.0075563625,0.06447675,0.16519926,0.09208336,0.10344237,-0.28117892,-0.2539284,0.14439054,-0.28356165,-0.13788734,0.21664448,-0.11410563,-0.0055703893,finance
0.34747696,-0.1665587,-0.37523052,0.16794245,-0.10753115,0.35618883,0.06343846,0.16426317,-0.30429718,0.23369302,-0.45178357,0.316325,0.20788997,0.44419986,0.107779995,-0.12944278,0.028752906,-0.7605672,0.07722667,-0.23090966,0.29149586,0.11996562,0.3125943,0.2714799,0.25144243,0.079668984,-0.529753,-0.3266491,-0.31871942,0.22379711,0.0798223,-0.21296836,0.34987634,0.12297956,-0.32103112,-0.061874185,-0.2762668,-0.24012731,-0.13021815,0.53234226,0.1863059,0.08093883,0.45798063,-0.34832624,0.19126412,0.27703118,-0.08219736,0.21913987,0.6209532,0.25159514,-0.34845597,-0.6496549,0.0024341596,-0.08984618,0.17371653,0.055136736,-0.1552218,0.4022918,0.07184553,0.14652988,-0.2977589,-0.008432061,0.017328726,0.37730098,0.25544813,0.12703273,0.12550339,-0.055006284,-0.087214574,0.027441164,-0.03418462,-0.27998152,-0.39241213,0.0029267794,-0.14979139,-0.13526854,0.07255971,0.15008631,0.27183968,-0.19929278,-0.38827598,0.13278246,-0.29884323,0.14716357,0.12274262,0.20455351,-0.30254877,0.03859206,0.19920409,-0.34998706,-0.43411055,0.11159538,-0.16377774,-0.41743153,0.22637218,-0.3400399,-0.13980988,-0.1695039,-0.027365485,0.117500894,finance
0.17116012,-0.33312005,-0.27853715,0.38508177,-0.018960038,0.3702054,0.2362419,0.16403009,-0.23644231,0.25826564,-0.42260978,0.17817506,0.29128444,0.4252157,0.13071202,-0.19064938,0.10781805,-0.63530564,0.113521926,-0.31067842,0.21620393,0.23823614,0.33122742,0.07884058,0.32841986,-0.026722496,-0.46540275,-0.20881252,-0.40752602,0.16340873,-0.041700676,-0.16772358,0.26440352,0.14013012,-0.18816191,-0.033061076,-0.27599585,-0.3714181,-0.05099796,0.4112667,0.2518819,0.3788537,0.5767537,-0.28774512,0.19919153,0.2130196,-0.03699947,0.11024885,0.82097715,0.2624135,-0.3077116,-0.8406054,0.12650976,-0.08295828,0.06521025,-0.07009854,-0.16245674,0.38817945,0.06605146,0.119569205,-0.35551804,-0.0954639,0.11127412,0.17633004,0.17964298,0.19692938,0.17997181,-0.23110218,-0.19732226,-0.09499233,-0.15760669,-0.48275703,-0.42639026,-0.05130983,-0.27469182,-0.1102596,0.11143934,0.25807425,0.18316571,-0.25595054,-0.20796995,0.06680714,-0.24688387,0.08961106,0.047594696,0.2261742,-0.1842522,-0.015272583,0.108025506,-0.43448934,-0.27113846,0.061641213,-0.09506479,-0.36711815,0.30162653,-0.3241236,0.013147108,-0.30512998,0.012965846,0.095135584,finance
0.20620506,-0.2112718,-0.46179682,0.26204553,-0.165597,0.48249894,0.12719308,0.12860124,-0.31795764,0.3053899,-0.56110793,0.27270564,0.29017633,0.3854033,0.13268943,-0.16801623,0.113323234,-0.7349688,0.11631957,-0.19030127,0.2808347,0.21768878,0.33723587,0.17420177,0.32617316,-0.026578268,-0.4595955,-0.26849914,-0.3030005,0.20139667,0.03704147,-0.24197131,0.30946472,0.18749976,-0.31142268,0.027716354,-0.2015109,-0.36068785,-0.09506494,0.398908,0.2726337,0.17287233,0.575828,-0.3584319,0.14235623,0.18357345,0.045650005,0.20498246,0.7493968,0.21331528,-0.34922394,-0.56531864,0.05204256,-0.14665464,0.12027847,-0.042778235,-0.14543106,0.39537093,0.12525342,0.13629545,-0.28624052,-0.023541126,0.12018143,0.32242614,0.27449083,0.14780569,0.109079346,-0.20146118,-0.10566113,-0.046850566,-0.02894279,-0.3384792,-0.3363483,-0.07846052,-0.22661158,-0.21180728,0.13676144,0.14612782,0.2663781,-0.29212204,-0.3562079,0.0312554,-0.29988417,0.08097007,0.10257059,0.2500088,-0.2888339,0.012904535,0.14497086,-0.31981084,-0.4083681,0.12893693,-0.10159581,-0.320853,0.2372163,-0.36163706,0.02052382,-0.24868752,-0.09217187,0.13477372,finance
-0.01932372,-0.19799493,-0.24893886,0.11269282,0.26783645,0.22791289,0.019716624,0.24519143,-0.03262986,0.15341747,-0.38611114,0.24027358,0.29851592,0.40929455,0.052738957,-0.30859202,-0.033384312,-0.59881014,-0.20013596,-0.10015358,0.15993296,0.19932203,-0.011813938,0.38168433,0.20178406,-0.14439036,-0.15546656,-0.16787073,-0.31942514,-0.20462497,0.1686752,-0.42767787,0.31280842,0.05440175,-0.35669953,-0.0550878,-0.10769123,-0.5041843,0.11184695,0.3153352,0.33192253,0.19870424,0.29056072,-0.44958022,0.33602557,0.19165707,0.07239216,0.33639625,0.73561525,0.15856294,-0.33893272,-0.7267179,0.23740253,-0.12166268,0.01980444,0.09522483,-0.4962788,0.30671388,0.11102419,0.18879697,0.03561643,-0.14226755,-0.084530614,0.23910463,0.0818049,0.4272597,0.302424,-0.06871366,-0.3950369,0.029600041,-0.10807531,-0.21597613,-0.11336238,0.032691836,0.053549465,-0.2986743,0.14389957,0.27447578,0.39242318,-0.1116548,-0.017848585,0.094019145,-0.33185223,0.3675014,-0.04066748,0.18407348,-0.2395764,-0.35486248,0.33399048,-0.2415887,-0.5052309,0.067168884,-0.15756558,-0.31380352,0.34446952,-0.12249384,0.040530488,0.00031566864,-0.34446138,0.014475941,finance
0.14545546,-0.11340622,0.011008812,0.14645542,-0.23044582,0.10369941,-0.094339475,0.29586458,-0.29593945,0.06459883,-0.3683593,0.23637272,-0.06751092,0.3501241,-0.32097685,-0.07677907,-0.029945768,-0.63169885,0.13208985,-0.2948002,0.45162463,0.15737532,0.21516494,0.041942373,0.3151197,-0.06816654,-0.55174196,-0.12613529,-0.3834421,0.019359339,-0.08073505,-0.24035208,0.33093286,-0.0639753,-0.26634264,0.054273304,-0.11033003,-0.24146962,0.10428358,0.6172541,0.42064625,0.11974912,0.621969,-0.2881992,0.08479351,0.2518976,-0.083589315,0.17633502,0.29227298,0.09016216,-0.13213001,-0.89890313,0.24008682,0.15955117,0.14422725,0.08140664,-0.1559783,0.7052923,-0.13710491,0.34518495,-0.32817423,0.014868337,-0.042521007,0.473962,0.31208384,0.20695047,-0.020508625,-0.09313302,-0.4207001,0.21662098,-0.19889121,-0.19509007,-0.32340604,0.2278096,0.19597402,0.0208358,0.08267131,0.004863129,0.108560205,-0.3361935,-0.029515602,0.2844299,-0.23104335,-0.10128932,-0.20678277,0.04290284,-0.22291088,-0.07055146,0.07108732,-0.23998383,-0.37052897,-0.040867876,-0.48059747,-0.30785063,0.10460059,-0.4559386,-0.10912953,-0.07115508,-0.05101658,0.0876715,finance
0.18848388,-0.24918741,-0.229996,0.14017045,-0.015926141,0.19637409,-0.08316761,0.08237491,-0.100256,-0.011558622,-0.3545521,0.103704154,0.19962539,0.28864068,-0.0046433844,-0.2126172,0.008751535,-0.4792085,-0.20490989,-0.49768415,0.26783934,0.27125937,0.124811135,0.3311572,0.36931324,0.15353027,-0.48849246,0.277793,-0.10683879,-0.20937645,0.23871352,-0.21268634,0.06295373,0.058167543,-0.26294905,0.0007027883,-0.19408911,-0.36887282,0.02851674,0.43801114,0.09332348,0.21570756,0.4174093,-0.3123709,0.18837687,-0.060208317,0.05775585,0.20560798,0.76615393,0.011515237,-0.37496027,-0.8475172,0.14514427,-0.3563511,0.10048156,-0.009917477,-0.018077556,0.17100394,0.07366454,0.3074799,0.012868864,-0.03893527,0.25514567,0.21071197,0.23683226,0.27367824,0.40086037,-0.053789325,-0.6299662,0.013322521,0.005539235,-0.10045061,0.0021648773,-0.22066161,-0.18328533,-0.1912089,0.16743985,0.08999555,0.20576009,-0.2665785,0.24911895,0.13676268,-0.3866122,-0.02795212,-0.080762915,0.06636135,-0.2274981,-0.1738321,0.112715825,-0.1815147,-0.27472705,-0.11235282,-0.081043705,-0.43909022,0.13405402,-0.34622753,0.10496889,0.09825036,-0.18267445,-0.18141767,finance
0.0979709,-0.2463091,-0.05014235,0.32675174,0.011268642,0.19895081,-0.14482686,0.1689852,-0.02954384,0.09217529,-0.57644856,0.2144809,0.2555425,0.25897914,-0.16796409,-0.047818027,0.086644754,-0.624212,-0.033626176,-0.033808134,0.102570385,0.11643259,-0.013298777,0.19427781,0.23045015,-0.048984606,-0.33171564,-0.08836479,-0.31728563,0.16319002,0.020113735,-0.117177516,0.42079112,0.24499328,-0.4335266,0.008848711,0.009253291,-0.31808957,-0.06943963,0.35115853,0.53777343,0.35270298,0.4240445,-0.19689222,0.11521327,0.20477282,0.11703731,0.109246954,0.5789087,0.28190312,-0.33501962,-0.80978173,0.31746423,-0.07459374,0.06553012,-0.12855363,-0.40651822,0.47961584,-0.1824442,0.033421878,-0.2845601,-0.06965919,0.035659004,0.29045781,0.08946261,0.39862552,0.16674256,0.01669338,-0.46220258,0.25059828,-0.084625185,-0.28589824,-0.0038868382,-0.034586277,-0.10143145,-0.27598232,0.22000715,0.2420962,0.31422028,-0.24475017,-0.04743876,0.09769926,-0.44506994,-0.013039772,-0.13524716,0.08951182,-0.1094991,-0.3008743,0.20507176,-0.27580485,-0.5192513,0.117650434,-0.276313,-0.31586143,0.4432793,-0.019578906,0.36140803,0.025582805,-0.30040437,0.22393982,finance
-0.0038478381,-0.23956212,-0.28582603,0.17233886,0.13464063,0.15926757,-0.0063233194,0.2295679,-0.102409035,0.07213952,-0.461512,0.2548812,0.17111206,0.348275,0.119587824,-0.20959438,-0.054595288,-0.5643186,-0.17984934,-0.12585378,0.2973975,0.22128303,-0.0071011055,0.2934744,0.22202297,-0.040561322,-0.124061726,-0.1677117,-0.30939984,-0.14961684,0.063419744,-0.40243345,0.27437273,0.18264621,-0.35767505,0.02473361,-0.10452246,-0.35352686,0.13671613,0.3523125,0.42680985,0.080491506,0.32218248,-0.37746623,0.26738116,0.081441656,-0.020720093,0.34657595,0.73659575,0.17386138,-0.29930663,-0.7123045,0.1770593,-0.12749176,0.040707234,0.11479081,-0.47134948,0.388056,0.12049206,0.17533924,-0.041846074,-0.12317729,-0.0023328227,0.23818392,0.12781638,0.4596648,0.20414925,-0.10119848,-0.3067162,-0.00026002104,-0.048750352,-0.18370397,-0.038672037,-0.09193377,0.044827297,-0.28587553,0.10016576,0.19234197,0.36775014,-0.21712758,-0.030804722,0.17620297,-0.24076903,0.21603073,-0.040704843,0.060393713,-0.24521574,-0.2112587,0.16741632,-0.13239665,-0.5296914,0.038891546,-0.16977464,-0.3399457,0.2787888,-0.19299123,0.14242326,0.011607886,-0.34017697,-0.018484067,finance
-0.2113579,-0.32704037,-0.45918846,0.25115138,-0.17934236,0.33583516,-0.0018246099,0.058304764,0.2223936,0.17981973,-0.24497971,0.25535932,0.019859934,0.43365878,0.0037877175,0.107124664,0.12994146,-0.4837958,-0.09912834,0.072506234,0.29203033,0.08855561,-0.16196272,0.32402888,0.008358031,0.21730928,-0.03459995,0.07230419,-0.19697675,0.056264438,-0.24538092,-0.21499383,0.050228298,0.138562,0.047722317,0.02599749,-0.05359497,-0.0013566595,-0.05912265,0.09613832,0.034489147,0.26097482,0.17132391,-0.1539739,-0.011168836,0.16073826,-0.06925579,0.3160621,0.7083489,0.055197082,-0.2740906,-0.370757,0.090618305,-0.09748645,-0.023775708,0.050584514,-0.12413238,0.5431455,0.059731383,0.21359587,-0.033117216,0.09440807,-0.32714212,0.22058132,-0.12611628,0.39001787,-0.0456342,-0.0235755,-0.2845727,0.22594988,0.020466885,-0.1898435,0.029432613,-0.60444826,0.27549168,-0.17460887,0.07436649,-0.22814587,-0.11272087,-0.08450276,0.3617526,-0.4842915,-0.24193692,0.3590054,-0.23558271,-0.099810146,-0.26771432,0.031663727,-0.11579144,-0.05196319,-0.359744,-0.10973718,0.27791303,-0.29369432,0.2691439,-0.09607284,-0.10447316,-0.060264695,-0.23689635,0.043804314,finance
-0.14716409,-0.3156541,-0.3298508,0.35852736,0.11090298,0.112814166,0.3238088,0.17091389,-0.34659678,0.13905568,-0.20698754,0.07657661,0.2324144,0.3987259,-0.104598075,-0.13844438,0.07220295,-0.49320278,-0.19733317,-0.019775366,0.3440333,0.13854848,0.025723143,0.35344717,-0.0887053,-0.08770051,-0.22475135,-0.19697794,-0.23522337,-0.1483838,-0.008501236,-0.30773285,0.28705576,0.26158246,-0.2755546,0.05914799,-0.45278564,-0.39193532,0.23266281,0.549637,0.2146113,0.19059521,0.42039904,-0.27335417,0.11375412,0.0254492,-0.006311825,0.15683766,0.587722,0.13915531,-0.32196134,-0.7663075,0.0495955,-0.085291594,0.03463351,0.17310128,-0.5766145,0.34798497,0.09903654,0.2007775,-0.0888287,0.00626905,-0.1694619,0.23185222,0.14145727,0.6350049,0.18703014,-0.13846858,-0.08446465,0.15784673,-0.040336564,-0.15682648,-0.12067131,-0.033945512,-0.19236706,0.13066056,0.14699745,0.16526812,0.1927673,-0.35478234,0.1943174,0.03173606,-0.2435344,0.25659934,-0.16462797,0.15066966,-0.2595838,-0.16004714,0.18640764,-0.18378049,-0.27570912,-0.07906699,-0.25493285,-0.38032117,0.50037336,-0.12573685,-0.038386557,-0.048155095,-0.106393375,-0.061768074,finance
0.005537338,-0.296045,-0.46928373,0.34448814,-0.18828504,0.30960336,-0.1543897,0.50494885,-0.26223633,0.2749241,-0.45629573,0.09021408,-0.18423243,0.166323,-0.13987797,-0.2751778,0.22363405,-0.5498978,-0.18636906,-0.2639865,0.21522307,0.14217599,0.0013843193,0.26035747,0.3066979,0.19965917,-0.25375378,0.20286214,-0.015679324,0.034447767,0.25180623,-0.20998739,0.25171348,-0.05435096,-0.122646414,-0.008806246,0.12076311,-0.10028367,-0.04847362,0.7110228,0.09331426,0.07089039,0.25530523,-0.17347254,0.382658,-0.07175604,-0.039820783,0.21601811,0.53191763,0.094512664,-0.14139915,-0.51118314,-0.042019818,0.14052255,0.108291365,0.061832875,-0.19880609,0.20934139,-0.10067224,-0.07997573,-0.26098755,0.05908027,-0.42739415,0.29172888,0.13786033,0.024067704,0.2541905,-0.06345306,-0.27559957,0.083104,0.1906208,-0.06876669,0.12156497,-0.20882961,-0.031162413,-0.21845464,0.0005878555,-0.036398977,0.07254018,-0.3671494,0.35908198,-0.20045996,-0.30273786,-0.020967986,-0.25510624,0.27626583,0.17040099,-0.1000219,0.24925819,0.15219913,-0.48900336,-0.06598789,-0.016552486,-0.4560166,-0.035159808,-0.14928743,-0.26595104,-0.07669233,-0.38886362,-0.039424337,finance
-0.2063345,-0.24861123,-0.48013508,0.17733686,-0.23217022,0.36264256,-0.09119002,0.22683175,-0.1700413,0.3368276,-0.38866737,0.09569184,0.08452716,0.29405767,-0.015756875,-0.35344058,0.1486263,-0.558593,-0.115120575,-0.17891271,0.47648996,0.23415671,0.008763501,0.15277234,0.28051576,0.07478074,-0.23421231,0.18936725,-0.21768996,0.048401732,0.11303217,-0.25178778,0.22946097,-0.09933575,-0.034792498,0.13686942,0.20808205,-0.05412749,0.009063295,0.43914032,0.026503893,-0.0021278795,0.22968724,-0.1289519,0.35235503,0.05691096,0.12478355,0.1416224,0.528383,0.013689346,-0.18265855,-0.5861495,0.051476654,-0.078752324,0.090461776,0.18388891,-0.28330076,0.20460294,0.025790324,-0.037816577,-0.22396691,0.014689567,-0.39178437,0.17806235,0.13599882,0.25538132,0.2590901,-0.26843452,-0.24399768,0.29987374,0.07648576,-0.190856,-0.076672636,-0.2938545,0.10358716,0.014144866,0.15823887,-0.11354525,-0.06535558,-0.4069245,0.30952686,-0.28929994,-0.28372002,0.00553048,-0.17276204,0.10357446,0.09364807,-0.037696272,0.29069784,-0.018130073,-0.43384057,-0.002096044,0.062499955,-0.36630332,0.23154874,-0.19659752,-0.19347428,-0.22057556,-0.36406964,0.03989859,finance
0.16831017,-0.5345976,-0.33331907,0.23788619,-0.10826035,0.19039808,0.0624917,0.25749886,-0.21509807,0.36724553,-0.43472776,0.2672045,0.06448233,0.28489015,-0.11555399,-0.25169438,0.230404,-0.5574588,-0.0853721,-0.22638787,0.37445235,0.20127286,0.34178108,0.239669,0.36277497,-0.10243953,-0.24174714,-0.042904105,-0.13438432,0.19936576,0.07538689,-0.12180726,0.28292018,0.072084695,-0.26331028,-0.1443466,-0.0031955577,-0.33855775,-0.13216329,0.4534345,0.040544894,0.11546703,0.3693211,-0.26733473,0.33131975,0.23039083,-0.0039621424,0.11296612,0.3676995,0.23720351,-0.2658591,-0.59330386,0.2447837,-0.21929955,0.06722585,-0.069964655,-0.14261888,0.15599118,-0.026446968,0.06666904,-0.11101117,0.044121742,-0.23436013,0.1417649,0.18060203,0.5102114,0.18026061,-0.28757793,-0.01740114,-0.020236254,-0.033953574,-0.04180837,0.0030332338,-0.13255692,0.056585122,0.0152084725,0.086626574,0.05725454,0.057230495,0.019197969,-0.04780758,-0.122517,-0.24294391,-0.04309325,-0.21716033,0.17227474,-0.09496768,-0.28244543,0.14773354,-0.036825962,-0.23967999,0.07869907,-0.24570225,-0.2629756,0.028183144,-0.4884399,0.031196931,-0.22968991,-0.29942536,0.14359878,finance
-0.2672657,-0.2747064,-0.49832502,0.11830997,-0.29265535,0.257453,-0.18215293,0.18987153,-0.15321675,0.22391967,-0.37789366,0.052407734,0.14326918,0.13669793,-0.19097237,-0.46417072,0.24582043,-0.55791545,-0.107799955,-0.30380645,0.31121948,0.2211901,0.324338,0.1778557,0.26958784,-0.11197924,-0.17331526,0.013799633,-0.041363742,-0.026708862,-0.005044786,-0.4187372,0.2354569,0.16438843,-0.31019476,0.14717104,-0.081601515,-0.3066895,0.040323228,0.47997278,0.07019544,-0.05969237,0.078191385,-0.14028293,0.47502545,0.068409584,-0.13387787,0.20706306,0.62901163,0.100689374,0.06536141,-0.67293906,0.07797755,-0.066829644,0.19163829,0.015729798,-0.2449229,0.22007364,0.016199386,-0.05778406,-0.28695068,0.11050461,-0.22147414,0.18087383,0.2517297,0.25146252,0.19991164,-0.24639305,-0.081629075,0.29804963,0.14026381,-0.16185829,-0.076352425,-0.3014802,0.01813749,0.0442071,0.15311596,-0.29587087,-0.004961328,-0.403209,0.2594538,-0.14048168,-0.20242,-0.08354964,-0.254436,0.08363989,0.15146099,-0.057010107,0.26990193,-0.18859822,-0.55674905,0.06317341,-0.019120092,-0.27663156,0.13579232,-0.38621074,-0.031082975,-0.07270203,-0.27896684,-0.14507693,finance
0.057694543,-0.31896102,-0.35036644,0.47753906,-0.17449299,0.36192372,-0.26875246,0.43769416,-0.2423477,0.39758712,-0.36617884,0.15642664,-0.09977942,0.21532767,-0.07741404,-0.24799798,0.27296424,-0.3360741,-0.17154115,-0.30295685,0.33254156,0.15173103,0.020020096,0.15180072,0.46424535,-0.06233503,-0.2837206,0.12922,-0.1078077,0.08362375,0.21381572,-0.14519186,0.31810558,-0.18328416,-0.097558886,-0.1175008,0.271357,-0.11862961,-0.11616141,0.5233098,0.07572881,0.011655755,0.16159357,-0.29888937,0.33169568,0.0164674,0.07996198,0.2377971,0.40292203,0.19780557,-0.20174937,-0.59307504,-0.040673535,-0.13328286,0.13718076,0.085571036,-0.21434027,0.16256055,-0.18999289,-0.12270074,-0.12967913,0.064697415,-0.5802754,0.26831383,0.20150699,0.1512346,0.23884219,-0.17740159,-0.14552024,0.16292435,0.1662329,-0.11993112,-0.07171894,-0.2685382,0.067321196,-0.11334434,-0.021945143,-0.16798256,0.112568974,-0.4710288,0.39178073,-0.20564663,-0.32465535,0.030890077,-0.2741728,0.24843463,-0.07846318,0.08627549,0.15255968,-0.08160173,-0.43598905,-0.10402853,0.01760577,-0.3417634,0.17848848,-0.23287942,-0.21696794,-0.14616801,-0.40909612,0.027990265,finance
-0.12601215,-0.2174415,-0.61169976,0.2936607,-0.1920831,0.35830367,-0.17192712,0.38910258,-0.4194966,0.3067791,-0.4084394,-0.010215174,-0.16499685,0.18904439,-0.26329944,-0.20069839,0.3137953,-0.52383184,-0.13522017,-0.26915154,0.24598527,0.30403402,0.00794312,0.21990597,0.24098141,-0.056830645,-0.16690499,0.06985352,-0.13878082,-0.03978884,0.14720878,-0.17969659,0.24835046,-0.036402747,-0.06438139,0.07771352,0.16493404,-0.19785011,-0.01064537,0.5886513,0.039340314,0.06609086,0.34023312,-0.24765475,0.34910363,0.09012624,0.14835612,0.1662657,0.3464325,0.0056042094,-0.18017131,-0.650725,0.0014165118,-0.02685307,0.2883489,-0.005403178,-0.15235953,0.2611829,-0.1757742,-0.030863782,-0.09453891,0.113572225,-0.41637304,0.25621125,0.17804593,0.19234928,0.20800556,-0.23006003,-0.27715275,0.07666207,0.09936866,-0.20137843,-0.01724163,-0.20245275,0.06813857,-0.15302347,0.07028932,-0.12220677,-0.0041954126,-0.28517044,0.33783653,-0.23268527,-0.23925321,-0.03138761,-0.37066734,0.3143376,0.02510554,-0.005957763,0.29994068,-0.027002778,-0.2997578,0.15905105,0.09211713,-0.35798138,0.117726415,-0.07748316,-0.3243214,-0.12989193,-0.20075127,0.099213414,finance
-0.108233415,-0.11274477,-0.6561364,0.39119247,-0.3876861,0.22931252,-0.14744,0.43969768,-0.3235929,0.2528144,-0.41169629,0.12263225,-0.18134986,0.12397657,-0.06308145,-0.36133525,0.27218816,-0.57131934,-0.16643368,-0.26293242,0.12567146,0.2165863,0.18687364,0.20401976,0.22328126,0.25850725,-0.123726614,0.20193419,0.0520372,-0.16946973,0.09906913,-0.17982918,0.2711513,-0.00941562,-0.043955404,0.07583617,-0.045076713,-0.081617735,0.12303673,0.77522355,0.271817,-0.102073915,0.27893895,-0.31486925,0.46006912,-0.114217594,0.041837234,0.25055474,0.5784358,-0.01113624,-0.007058225,-0.7244894,-0.1315731,-0.010616979,0.043938264,0.008713454,-0.2280316,0.14431694,-0.111440755,0.12624721,-0.39062274,0.10419928,-0.50177634,0.39567882,0.18599741,0.4839886,0.24525087,-0.14289893,-0.084870644,0.050875317,0.017332248,-0.21791947,-0.19487491,-0.17752524,0.0034237532,-0.10301478,0.19038798,-0.24089077,0.18737184,-0.29141536,0.002135415,-0.19373155,-0.20397106,0.1358003,-0.32709402,0.43110636,0.0671723,0.10010888,0.12867545,-0.10622528,-0.45359,0.00011238652,-0.12606466,-0.25584975,0.0626275,-0.13090758,-0.10308286,-0.10078101,-0.0806043,-0.25923485,finance
-0.03585817,-0.1667882,-0.49688882,0.40270737,-0.20778598,0.29886886,-0.1636885,0.41874105,-0.40081906,0.3953032,-0.4456114,0.118197605,-0.18091564,0.16191792,-0.05841635,-0.31705153,0.26805288,-0.48099792,-0.24977842,-0.21406434,0.18404716,0.16999146,0.102814555,0.18369302,0.34432495,0.18487595,-0.20191333,0.2735286,0.015212331,-0.004070099,0.21593562,-0.12027787,0.26836717,-0.049618587,-0.04195349,-0.03247982,0.10511887,-0.093606986,0.057754576,0.7205187,0.16168937,0.026301611,0.37993756,-0.32278287,0.49163464,0.004561393,0.173097,0.16580345,0.4908018,0.103915334,-0.19231024,-0.71516716,-0.0861184,-0.030818528,0.12040248,0.13784331,-0.18291882,0.12572654,-0.13549197,0.11485207,-0.19613265,0.076168455,-0.52718693,0.32304785,0.20082626,0.38596863,0.33925214,-0.18604186,-0.2281139,0.08362706,0.06831109,-0.15945858,-0.17642039,-0.256344,0.041202195,-0.12097826,0.10295581,-0.1506985,0.10141011,-0.33135283,0.2213674,-0.2301236,-0.23889545,0.115547925,-0.3264082,0.39831415,0.011289734,0.039573118,0.16988762,-0.043014947,-0.43306798,-0.0066932836,-0.097236,-0.2289142,0.06793165,-0.22027345,-0.19721515,-0.085064046,-0.27576566,-0.024643956,finance
-0.10706281,-0.1939508,-0.56320256,0.17328459,-0.16271561,0.41822386,-0.22269723,0.304953,-0.2083359,0.2723482,-0.47701028,-0.020682272,-0.02677004,0.34057528,-0.262983,-0.2405163,0.31784832,-0.38984987,-0.27320006,-0.26757962,0.26540536,0.14411898,-0.120346434,0.29818305,0.29115307,0.098009944,-0.30222625,0.17230695,-0.032643095,-0.08518941,0.08777883,-0.2022191,0.38071415,-0.032280605,-0.2453024,0.07611768,0.14881021,-0.1638273,-0.069687225,0.591358,0.07824516,0.26508674,0.32498497,-0.074497744,0.36730906,-0.02938306,-0.0132369995,0.056637384,0.44910288,0.1051078,-0.1651714,-0.66620356,-0.030915435,0.0817867,0.28061366,0.049894087,-0.05938123,0.3404971,-0.2652582,0.019646311,-0.08991371,0.12390884,-0.32225707,0.16945635,0.15872075,0.14516586,0.18694933,-0.2103428,-0.26400748,0.082915895,0.1082585,-0.116951644,-0.17882426,-0.15150054,0.027930722,-0.14278871,0.11237873,-0.07433054,0.051024042,-0.39517385,0.27035463,-0.32472265,-0.20367455,-0.06543947,-0.30782717,0.34808487,-0.05035381,-0.021092944,0.122566745,0.093553096,-0.249388,-0.06932812,-0.06455261,-0.41887328,0.1239687,-0.113898255,-0.30051947,-0.118734166,-0.25457808,-0.24128139,finance
0.23122615,-0.2863564,-0.35414597,0.26485685,-0.15233429,0.33865875,0.12888525,0.22105062,-0.27115053,0.26712215,-0.48788497,0.30133173,0.29745013,0.42943713,0.060625173,-0.2405815,0.11880793,-0.7523025,0.024358792,-0.20632997,0.2637205,0.21784286,0.3040055,0.097972184,0.31652653,-0.048918184,-0.4343928,-0.21562718,-0.3126356,0.13006692,0.078486346,-0.13006055,0.3446381,0.17674263,-0.2992295,0.014799735,-0.16805579,-0.27934587,-0.050378796,0.40534076,0.35977352,0.14552127,0.51236326,-0.3215971,0.22716863,0.2102959,-0.029359596,0.1584786,0.7820184,0.24620451,-0.29070026,-0.64646006,0.14609338,-0.104041226,0.05236653,-0.09320647,-0.113220185,0.36790997,0.073364645,0.13060524,-0.29091465,-0.09278433,0.09942425,0.29323542,0.2695036,0.2550373,0.106230065,-0.15178376,-0.22102946,-0.072808534,-0.073782824,-0.34673768,-0.32572076,-0.09119636,-0.17429152,-0.1881097,0.20101565,0.07809061,0.2198619,-0.27529564,-0.3612678,0.056955047,-0.29285225,0.028715182,0.045150466,0.26190084,-0.25991812,-0.022300923,0.161786,-0.41145787,-0.41232386,0.14340869,-0.10789249,-0.30674762,0.2577106,-0.391392,0.047027588,-0.2856147,-0.071858056,0.06986941,finance
0.064222515,-0.292406,-0.2859795,0.32698438,-0.06841709,0.35623148,0.17916676,0.14076345,-0.27131823,0.22607593,-0.4436711,0.17086712,0.33333495,0.39056197,0.103892215,-0.11557294,0.0689702,-0.6063918,0.041646387,-0.25336885,0.14296083,0.15039806,0.19178978,0.17441396,0.29352507,-0.010146856,-0.39777875,-0.11685781,-0.29774922,0.1121391,-0.040072214,-0.21634765,0.24874459,0.100083455,-0.15928361,0.0011584524,-0.19806765,-0.44239885,-0.069349565,0.4033321,0.22578228,0.36421168,0.52618927,-0.333886,0.11407307,0.18461566,-0.025629776,0.033185523,0.7782231,0.21967177,-0.30248284,-0.7095417,0.1777557,-0.09356748,0.07629091,0.04480918,-0.23153836,0.39967155,0.09903671,0.021710245,-0.24910168,-0.05305169,-0.015349416,0.20553537,0.13003686,0.211209,0.22714658,-0.15000059,-0.1750934,-0.021877743,-0.20655464,-0.3824338,-0.26415718,-0.11955823,-0.17286155,-0.102522716,0.16774346,0.24855365,0.22137101,-0.21821098,-0.0846584,-0.063245766,-0.17165677,0.12333591,0.033071347,0.22193126,-0.121556304,-0.09552247,0.07792132,-0.2953727,-0.3032713,0.11096368,-0.06538152,-0.4349567,0.28388792,-0.20857133,0.11757174,-0.26525304,-0.05353826,0.16983399,finance
0.08223503,-0.4517043,-0.18555161,0.27647713,0.03594663,0.10690215,-0.023086729,0.22698273,-0.1372521,0.18069775,-0.3956333,0.049345914,0.24671133,0.37812376,0.04059121,-0.29483944,-0.1319322,-0.68682384,-0.11587211,-0.1130772,0.39857188,0.11882416,0.085944,0.30144492,0.085398816,0.14080498,-0.283971,-0.16692941,-0.2705116,-0.07404495,-0.01603526,-0.3875809,0.19177265,0.086793475,-0.27268112,-0.024959328,-0.1458446,-0.34476587,0.088285245,0.3941194,0.3667371,0.21875516,0.49637562,-0.38675234,0.18476051,0.18187308,-0.016344612,0.15746373,0.5751495,0.24555415,-0.34683403,-0.69129354,0.077618025,-0.14876026,-0.05410266,-0.02802275,-0.4028263,0.3437996,-0.03740823,0.19927153,-0.2766736,-0.04792639,0.03657933,0.29985535,0.29082426,0.37904355,0.20151801,-0.11821366,-0.513457,0.08203931,-0.25053453,-0.23699304,-0.11788244,-0.020703413,-0.06595795,-0.14858364,0.06011078,0.2603267,0.311906,-0.31319275,-0.0849893,0.27649912,-0.32247707,0.022491222,-0.15209083,0.1583754,-0.13641001,-0.2888891,0.12059307,-0.29510114,-0.37567848,0.08351973,-0.2501942,-0.5214568,0.3144868,-0.15101795,0.2844361,0.017173849,-0.17122832,0.15673172,finance
0.098333135,-0.24935694,-0.2971913,0.36858764,-0.09883129,0.4157863,0.16287704,0.06107188,-0.23371404,0.36353004,-0.3816948,0.2021004,0.112198986,0.6292134,0.0048182057,-0.21798494,-0.057233397,-0.53366435,-0.16445768,-0.13732839,0.0027684201,0.13521668,0.29706338,0.35274482,0.077500425,0.06306961,-0.33209592,0.27685583,-0.3072958,0.021995751,0.05861986,-0.35864922,0.13971993,-0.060609896,-0.06613247,0.13234405,-0.15863118,-0.3389011,0.11912408,0.30890152,-0.053246837,0.51485586,0.38917354,-0.3307246,-0.05188951,0.30554652,-0.0085264,0.009647233,0.6431221,0.16313332,-0.49805912,-0.768285,0.19507456,-0.17857407,0.19946909,0.10118917,-0.38308737,0.2786906,-0.015104273,0.07051349,0.0020373792,-0.06782942,-0.16509275,0.2744493,0.03205065,0.3244475,0.1959542,-0.05088774,-0.34525892,0.25411785,-0.22954004,-0.17922197,-0.2535162,-0.22058772,-0.14810233,-0.03363954,0.0063544624,0.08636186,0.0008099155,-0.55242604,0.2906752,-0.21755558,-0.29197076,0.09880037,-0.07136751,0.055460166,-0.11510616,-0.0062751197,0.1294626,-0.2561573,-0.30904108,-0.17834873,0.047634806,-0.31134662,0.29080674,0.047089167,0.017562956,0.23993307,-0.028842917,0.14426036,finance
-0.08597474,-0.29822224,-0.22791721,0.30447268,-0.041035853,0.2530925,0.27544418,0.18381397,-0.32769713,0.0922031,-0.17199053,0.10723725,0.14522581,0.39006522,-0.06085236,-0.18988383,0.04804949,-0.51427346,-0.18216462,-0.027740603,0.22575793,0.18622346,0.035158902,0.47488284,-0.026414486,-0.061679173,-0.20594285,-0.050242126,-0.26967332,-0.11314421,0.054873347,-0.3946628,0.2573815,0.14968053,-0.22022218,0.11549272,-0.19371194,-0.43683407,0.1280976,0.560409,0.10810535,0.14993636,0.4282549,-0.1876314,0.088218115,-0.019614585,-0.051947437,0.15240292,0.6685018,0.14606021,-0.31164885,-0.824185,0.12886044,-0.1375493,0.11226747,0.17904976,-0.5166052,0.32647038,0.11871979,0.20195706,-0.0085439235,0.0551163,-0.2080992,0.21114077,0.082494594,0.52201366,0.19949092,-0.17866112,-0.14213008,0.2924793,-0.09378119,-0.069299504,-0.038839996,-0.21050775,-0.16092387,0.080186255,0.16858122,0.17986757,0.25233182,-0.40229613,0.23404904,-0.0260539,-0.25347188,0.14500566,-0.11154629,0.220201,-0.18206252,-0.083681494,0.05025105,-0.19799285,-0.34221,-0.060115524,-0.08099975,-0.36361966,0.39355698,-0.015469034,0.060933456,-0.022549162,-0.09338505,-0.005207799,finance
0.053017057,-0.2912914,-0.06370885,0.24123193,-0.3284457,0.1986132,-0.23517701,0.3639235,-0.19856729,0.26027006,-0.37047175,0.05116781,0.02302813,0.23313384,0.13292821,0.079440676,-0.23890275,-0.5106634,0.090823874,-0.37764594,0.24006903,0.2138891,0.22724879,0.23664059,0.41734678,0.19431676,-0.32941207,-0.13267586,-0.20419998,0.09231315,0.06754268,-0.1725953,0.19701423,0.24043658,-0.28395125,-0.05861553,-0.24263047,-0.47359303,-0.028167821,0.42713666,0.29027274,0.22012037,0.47591856,-0.17055751,0.285997,0.07254836,0.047530428,0.13049553,0.696892,0.2278477,-0.46391252,-0.66483927,-0.040866606,-0.020463709,0.35777786,-0.005179364,-0.2346829,0.46206766,-0.02817184,0.17413546,-0.152559,0.046279714,-0.24415134,0.23879482,0.1528309,0.28631115,0.17073585,-0.04311669,-0.02057669,0.005294187,0.10194336,-0.49042118,-0.15588008,-0.2682826,0.17249845,0.21426152,0.020142261,0.036878843,-0.043224704,-0.27226985,-0.12943229,-0.010960077,-0.22634414,0.17918062,0.010777899,-0.025661975,-0.21441515,-0.035893414,0.0725699,-0.3318912,-0.10538514,-0.06620111,-0.34746748,-0.4272164,-0.059143085,-0.42853662,0.20486613,-0.08559017,-0.055003993,0.14225733,finance
0.25458708,-0.0673929,-0.1981827,0.37453997,-0.24588364,0.081485085,-0.027605372,0.19944923,-0.28282186,-0.005254276,-0.3418428,0.088148095,0.07221314,0.5040168,-0.12956098,-0.17686042,-0.071338974,-0.49515352,-0.22419627,-0.3644166,0.15589151,-0.06277632,0.22034721,0.4193506,0.2935016,0.27401647,-0.21057929,-0.02671641,-0.029403118,-0.0011853206,0.09356223,-0.35105112,0.2968005,0.19849059,-0.26193658,0.0720543,-0.15606038,-0.3805642,-0.10580998,0.35935402,0.2660328,0.07875117,0.37701777,-0.43995294,0.16129415,0.3105985,-0.06732893,0.075754486,0.5573572,0.040852048,-0.32592058,-0.716824,-0.23575336,-0.1918942,-0.0063473294,-0.0008268638,-0.31600952,0.29424906,0.11227888,0.15527393,-0.14255914,0.17490694,-0.004723464,0.5454213,0.09074781,0.1235566,0.032863896,-0.06276966,-0.19270834,0.22009166,0.028464293,-0.02458167,-0.02299921,-0.32652783,-0.14918645,-0.21411441,0.026023116,0.11634184,0.21916695,-0.14590214,-0.056135844,-0.028124286,-0.20815754,0.18999974,-0.06563666,-0.124574125,-0.26745394,-0.16666259,0.054263897,-0.049812324,-0.22824375,-0.01685543,-0.12128971,-0.41717866,0.04941569,-0.364286,0.055487692,-0.06823136,-0.1963294,0.063010156,finance
0.06183059,-0.28200397,-0.3655288,0.29693055,-0.19331461,0.04363359,-0.17984407,0.1553831,-0.15560533,0.49188837,-0.4510818,0.18002662,0.15861678,0.47269133,-0.0939498,-0.19519562,0.18224224,-0.585663,-0.09084763,-0.23454265,0.1753225,0.1804772,0.22991927,0.42185745,0.22441603,-0.11411033,-0.29162005,0.018916802,-0.11218251,-0.06612429,-0.029591896,-0.451865,0.22187264,0.20101453,-0.3885341,0.06162294,-0.14719503,-0.37331727,0.107002,0.25727472,0.14601462,-0.04068398,0.41442186,-0.43930557,0.14745599,0.17431742,0.035866916,0.21044423,0.5029682,0.31914407,-0.27561226,-0.67279536,-0.07871019,-0.27505425,0.16404194,-0.036618095,-0.07502287,0.3511229,-0.27330115,0.41338742,-0.106431566,-0.02149722,-0.1130429,0.32676685,0.31594652,0.5163319,-0.13291685,-0.15852068,-0.019686999,-0.06599694,-0.10106305,0.04150304,-0.27996922,-0.12426012,0.042064607,-0.20979358,-0.041640826,-0.12142967,0.11180047,-0.26126483,-0.22067203,0.33485532,-0.3064903,0.124293715,-0.1647028,-0.00037129753,-0.25556862,-0.24864191,0.1838048,-0.21898465,-0.26843688,0.1650465,-0.39286137,-0.3952942,0.19739966,-0.21959008,0.15067618,0.07408687,-0.32086936,0.071020804,finance
0.21796595,-0.20047739,-0.16303243,0.2854736,-0.2111515,0.11500558,0.1483633,0.058992624,-0.2670156,0.006155644,-0.23975094,0.12629779,0.15385897,0.3842519,-0.20709424,-0.27101523,-0.033919115,-0.40708095,-0.22058645,-0.22577861,0.012367734,-0.027583223,0.35719484,0.49345344,0.1875392,0.13811243,-0.32541436,-0.15076913,-0.10505433,-0.0074799773,0.097129434,-0.39871198,0.12580153,0.0010671321,0.0077682147,0.040653884,-0.4580688,-0.51626897,0.16662821,0.5093575,0.0879296,0.4270004,0.4558276,-0.40397444,0.07516423,0.28540814,0.002251419,0.09449437,0.70344025,0.07388541,-0.33534667,-0.7747685,0.17607285,-0.1839456,0.06803945,-0.0076828515,-0.39917162,0.14120424,0.0383046,0.12847394,-0.2108111,0.08200062,-0.09846683,0.47138807,0.22324112,0.317291,0.16737893,0.08341379,-0.22367413,0.1748984,-0.1594972,0.035293333,-0.08818206,-0.18250014,-0.18122247,-0.11724366,0.15606993,0.20607528,0.06906512,-0.29851127,0.16812007,-0.025706148,-0.11304637,0.20132639,0.0048668426,0.006486637,-0.21243678,-0.17026955,-0.020555906,-0.24209473,-0.23404023,0.07185755,-0.2566741,-0.36890733,0.09218181,-0.31046534,0.037687335,0.039966106,-0.15170099,0.10729458,finance
0.14998992,0.007572256,-0.39941996,0.118120596,0.19978224,0.13824286,0.2116284,0.6170465,0.007332951,0.10815447,-0.27449563,0.15124837,-0.19440225,0.37566587,-0.15289064,-0.28256464,0.27748665,-0.42917138,-0.027983388,-0.19515833,0.21422648,0.22480612,0.14165993,0.36790475,0.17112662,0.3835182,-0.4406858,0.14427601,-0.2517543,-0.2030692,0.1049114,-0.13944681,0.10129794,0.08342514,0.14397362,0.11384238,-0.02715631,-0.43837214,0.25158527,0.17365254,-0.21824332,0.066460416,0.22407286,0.02249888,0.22262342,0.1274311,0.23485224,0.03205614,0.25723395,-0.25176117,-0.17158583,-1.038041,0.16780117,-0.3738902,0.26395813,0.09558022,-0.3286392,0.11175974,0.0009423835,-0.06243171,0.07617004,0.0023325777,-0.11699015,0.16531888,0.25623113,0.2196734,0.31971675,-0.0021667185,-0.34375405,0.18471512,-0.08967571,-0.33168152,0.10219508,0.05391286,0.1613221,-0.32768103,0.07102864,0.026798857,0.12662764,0.08730388,-0.17791317,-0.102604754,-0.053173598,0.10880331,-0.103269234,-0.14508834,-0.18048966,-0.17169507,-0.03366098,-0.22225685,-0.12521349,0.23056944,-0.27315027,-0.56391317,0.058587085,0.040213,-0.44550636,-0.35941094,-0.50180835,-0.054503527,finance
0.08651178,-0.17751457,-0.27384427,0.2252401,-0.06332965,0.1335738,-0.09804475,0.12879431,-0.049868353,0.09464139,-0.6552271,0.2907872,0.02356176,0.24229302,0.111602046,-0.060186896,-0.09171785,-0.43388677,-0.11811542,-0.3591471,0.35329086,0.26078442,0.14622635,0.31259108,0.37112835,0.18580996,-0.39986774,0.0555359,-0.21660332,-0.15232857,-0.057528738,-0.21020992,0.09356192,0.1768202,-0.4176752,0.0031610841,-0.12550682,-0.26876685,0.18710195,0.2675604,0.28502682,-0.022640783,0.3686186,-0.4194719,0.082487434,0.03714072,-0.13559969,0.18417402,0.7569073,-0.13528372,-0.26397803,-0.9420129,0.05201691,-0.2763096,0.31598392,0.28901806,-0.14475986,0.3017099,-0.006266665,0.19153701,0.00013764323,0.02175147,0.005646789,0.1962153,0.23188296,0.6029592,0.12083946,-0.18503587,-0.14282857,0.12613092,0.017017052,-0.0920536,0.19430068,-0.38236052,0.03277067,-0.04424586,0.019994732,-0.14690228,0.14407623,-0.09167164,0.118101895,0.041094214,-0.33271033,-0.01623482,-0.11178557,-0.032813925,-0.23779333,-0.09965358,-0.04082349,-0.012434892,-0.41731963,-0.013327874,-0.14052427,-0.3805675,0.1895198,-0.32579872,-0.011344599,-0.07334073,-0.23419395,-0.19072738,finance
-0.007416089,-0.1712773,-0.32680145,0.08619569,-0.29234213,0.22706513,0.11941496,0.32482356,-0.095741756,0.22978717,-0.3578472,0.10515851,0.1563541,0.23677774,0.072355986,-0.24388635,-0.004023696,-0.566464,0.022606755,-0.3429154,0.17182218,0.0367148,0.16155219,0.3357037,0.10425164,0.17885831,-0.3925127,-0.015370669,-0.3659667,-0.06175542,0.007963084,-0.41936588,0.29834494,-0.085628755,-0.024251264,0.06198911,-0.075976826,-0.30903056,0.01663433,0.4948269,0.17563376,0.061527986,0.45150986,-0.21076761,0.11822099,0.04947068,-0.032196894,0.1895567,0.6711465,0.14589901,-0.19196668,-0.7530766,0.100276746,-0.20999151,0.016497318,0.01066107,-0.3785323,0.11656729,-0.00035523067,0.1472134,-0.28813902,-0.14281239,-0.22546673,0.19618922,0.21054213,0.31368035,0.24640603,-0.10098971,-0.15276818,-0.014167052,-0.20184378,-0.06991171,-0.15611567,-0.1829465,-0.084078856,-0.091634125,0.047096025,0.10790574,0.19396311,-0.23724854,-0.06455185,0.039155375,-0.12667191,0.10385271,0.102096744,0.21921659,-0.042546228,-0.21694456,-0.12085545,-0.3345105,-0.10819756,0.010865038,-0.104817666,-0.4960215,0.112463295,-0.14521763,-0.008318299,-0.051160604,-0.21659327,-0.035529185,finance
-0.026981728,-0.11973495,-0.32549527,-0.060860544,-0.25596312,0.24563187,-0.18878607,0.16222383,-0.17776836,0.16180427,-0.46395287,0.29323554,-0.020094838,0.27468336,-0.17306644,-0.00232425,0.08571266,-0.48311636,-0.18969776,-0.3086564,0.31077862,0.25429443,0.114808686,0.19771324,0.23410022,-0.05525716,-0.33411512,0.03464151,-0.2523402,-0.054025453,0.06476305,-0.19147347,0.32130226,0.05425846,-0.30407247,0.042141296,-0.108437225,-0.27250537,0.025083018,0.38176817,0.2130211,0.30110404,0.35742712,-0.23568979,0.19523853,0.1513972,0.06355681,0.19746871,0.65175825,0.1266976,-0.3240512,-0.8333757,-0.14665684,-0.18871194,0.2731983,0.061223216,-0.024923911,0.11905734,0.010610371,0.32808962,-0.09483019,0.07371917,0.021221254,0.1284492,0.2770466,0.35211283,0.12188728,-0.3754115,-0.47894368,0.06673718,-0.085167736,-0.098642536,-0.09735422,-0.18908589,0.054726306,-0.20553753,0.24659213,-0.158524,0.25484782,-0.32127982,0.15460745,0.073466636,-0.31545046,0.05900223,-0.0009853771,0.14081578,-0.27181408,-0.010394552,0.1329599,-0.3220775,-0.40796897,0.13087565,-0.19590378,-0.19345611,0.39497608,-0.24603294,0.15617192,-0.011081106,-0.26766393,-0.22837885,finance
0.09153568,-0.2287151,-0.31711236,0.24315104,-0.23974265,0.16417381,-0.05642167,0.32007837,-0.06868914,0.5137558,-0.5225048,0.16302703,0.19255695,0.3984422,-0.028896688,-0.1668074,0.117281355,-0.5468061,0.0074130157,-0.22023161,0.33742344,0.22486797,0.024465993,0.32708636,0.102963276,0.018799713,-0.21029423,-0.006833371,-0.22335319,-0.09255723,-0.07382375,-0.49908048,0.2345754,0.087850265,-0.4627294,0.05653019,0.07571426,-0.4583404,0.036074553,0.4248611,0.08470366,-0.098366,0.50678194,-0.2441606,0.12648119,0.16576329,0.08708898,0.22902063,0.3933347,0.16680013,-0.32663235,-0.6219339,-0.15854658,-0.34416732,0.25079137,0.14109197,-0.11103259,0.2846028,-0.30252075,0.3554001,-0.09634702,0.060340032,-0.007661652,0.28985697,0.22665831,0.5078363,-0.004929559,-0.21915679,0.005767917,-0.033770345,-0.049540374,-0.041335154,-0.26885235,-0.21330191,0.03264706,-0.20261157,0.048711743,-0.10782687,0.21826087,-0.28077295,-0.15420733,0.34788668,-0.23209728,0.014370977,-0.16389675,-0.016245905,-0.19336878,-0.23160115,0.11847555,-0.21650061,-0.24163394,0.16779742,-0.31061506,-0.49455506,0.33043817,-0.10518234,0.020489188,0.2395829,-0.2897503,-0.034776174,finance
-0.18121223,-0.2368537,-0.24015184,0.20854335,-0.32170528,0.5081252,-0.056728292,0.04405572,-0.3728189,0.19195722,-0.382699,0.2857672,0.26229027,0.5749465,-0.03651488,-0.59755844,0.030748853,-0.75788736,0.32927933,-0.30552432,0.3622323,0.42151436,0.07514321,0.500238,0.40208194,0.09408089,-0.3174014,-0.20796455,-0.37142986,-0.036845963,0.10846117,-0.0582682,0.07376671,-0.0111380825,-0.21390615,-0.19120474,0.07445329,-0.47116968,-0.010460573,0.21898861,0.33798712,0.10355037,0.5320159,-0.08007107,-0.044534717,0.034621198,-0.052843347,0.20562655,0.5910937,-0.0063728685,-0.131428,-0.7857542,0.27094787,-0.028207043,-0.018736932,-0.21454462,-0.23970631,0.325377,0.32031563,0.11465609,-0.32381704,0.14438698,0.045895528,0.02385937,0.0014831385,0.39911473,0.117795445,-0.3029714,-0.1496179,0.299631,0.060123473,-0.32582942,-0.10487718,-0.41740018,-0.18122253,-0.10246261,0.14908892,0.33252794,0.34700763,-0.29000345,-0.019272884,-0.022377927,-0.19837011,-0.24369232,0.004398184,0.08333209,0.18667491,-0.28606245,0.28655627,-0.2036441,-0.28927857,-0.0060519245,-0.14362627,-0.38296464,0.16918316,-0.19265808,0.25669158,-0.11219705,-0.28929478,0.13648319,finance
0.028755102,-0.269274,-0.19781515,0.3359262,-0.15137297,0.16667864,0.0055360473,0.21854633,-0.14212306,0.29130018,-0.30298138,0.17262538,-0.13120006,0.35038003,0.036749512,0.018078621,-0.06713684,-0.5090508,0.024837753,-0.22241925,0.3116253,0.119172014,0.22323972,0.29087844,0.29750374,0.03764623,-0.50294363,-0.11038129,-0.11029979,-0.0030129706,-0.08723381,-0.15888901,0.13894604,-0.015891215,-0.2587097,-0.039484773,-0.155649,-0.49877784,0.036672026,0.35028678,0.07069631,0.105169564,0.3614266,-0.27564025,0.0792514,0.15284006,-0.03134422,0.18510917,0.55464417,0.14020698,-0.25294346,-0.6589423,0.14592929,-0.06838874,0.09888421,0.047735177,-0.16192494,0.32399875,-0.14943054,0.12559739,-0.1935843,0.044618234,-0.13399503,0.37092656,0.1452053,0.29622623,0.023719447,-0.15482326,-0.22936484,0.15673022,0.003033366,-0.13423091,-0.16200626,-0.17254333,0.028281793,0.11417364,0.03779228,-0.049483363,0.2576561,-0.3260396,-0.014519299,-0.006332527,-0.2871134,0.031201195,-0.1794875,0.0852671,-0.100360595,0.023131363,-0.04706804,0.013196394,-0.25184643,0.068829715,-0.24061936,-0.39216614,0.15048534,-0.29808584,-0.09996592,-0.10552098,-0.17454411,-0.052144565,finance
0.2397448,0.020449715,-0.21027507,0.35591757,-0.2035592,0.11322238,0.18002339,0.2505665,-0.43583837,0.07987478,-0.10002011,0.19314216,-0.012827651,0.41019592,-0.06458258,-0.2196064,-0.03512374,-0.55593073,-0.15649389,-0.4576193,0.41278931,-0.0028572488,0.1978739,0.46785563,0.14809042,0.2300203,-0.26032728,-0.05400274,-0.04340399,0.10178833,0.24367596,-0.28804255,0.30329382,0.22758533,-0.16219181,-0.078753434,-0.26259875,-0.49378216,-0.1652227,0.38511,0.25999713,0.11189015,0.5445306,-0.36124578,0.26928654,0.42733195,0.10051472,0.1469152,0.540203,0.073539704,-0.40441403,-0.69504875,-0.28390753,-0.14615145,0.015338985,0.025698308,-0.3876618,0.33424646,0.25270766,0.07004692,-0.11952795,0.17032228,-0.011787364,0.6181021,0.101173885,-0.01633836,0.19033712,-0.15097812,-0.3242325,0.09260894,-0.017727025,-0.2993487,-0.17322423,-0.0856929,-0.27707514,-0.02765924,-0.08954802,0.11001849,0.34732422,-0.14178838,-0.047123693,0.062370922,-0.1298128,0.24515693,-0.27542916,-0.15570672,-0.15912364,-0.107834704,0.11302682,-0.19512859,-0.12913059,0.05222391,-0.22593248,-0.47032976,-0.004110705,-0.46355742,0.03950314,-0.11185366,-0.14070855,0.23151779,finance
0.028625706,-0.17077927,-0.18090014,0.26558155,-0.23599446,0.4550335,0.14405324,0.08708442,-0.22438799,0.27933416,-0.2576,0.19025066,0.09954156,0.31873727,-0.13520542,-0.22719796,0.10422403,-0.5904495,0.041092925,-0.1857573,-0.049444888,0.04303846,0.13118051,0.32873464,0.20865987,0.039095376,-0.42954928,-0.016522404,-0.17078528,0.07071913,-0.0052331174,-0.36389077,0.20582265,-0.013892026,-0.2087229,0.11923293,0.111576684,-0.5388342,0.03657807,0.41100532,-0.06480771,0.28954238,0.4096839,-0.228717,0.037647944,0.15415902,-0.029177785,0.08479337,0.53244174,-0.07300455,-0.43790996,-0.6554924,0.2824794,-0.3647565,0.24430773,0.084646925,-0.34482917,0.21678917,0.045054156,0.18107302,-0.11223622,0.1141452,-0.07145103,0.27662313,0.14097893,0.2912794,0.2061835,0.044700153,-0.28676897,0.2211453,-0.08008986,-0.2549714,-0.15650147,-0.21481246,-0.019627653,-0.079922736,0.069036484,0.11961613,0.025670506,-0.32400492,0.083243184,-0.24137884,-0.30213204,0.1251087,-0.0447013,-0.10494633,-0.04112446,-0.004309782,0.022854805,-0.2957736,-0.3832071,0.018353472,0.05890316,-0.34311587,0.18092705,-0.13453883,0.1372221,0.072544135,-0.36095163,0.2774454,finance
-0.019881308,-0.1728093,-0.17667562,0.2567094,-0.0131013105,0.037845332,0.08608724,0.3270738,-0.24725276,0.043489076,-0.57831925,0.034950916,-0.11250987,0.531145,0.10651129,-0.21047483,0.08267422,-0.22928254,0.23157825,-0.16199403,0.39833486,0.021982804,0.036416844,0.15622027,0.30987072,0.07705381,-0.44309786,0.1228875,-0.34858286,-0.27288944,-0.25817338,-0.2932082,0.15067284,0.18563065,-0.16820508,-0.15654951,-0.025660776,-0.57726747,0.020682896,0.24379207,-0.11046401,0.16394646,0.5249112,-0.23531514,0.061741035,0.09725469,0.062109873,0.33253795,0.70990765,0.39829183,-0.23609932,-1.1459647,0.2609363,-0.06699047,0.16878505,0.2435735,-0.09831073,0.36034918,-0.06506169,0.14231466,-0.09539865,-0.0034757766,-0.21913138,0.24913642,0.37349132,0.18763503,0.08718039,-0.12666216,-0.16619325,0.07267841,-0.15872674,-0.3144628,0.06548294,-0.11905941,0.18803531,0.19183838,-0.030040275,0.19218916,0.13448185,-0.7694317,0.08520924,0.124083765,-0.07122966,-0.087675676,0.064077064,0.09394479,0.07134976,-0.15470195,0.101474814,0.12856041,-0.21857871,-0.16306193,-0.25737983,-0.34354508,0.0049940823,-0.23960115,-0.2687322,0.11013357,-0.07092879,-0.11438672,finance
0.17561466,-0.08853543,-0.27980542,0.13740034,-0.12975182,0.3445255,0.06476401,0.10505999,-0.25711983,0.14600526,-0.32866293,0.09440424,0.07084297,0.37788236,-0.022004806,-0.15380949,0.012829627,-0.4465294,0.0070391116,-0.28530487,0.040983196,-0.16405609,0.17738518,0.37236547,0.132217,0.2395038,-0.3904041,-0.05153211,-0.31321034,-0.062667355,-0.1170424,-0.3627447,0.29539466,-0.14180513,-0.16860193,0.059719592,-0.022668123,-0.3590411,-0.05527161,0.63809615,0.19029641,0.5051075,0.47007135,-0.33785054,0.15551528,0.2017803,-0.24897957,-0.07484498,0.604167,0.13045794,-0.0023444393,-1.044891,0.28214124,-0.09106431,0.23252021,0.13480908,-0.26046532,0.2654371,-0.12045964,0.16647018,-0.16587721,0.080672994,-0.1829221,0.26757312,0.07983931,0.28251916,0.23737821,-0.08481759,-0.3145517,0.25414455,-0.18179435,-0.15920779,-0.13907228,-0.16446075,0.0071420264,-0.15352678,0.11567404,0.073836625,0.21071838,-0.41649392,0.019767677,-0.07809115,-0.2690582,-0.06935862,-0.007148272,0.23965111,-0.02467242,-0.003039073,0.08263158,-0.25383908,-0.23932727,-0.19509132,-0.053486153,-0.26396605,0.19988117,-0.18757452,0.01831811,0.06162098,-0.0060869325,0.19343123,finance
-0.046844494,-0.15073776,-0.2618253,0.103223406,-0.49108803,0.057551008,-0.022127459,0.23131844,-0.008377591,0.09804265,-0.1698438,0.121913694,0.011967425,0.3100427,-0.03296494,-0.27153334,0.16221325,-0.40576676,-0.094750956,-0.40076628,0.20781,0.31605905,0.19479732,0.061253566,0.42490134,0.035530362,-0.23185141,0.03125129,-0.18321364,0.039289165,-0.032075565,-0.38270253,0.4359199,0.3115327,-0.31374824,0.010490063,0.038611427,-0.17173843,-0.15155418,0.3061787,0.1691504,0.23509336,0.4255931,-0.40410727,0.28345498,0.41290587,-0.16755576,0.20992523,0.8883074,0.033017594,-0.112952374,-1.1013409,0.044110656,-0.047312558,-0.02168438,-0.033415318,-0.06647257,0.39027768,-0.32962152,0.4746045,0.20625617,0.13764876,-0.020714676,0.20332184,0.5240882,0.46155056,-0.028728206,-0.30559504,-0.038166024,-0.25316882,0.101878166,-0.36858672,-0.56833005,-0.26570067,-0.06354973,-0.11794141,0.3363287,-0.17759235,0.017003935,-0.13898173,0.014675111,-0.059398375,-0.07840149,0.11659447,-0.13126104,-0.0155067425,-0.28104407,-0.22696334,-0.03927019,-0.29720846,-0.11294853,0.17048676,-0.20239663,-0.16548972,0.24907106,-0.25175518,0.06170458,-0.20368828,-0.067620054,-0.1683145,finance
0.17743418,-0.1612186,-0.10204818,0.23646355,-0.09341585,0.19198793,-0.07141455,0.23932222,-0.24238747,0.0052590943,-0.5415333,0.11665111,0.028495666,0.32484108,-0.2768784,-0.0139281,-0.047048286,-0.43019378,-0.06382033,-0.1964772,0.21836793,0.12548026,0.29299545,0.15551461,0.21180798,0.15110962,-0.25875947,0.008672063,-0.25963816,0.0026343192,0.120004565,-0.22874817,0.28044495,0.13939977,-0.23805223,0.024073886,-0.14776427,-0.3587031,-0.0051343,0.4481767,0.10235435,-0.13767107,0.29774886,-0.3610849,0.18509996,0.04588046,0.10721104,0.190328,0.60182065,-0.008361443,-0.18185274,-0.742408,-0.07399578,-0.35355735,0.125045,-0.0156574,-0.15557456,0.21517996,-0.024881404,0.06898665,-0.23010549,-0.039260503,-0.0554813,0.28593114,0.13602552,0.43498242,0.14461802,-0.21527132,-0.1344684,0.0916693,0.1080409,0.010142029,0.04371215,-0.32588345,-0.077953346,-0.07533924,0.13097745,-0.058154278,0.12013554,-0.20249273,-0.00883,-0.12147729,-0.3877386,-0.07648006,-0.17058478,-0.23815233,-0.0722826,-0.086075656,0.004725205,-0.07651723,-0.40750223,0.101276234,-0.080360375,-0.3400948,0.07157591,-0.30567682,0.15449402,0.1454722,-0.26107258,0.023022871,finance
-0.14282133,-0.22822554,-0.19421214,0.09843057,-0.35223496,0.042765137,0.038838595,0.26126298,-0.021776905,0.11523923,-0.30259004,0.060514167,-0.037407428,0.35398468,-0.120176084,-0.28023475,0.20306627,-0.41610354,-0.027964473,-0.41441947,0.34452435,0.280911,0.21225223,0.117817916,0.26773584,0.13738742,-0.20128946,0.07907039,-0.15588263,-0.03815286,-0.071187094,-0.346552,0.35715115,0.29983857,-0.29011753,-0.0068644993,-0.011022965,-0.25530824,-0.12510474,0.31922346,0.15822367,0.23599203,0.48861852,-0.41069332,0.28263038,0.3909805,-0.09524418,0.20388463,0.85661453,0.024998777,-0.11765485,-1.0784488,0.015514502,-0.056291327,0.010692041,0.018917568,-0.14717962,0.3374293,-0.20009016,0.41376743,0.16690001,0.1349355,0.053545795,0.18225513,0.5223657,0.5232979,0.033136804,-0.21045071,-0.07452746,-0.23862006,-0.123372205,-0.3412338,-0.5170172,-0.17113192,0.01018868,-0.094005905,0.27618217,-0.08977518,0.116225794,-0.1309337,-0.03606266,0.083388865,-0.18694896,0.14257903,-0.11975673,-0.043281313,-0.29895294,-0.19382851,0.04015375,-0.30418423,-0.062416475,0.17841801,-0.28971672,-0.17737778,0.28249246,-0.25042507,-0.03988051,-0.22433692,-0.08628487,-0.12313823,finance
0.22008994,-0.40650988,-0.24767946,0.18155523,0.08189329,0.09668338,-0.12422647,0.31590873,-0.18203907,0.102747284,-0.53819835,0.14720298,0.35944697,0.48564607,-0.003231614,-0.2782147,-0.015768388,-0.7144617,-0.08499805,-0.110690996,0.36609414,0.20104979,0.11839136,0.29613882,0.118035905,-0.052543677,-0.34427786,-0.1432684,-0.3611573,-0.0057930816,-0.006172626,-0.29844108,0.30430937,0.14806244,-0.34240755,0.017524527,-0.045246407,-0.3722668,0.079120964,0.4362678,0.4492934,0.2142597,0.488726,-0.29414025,0.27344364,0.10695616,-0.062349487,0.09314149,0.49062517,0.28281656,-0.29260984,-0.61213624,0.07611186,-0.05552084,0.13132864,0.08310686,-0.28895387,0.41838065,-0.23208712,0.15664952,-0.22461672,-0.12131166,0.056452774,0.32393897,0.2940744,0.49149323,0.08340429,-0.08244485,-0.43702728,0.19902393,-0.15910652,-0.16446368,-0.13896865,0.07257303,-0.059981383,-0.070271365,-0.0065761562,0.1665439,0.382028,-0.26296094,-0.18716103,0.22885352,-0.29060122,-0.048889473,-0.2777557,0.16021799,-0.13833015,-0.33184808,0.24520305,-0.38774425,-0.4029807,0.10967219,-0.3568133,-0.52921015,0.295649,-0.22665554,0.16855992,0.0024855584,-0.13567878,0.1377616,finance
0.088053584,-0.19860357,-0.08029823,0.05814846,-0.12854949,0.18836676,-0.07503191,0.13389005,-0.09080098,0.28317198,-0.42877835,0.22770089,0.12231945,0.3105254,-0.22886366,-0.14900166,0.051047113,-0.41555217,0.052191965,-0.108057864,0.21281287,0.23569351,0.13396819,0.23269267,0.2745365,-0.06994336,-0.40807512,-0.24717604,-0.26221365,-0.13226132,0.004194944,-0.081137985,0.5558771,0.2346903,-0.11001843,0.09259446,-0.17736825,-0.06855053,0.09185732,0.5389484,0.2603728,-0.06405105,0.36864427,-0.1337844,0.26604444,0.17955728,0.2378027,0.22918099,0.69368094,0.016566154,-0.009172156,-0.9339906,-0.08969364,-0.17440712,-0.15835777,-0.12241631,-0.22044502,0.35361892,0.056418836,0.14541489,-0.3147664,-0.18225849,-0.18994483,0.36351466,0.22253096,0.30100214,0.040808048,-0.42216042,-0.12545545,0.26672173,0.09484209,-0.2730178,-0.17491902,-0.17070886,-0.092059,0.13297792,0.3610462,-0.24078012,0.19790272,-0.47746792,-0.19653696,-0.32600433,-0.25417694,-0.06284983,-0.018329687,-0.251418,-0.07552966,-0.12107884,0.03350058,-0.070966765,-0.5350826,0.24173066,0.04788505,-0.25355542,0.15138395,-0.43813747,0.40543625,-0.30310878,-0.29441938,-0.025119402,finance
0.050854467,-0.2092853,-0.1940091,0.4201284,-0.08280122,0.04688144,0.14467914,0.48961923,-0.023078773,0.2360605,-0.25530425,0.27277642,0.105694525,0.33402887,0.09303345,-0.3368584,-0.00585623,-0.5276924,0.1328264,-0.46444866,0.30096582,0.028286917,-0.04768557,0.22821677,0.13347378,0.17454779,-0.34379253,-0.16537912,0.06393899,-0.029394438,0.03657827,-0.26249835,0.13016343,0.21426508,-0.17652103,0.11787155,0.08190789,-0.37066633,-0.20226996,0.55059344,0.03798054,0.11435859,0.37805235,-0.22817439,0.32678565,0.032547,-0.11418375,0.23881674,0.74750644,0.043909527,0.096766606,-0.8731126,0.16648437,-0.5485518,0.094525754,0.12939388,-0.21922342,0.5082708,0.30705497,0.25598854,0.01024469,0.17786643,0.14855988,0.14994997,0.21751446,0.4574878,0.21242413,-0.071022816,-0.39402995,0.07301224,-0.1215355,-0.22996973,-0.1454532,-0.16128626,-0.12727891,-0.008121105,-0.02600252,0.1601801,0.17437041,-0.23005286,0.15588595,0.2390491,-0.15493326,0.16360706,0.058380708,0.02418766,-0.1107296,-0.05814616,-0.12748054,-0.04639858,-0.3860078,-0.063164525,-0.26381513,-0.37234312,0.06948197,-0.056046516,0.080911554,-0.08608098,-0.2758443,0.0048318976,finance
0.11463002,0.0030108956,-0.27165836,0.016327463,-0.1184861,0.36708853,0.08902193,0.20885704,-0.37841624,0.10115602,-0.47101396,0.19020443,-0.034698647,0.61935973,-0.16730681,-0.13446596,0.2265676,-0.49911308,-0.029916022,-0.25535366,-0.08075754,-0.19579825,0.16907687,0.26174262,-0.035424486,0.36807218,-0.29101866,0.14547472,-0.15454838,-0.034696516,-0.25862667,-0.35858306,0.36059976,-0.052476753,-0.008899224,0.027256444,0.17970829,-0.35875377,-0.27747318,0.4555862,0.33166322,0.45534262,0.40506235,-0.21704702,-0.0060575926,0.11121602,-0.20617186,-0.080880605,0.5056384,0.19619487,0.09113239,-1.0476657,0.112644054,0.04750849,0.21545435,0.104084834,-0.18694642,0.55197793,-0.14043821,0.20089321,-0.087337926,0.12761843,-0.32295823,0.22902423,0.13555983,0.24501431,0.27302206,-0.04863073,-0.21183832,0.2059457,-0.17222789,-0.24083224,-0.16462536,0.0075561376,0.10048348,-0.17264515,-0.05518351,0.16349474,0.2262294,-0.43394867,0.020737361,-0.095251106,-0.2299101,-0.02844696,-0.00010114766,0.23604502,0.1419741,-0.02259561,0.16888015,-0.092417665,-0.110656835,-0.14306486,-0.15149023,-0.377353,0.059365347,-0.1377235,-0.039456706,-0.031441778,0.13116935,0.2847086,finance
0.013372256,-0.22000803,-0.32001472,0.124410935,-0.30539188,0.35703316,-0.053722598,0.15048015,0.017357059,0.21010147,-0.48733824,0.18579386,0.087426305,0.46464962,0.044931486,-0.3304126,0.009421848,-0.45632604,-0.039880395,-0.2242628,0.45442677,0.11696041,0.27519596,0.40994754,0.18224628,0.25564027,-0.4047599,0.019681785,-0.21559879,-0.0033672994,-0.14995338,-0.30826572,0.2789001,0.17681985,-0.09591956,-0.14359143,0.13226238,-0.55701387,-0.11560266,0.33150482,-0.12043216,-0.046394,0.41869804,-0.24259073,-0.07042517,0.036866117,-0.16965917,0.12018429,0.7439998,-0.15931585,-0.008141085,-0.8331699,0.013567194,-0.19907133,0.15202819,0.24411438,-0.2270002,0.3081751,0.15784065,0.0060723233,0.03792463,-0.0052869874,-0.034873743,0.10114325,0.26614916,0.33138147,0.10711862,-0.07988438,-0.074377075,0.26391384,-0.029664848,-0.25147235,0.19151606,-0.3900289,-0.04571881,0.17873757,0.21236414,-0.06260882,0.26757568,-0.28257337,-0.13537098,0.124130055,-0.3025406,-0.21731886,0.02625614,0.08366687,-0.063073985,-0.19564089,0.015055619,0.19248378,-0.057900317,-0.064374425,-0.2148049,-0.39257383,0.1977102,-0.14029652,-0.11534589,0.18862513,-0.08328026,-0.027667383,finance
0.025034996,-0.376077,-0.12757245,0.36296025,0.09222092,0.28926834,0.106484264,0.42205584,0.094919324,0.30679333,-0.37537482,0.26850745,0.11459228,0.22090293,0.2160076,-0.28799608,-0.065812774,-0.44118157,-0.044641607,-0.2771471,0.4062035,0.21134791,-0.045501616,0.23388433,0.1939453,0.18566614,-0.32108757,-0.09125368,-0.24823703,-0.07346359,-0.066919416,-0.108663805,0.1798248,0.032016337,-0.33064336,-0.15250577,0.2132734,-0.36680242,-0.10015211,0.40979648,0.06954756,0.18600559,0.4077126,-0.21637864,0.30037117,-0.08137436,0.031199118,0.19122091,0.8217362,-0.11378088,-0.17502214,-0.69649893,0.36909917,-0.25222632,0.015987275,0.1513272,-0.21502703,0.39944258,0.1483094,-0.026040297,-0.13061073,0.060445685,0.055939954,0.06779798,-0.025222449,0.30758086,0.25491294,-0.15909176,-0.25578693,0.12992844,-0.07897526,-0.395343,-0.019501679,-0.45243043,-0.14114267,0.07200674,0.09569271,0.052087225,0.29581434,-0.2576505,-0.051678088,0.05049169,-0.17344765,0.20878918,-0.11311886,0.10771218,-0.07052228,-0.16934125,-0.04573439,0.0015206089,-0.2835131,-0.07569218,-0.0991296,-0.4694948,0.22467706,-0.2088885,-0.320992,-0.083126254,-0.20395778,-0.091729,finance
-0.09081989,-0.17232642,-0.43391818,0.19141734,-0.3502631,0.11076281,-0.05413066,0.23145948,-0.2706227,0.26188087,-0.015705368,0.24488933,0.14161052,-0.019223927,0.019386064,-0.090847954,-0.00305346,-0.42352453,-0.0402754,-0.33105865,0.62246716,0.24356681,-0.12799273,0.3762132,0.032890078,-0.21667771,-0.45763355,-0.36616758,-0.31549278,0.25447947,0.23343252,-0.08723285,0.488928,0.2784009,-0.09070582,-0.13242175,0.25899467,-0.37415597,-0.03151469,0.31814805,0.19654585,0.08054896,0.46193832,-0.23098384,0.305426,0.044121124,0.06845062,-0.083900765,0.5559856,-0.12521347,-0.4628118,-0.9658407,0.10251896,-0.31721014,-0.054754995,0.26209855,-0.14675824,0.4369809,0.052973494,0.2616611,-0.2781279,-0.03697801,-0.027090525,0.09538331,0.06954863,0.40183994,0.12372599,-0.15504734,-0.2529913,0.3763984,0.06507496,-0.18275784,-0.13465138,-0.11327524,-0.24774545,0.121070355,0.22360921,-0.059250925,0.20382012,-0.5646376,0.22100654,0.1354564,-0.16416456,-0.23113826,-0.06871579,0.13831306,-0.54681635,0.01093627,0.054224707,-0.084511146,-0.2347464,0.020123491,-0.0594064,-0.34073558,0.40053344,-0.26243982,-0.21042673,-0.14745046,-0.2503224,-0.05115825,finance
-0.010286866,-0.17540242,0.013554706,0.17592567,-0.19531634,0.25882262,0.07736732,0.049921457,-0.11130068,0.15080157,-0.26165706,0.20133458,0.06235804,0.40371352,-0.2403707,-0.24818195,0.10175779,-0.5352174,-0.092406355,-0.17947464,-0.13782822,-0.03272348,0.024875637,0.39755553,0.198158,0.12469047,-0.30630833,0.06866309,-0.086943135,0.11708504,-0.0118581755,-0.3652973,0.2719954,0.0075123464,-0.21535034,0.01826778,0.24239485,-0.37966913,0.009374932,0.51172936,0.015599033,0.22445975,0.30149493,-0.18984514,0.063147254,0.08779083,-0.095147125,0.0064497255,0.70143074,-0.096653186,-0.26577285,-0.75380594,0.24917598,-0.1803841,0.18821964,0.05341808,-0.3962589,0.25323412,0.056319024,0.369034,-0.096808515,0.22479123,-0.06139899,0.27678815,0.19532105,0.3866765,0.05190734,0.07859538,-0.43184462,0.36632016,-0.18380721,-0.1901978,-0.08727743,-0.36913258,0.033655282,-0.026291821,0.030320505,0.07915585,0.08425264,-0.26022437,0.03945873,-0.29115492,-0.33746645,0.2523261,0.097723015,-0.051714845,-0.060791716,0.043761417,0.12999007,-0.17526785,-0.24149498,0.13788931,0.055963207,-0.29657546,0.14695986,-0.028830307,0.09672291,-0.040784493,-0.42787275,0.04666269,finance
-0.01105931,-0.1570388,-0.32389632,0.1020628,-0.30259007,0.25487557,0.013566626,0.16295248,-0.15349719,0.15682493,-0.44082233,0.17922908,-0.18866523,0.3793814,-0.2289962,-0.17833315,-0.07697718,-0.4145626,-0.21699974,-0.19665177,0.22415662,0.115916595,0.19280362,0.17994566,0.16124618,0.20646437,-0.29644188,-0.059074283,-0.04023842,0.043821264,0.06307581,-0.17597541,0.21611345,0.1340078,-0.25025186,0.06517922,-0.073813,-0.30159524,-0.04447833,0.4324057,0.21240203,0.23053752,0.3615594,-0.33936515,0.020386081,0.077956185,0.013041485,0.08496121,0.7643179,-0.07515163,-0.028253164,-0.7644006,-0.07659585,-0.042134818,0.13689746,-0.03015921,-0.18678829,0.32976317,-0.09887604,0.07603395,-0.1709494,0.023909075,-0.25054955,0.14981572,0.33032766,0.3203518,0.24564472,-0.13930683,0.0013318143,0.26159248,0.11532249,-0.2439814,-0.35857156,-0.26128295,-0.033053167,-0.13534251,0.27297965,-0.017522868,-0.055381626,-0.3675521,0.1300859,0.0035196338,-0.24499708,0.010406783,-0.1885609,0.12063019,-0.20609353,-0.12734225,-0.06392612,-0.18528494,-0.19356528,-0.046345286,-0.16992426,-0.3199426,-0.023350146,-0.0073249773,0.03912221,0.27173543,-0.15885882,-0.13215324,finance
0.056645416,-0.4288648,-0.20155132,0.11178816,-0.39724112,0.1510962,-0.04566844,0.25164095,-0.12613128,0.19553375,-0.30580717,0.19695698,-0.17664179,0.37570798,-0.17172343,0.042306833,0.27689958,-0.4211836,-0.15409696,-0.29908687,0.34306058,0.16575177,0.095050804,0.37303454,0.3134701,0.22280647,-0.104288094,-0.08939572,0.042325012,0.064250864,0.14720865,-0.27310136,0.25477278,0.21326013,-0.34790426,0.033362936,0.23962969,-0.31921008,0.040184576,0.16342646,0.12110625,0.12960272,0.52357984,-0.15946443,-0.052486215,0.19264834,-0.24502292,-0.11759995,0.84679204,-0.05646025,0.020766577,-0.7971212,-0.10173177,-0.07152389,0.08981965,0.011731581,-0.1303656,0.18935572,-0.11649049,0.39298588,-0.038689215,0.21718922,0.08998483,0.2092997,0.3247693,0.19623815,-0.05463922,-0.15532327,0.0013146905,0.1325934,0.007944542,-0.14338149,-0.34863213,-0.20335579,-0.11197889,-0.17944853,0.37034392,-0.20221944,0.0987325,-0.4223966,-0.012829386,0.07950408,-0.4179122,-0.19873859,-0.05578204,0.0990789,-0.3199678,-0.11407817,0.023421459,0.017420338,-0.14730342,0.16511077,-0.30411062,-0.3316784,0.27442127,-0.32379654,-0.08274712,-0.0800622,-0.48096612,-0.28729418,finance
-0.020647706,-0.110435486,-0.41096562,0.11639336,-0.3012339,0.33011937,-0.09421337,0.12754862,-0.17943893,0.043725614,-0.4267987,0.044683535,-0.031099383,0.37429616,-0.081394166,-0.24634953,0.08636912,-0.39318267,-0.09584322,-0.21978548,0.34014294,0.09282185,0.13495083,0.28398022,0.16303913,-0.037477266,-0.18245347,-0.00331756,-0.14053564,-0.23589477,0.07724528,-0.37879565,0.25862244,-0.088626154,-0.150898,0.034016054,-0.023575863,-0.2388934,0.07957497,0.48907417,0.10519027,0.09441684,0.38799948,-0.22335313,0.110709116,0.15008618,0.024263045,0.20062822,0.5082902,0.037356988,-0.09710259,-0.6991994,-0.04413888,-0.079999596,0.2458217,0.055064123,-0.37482828,0.31162012,-0.06235991,-0.00342592,-0.14236856,0.11422457,-0.39095768,0.22818977,0.06031498,0.1535681,0.2356505,-0.12274179,-0.024168732,0.17017855,0.2243691,-0.20379134,-0.18921836,-0.35995334,0.14799668,-0.010030658,0.20144038,-0.15888755,0.0823192,-0.1552816,0.11019873,-0.03739153,-0.2024709,0.015947254,-0.14156856,0.31382844,-0.07061017,0.13361852,0.15949583,-0.09682472,-0.3360701,-0.016062247,-0.12515871,-0.2878505,0.18023908,-0.16629909,-0.023961022,-0.033633526,-0.275395,-0.16147391,finance
0.10035108,-0.37179068,-0.049339604,0.090878926,-0.120186985,0.25259405,-0.062148765,0.2837309,-0.12608847,0.012007843,-0.39242655,0.13106602,0.18511716,0.33746403,-0.048720773,-0.23819141,-0.23678069,-0.46524677,0.0030017449,-0.19952501,0.27016902,0.08459199,0.07401461,0.42707106,0.18628146,0.18367314,-0.38235268,-0.08437566,-0.26169917,-0.27139205,0.027734507,-0.29179937,0.24163516,-0.032793745,-0.17941567,0.06684013,0.1335214,-0.21884742,-0.006295482,0.5673479,0.15479109,0.11023125,0.4133265,-0.14573015,0.29756966,0.022852365,-0.015231799,0.16615824,0.6871626,0.14542973,-0.21608186,-0.87942004,0.159608,-0.06502892,0.15242119,0.16103481,-0.43546915,0.19235043,-0.015899207,0.1252929,-0.0012117106,0.18131499,-0.012778933,0.26024613,0.18414517,0.07002221,0.13730952,-0.08660635,-0.21008795,0.23150022,0.04719522,-0.22964977,-0.18739697,-0.37253538,-0.094434924,-0.08859281,0.0908917,0.1478805,0.39022022,-0.27379137,-0.01037059,0.16324724,-0.2777787,0.19581991,0.056898233,0.19186285,-0.110692546,-0.11514286,0.01890686,-0.3594196,-0.34411773,0.1474244,-0.20363295,-0.30470926,0.19993612,-0.0709336,0.08142209,-0.04997508,-0.23999916,-0.059265647,finance
0.09753799,-0.31429026,-0.08646303,0.058895912,-0.20269479,0.21856155,-0.13477644,0.27281561,-0.20787725,0.01959674,-0.41180676,0.16329072,0.11845615,0.53935844,0.023187483,-0.34838077,-0.062091365,-0.6134625,-0.02919302,-0.33589694,-0.025077268,0.23717864,0.09726083,0.35968295,0.31449586,0.15748838,-0.42344224,0.007887942,-0.24054071,-0.15356156,0.20050934,-0.26106834,0.26417944,0.11209243,-0.2607246,-0.05258245,-0.035894666,-0.21738286,0.1311679,0.59535825,0.239587,0.05043695,0.3095296,-0.046123747,0.33977813,-0.07993457,-0.16738558,0.017164873,0.7410574,-0.088086955,-0.22542687,-0.76467043,0.13676114,-0.07010914,0.15102792,0.06635602,-0.10618713,0.40878356,0.08079395,0.23972328,-0.17275557,-0.025140546,0.037120882,0.2143613,0.19797766,0.24485283,0.2816715,-0.14885774,-0.2582063,0.4452254,0.063845664,-0.20067848,-0.055776842,-0.532056,-0.071122326,-0.09287445,0.08763353,0.07712837,0.37908414,-0.2951335,0.022440325,-0.12693761,-0.12236457,0.07629499,-0.124189936,0.11752073,-0.111633,-0.034362633,-0.050721396,-0.08755032,-0.39538732,-0.030073663,0.022517221,-0.32292145,-0.017875737,-0.048071846,0.12182698,0.094317734,-0.13973442,-0.18246087,finance
0.011067934,-0.19708961,-0.15062839,0.22478673,-0.118767,0.06317935,0.032363713,0.31782547,-0.2561462,0.15368451,-0.5112662,0.010786594,-0.1964203,0.49900076,0.09826011,-0.18865648,0.103110895,-0.24067834,0.29550266,-0.2311477,0.23903188,0.099487945,0.077410705,0.14808418,0.34335592,0.065771945,-0.47145116,0.055493027,-0.37825125,-0.30652106,-0.2547669,-0.27735177,0.13081081,0.18776667,-0.20949608,-0.12109023,-0.104041874,-0.514651,0.10860609,0.18800789,-0.08251402,0.12145511,0.67277473,-0.19088213,0.067136474,0.16278192,-0.05921399,0.38281974,0.71924126,0.2944266,-0.19723539,-1.0629811,0.29177582,-0.046731986,0.24024099,0.24807648,-0.08701976,0.4496787,-0.04749392,0.18406354,-0.14084089,0.054824974,-0.12279696,0.26185676,0.3540724,0.2132858,0.041822713,-0.081663,-0.12560517,0.17164686,-0.11168436,-0.32847205,-0.056099426,-0.15205492,0.13746278,0.24413086,0.029157892,0.13857149,0.15106685,-0.6306276,0.039722458,0.15640223,-0.07393772,-0.13881108,0.09898257,0.104357034,0.059009776,-0.071303256,0.11780731,0.062752865,-0.26710865,-0.13662098,-0.24885772,-0.3508803,0.04847269,-0.26369467,-0.22374241,0.10140415,-0.10954536,-0.22158384,finance
0.50717396,-0.19531909,0.02149701,-0.07812129,-0.31482774,0.17286763,0.010101361,0.29751396,-0.17695272,-0.09524306,-0.25725558,0.3012576,0.060173806,0.27625027,-0.52142894,-0.096395366,-0.14156528,-0.23822762,-0.1378115,-0.04385236,0.3614858,-0.23990993,0.21052948,0.50010407,0.17785074,-0.07308595,-0.3062422,-0.3026371,-0.402064,0.116253875,0.20298164,-0.16881394,0.6524586,-0.01169523,-0.5377758,-0.113360636,-0.41237786,-0.16026746,-0.039655842,0.37339678,0.29302245,-0.056442093,0.4009626,-0.582542,0.49005297,0.18636937,0.101705894,0.2895626,0.76228184,0.029148553,-0.0956196,-0.7821828,-0.2653207,-0.18341304,0.17669593,0.020907301,0.19874264,0.29503828,-0.15688208,0.16443619,-0.24749292,0.016268173,-0.20032918,0.30538112,0.6201978,0.42076844,0.13548623,-0.0031114449,-0.100898735,0.15472578,0.26988256,0.11794029,-0.35074085,0.10973558,-0.00020775148,-0.23991282,0.32826158,-0.22868872,0.09269206,-0.2785977,-0.2916244,0.03094783,-0.43949956,0.29353705,-0.16238078,-0.12357515,-0.29318434,-0.3086349,0.08376158,-0.3229224,-0.60273516,0.020973343,-0.0031017053,-0.5464018,0.11216532,-0.2597503,0.14016631,0.29571313,-0.25491166,0.13814673,finance
0.1197636,0.05719348,-0.05031291,0.27600944,-0.28415707,0.27847978,-0.18443978,0.21304955,-0.27296662,-0.010936598,-0.4995373,0.08997192,0.10473979,0.34677812,-0.17325342,-0.19068499,0.07162002,-0.19550015,-0.24114917,-0.14242688,0.18559204,-0.15354805,0.2049827,0.46746582,0.4074092,0.25748217,-0.26102182,0.004219789,-0.35694477,0.23472841,0.13522992,-0.33875623,0.44171977,0.10185431,-0.20832725,0.048978023,-0.46538684,-0.29304838,-0.034693208,0.28694907,0.23768152,-0.011391995,0.40235227,-0.6495674,0.29389277,-0.019440452,0.0028223586,-0.022180319,0.70590913,-0.100830324,-0.17576881,-0.6394347,-0.02695841,-0.38071206,0.26625064,0.06992583,0.14469828,0.40004292,0.065048225,0.034789257,-0.27291045,-0.03351384,-0.02348872,0.20616974,0.24769145,0.54171413,0.044601016,0.24137682,-0.088812165,0.2930094,0.08788786,-0.024216287,-0.015913796,-0.16743046,0.21225886,0.0046594455,0.26137012,-0.061337683,-0.16786692,-0.32535914,0.0005278605,-0.14542413,-0.6193441,0.115313716,-0.11165097,-0.1350803,-0.18843432,-0.22215103,0.042429883,-0.29151368,-0.6028456,-0.0639142,-0.1854998,-0.60018104,0.25193146,-0.33130768,0.17300567,0.11809347,-0.23252703,-0.01567919,finance
0.14395595,-0.24020587,-0.12655829,0.04554188,0.05536003,0.16372147,-0.18408263,0.22167829,-0.04289835,0.037582956,-0.4240019,0.34582487,0.15049899,0.17399338,-0.1587931,-0.3834871,0.22465935,-0.31617293,-0.01374408,-0.41048974,0.17382455,0.29060933,-0.09250447,0.28583488,0.3657395,0.1538941,-0.3260296,0.1087599,-0.22973606,-0.19741039,0.11202784,-0.17496598,0.092597336,0.087789744,-0.28956497,-0.031369425,0.109074146,-0.4621385,0.12732685,0.4455381,0.032378845,0.046729192,0.437846,-0.124239095,0.31571496,-0.023660254,-0.042050563,0.11927496,0.80767065,-0.14069346,-0.17302999,-0.6934865,0.4132853,-0.30392724,0.25762796,-0.030625511,-0.001717831,0.5127835,0.11466493,0.42891303,-0.04843132,-0.046427716,0.12419028,0.068644,0.20571733,0.4457186,0.16017409,-0.031226385,-0.5446987,0.36439863,-0.038192287,-0.2009137,0.07685086,-0.33846766,0.06825602,0.019552415,0.07139667,0.38007313,0.36578086,-0.30087137,0.15962729,0.044083543,-0.3043727,0.100803725,-0.07882055,0.18541034,-0.15800701,-0.09964503,0.24230441,-0.12310974,-0.3668641,0.059429932,-0.019608924,-0.39268032,-0.08884878,-0.42871067,-0.14437103,-0.22651155,-0.31738305,-0.2365657,finance
0.20499586,0.14047612,-0.19249395,0.25067753,-0.13438252,0.17820689,-0.33374238,0.025957765,-0.037236225,-0.082469806,-0.41820756,0.33136672,0.1632867,0.06339084,0.06744056,-0.11472309,0.039296936,-0.16610196,-0.18104449,-0.11398307,0.034668975,-0.029839097,0.04128952,0.08615635,0.42022613,0.04915688,-0.13383333,-0.101716,-0.350159,-0.029738007,0.07544736,-0.118027434,0.49030474,0.44923645,-0.1937808,0.017786512,-0.2907916,-0.021190863,0.08553745,0.2889577,0.59751856,0.22509725,0.38057783,-0.5385272,0.26773795,-0.17396258,0.061256323,0.060833473,0.7351462,-0.16727094,0.12221078,-0.87618333,-0.19568665,-0.3871545,0.10509516,-0.01686334,-0.23135506,0.5156845,-0.031682648,0.16059898,-0.14328316,0.12742428,-0.30603525,0.13965504,0.26941165,0.56282264,-0.006209346,-0.032753598,-0.12173482,0.32021564,0.23569193,-0.13760366,0.10073634,-0.15094519,0.2023791,0.12928084,0.0014539957,0.03214206,0.11810299,-0.15075299,-0.06332069,-0.26958635,-0.41989562,0.11227884,-0.24559724,-0.20996721,-0.5247919,-0.21922198,-0.049550943,-0.23541662,-0.4768386,-0.1254135,0.1369836,-0.36553952,0.39075476,-0.5338887,0.34730536,-0.20913628,-0.3143587,0.016826523,finance
0.2013129,-0.06475075,-0.13401906,0.024752825,-0.343717,0.22363812,-0.17895144,0.13914333,-0.21207243,0.049210474,-0.31485513,0.14762856,0.039008766,0.22580479,-0.14912336,-0.14925167,0.09142267,-0.43179202,-0.059149113,-0.2982094,0.002003864,-0.018668856,0.21010406,0.29322034,0.28726843,0.0904709,-0.3572191,-0.018230986,-0.2919008,0.15993431,-0.029422566,-0.2237725,0.41136155,0.12964047,-0.08548756,0.030139228,0.009902868,-0.31581572,-0.06534724,0.5086185,0.31460384,0.16740452,0.279524,-0.38039348,0.23954304,0.042611104,-0.16488595,0.074679986,0.6424422,-0.14642058,0.0049255993,-0.88962984,0.09016697,-0.24259347,0.2744458,0.06150511,-0.1818362,0.3025849,-0.003933096,0.19645022,-0.22856766,0.041246265,-0.10803542,0.26655617,0.18253769,0.51211804,0.100471795,0.01868642,-0.28825903,0.20918894,-0.025062231,-0.01811359,-0.15681419,-0.24520934,0.05580111,-0.111207284,0.09573151,-0.1195478,-0.055585556,-0.2863528,0.07904187,-0.172647,-0.43901655,-0.12203605,-0.043748595,-0.10976453,-0.19486734,-0.08782523,0.027595378,-0.26364848,-0.43058887,-0.04776488,-0.034163862,-0.22461717,0.16604005,-0.45405433,0.13024847,0.0013698133,-0.21900205,0.10888817,finance
0.3008627,-0.29891193,-0.25283507,0.44875407,0.021011097,0.101963624,-0.19247071,0.1342786,-0.010051943,-0.005440253,-0.3641584,0.36925316,0.16184223,0.088037156,0.039409205,-0.2115912,0.13105206,-0.4768587,-0.17358908,-0.282573,0.220827,0.22736906,0.10012038,0.28874215,0.65748584,0.14832863,-0.085603856,0.07121048,-0.24836059,-0.020873515,-0.04623843,-0.16108613,0.12188119,0.04315047,-0.2194756,0.16642225,-0.04403517,-0.20541623,0.08253672,0.4652633,0.03471449,-0.048294198,0.34807414,-0.024424536,0.09881173,-0.4141771,-0.054851063,0.19353314,0.8509328,0.08534493,-0.045192882,-0.80120766,0.29195422,-0.3112392,0.06308546,0.07830401,-0.10009044,0.23335284,0.12443405,0.61306626,-0.38251197,-0.19301821,0.14367,0.1372704,0.28370008,0.50243264,0.16635819,-0.100229956,-0.32657036,-0.013732843,-0.015567459,-0.4214688,-0.010655836,-0.27558732,-0.07047228,-0.10929603,0.19480829,0.02599717,0.36202598,-0.22397742,-0.18679613,-0.0031571703,-0.061250906,0.075829744,-0.032591056,-0.29287225,-0.116992,-0.2164013,0.14236766,-0.16889669,-0.39189103,-0.05171184,-0.13970463,-0.31179956,-0.059625316,-0.24677452,0.06471267,0.14893489,-0.21540391,-0.2604612,finance
0.04441334,-0.23993866,-0.34557068,0.2562836,-0.0935264,0.11906552,0.18049595,0.23417723,-0.16112372,0.3408902,-0.41047427,0.061787553,-0.1282655,0.4709179,0.15519306,0.023777768,0.120068565,-0.46903992,0.18112983,-0.21076205,0.29227743,0.1606784,0.18804248,0.26135427,0.23622641,0.05243814,-0.484073,-0.16037278,-0.3005597,-0.11255129,-0.111190826,-0.22331984,0.27760518,0.314359,-0.21628422,-0.08341302,-0.17915201,-0.3962846,0.1683638,0.35315657,-0.11097312,0.24195173,0.42054468,-0.124479346,0.117289215,0.09629902,-0.1277553,0.2146977,0.699897,0.2756441,-0.45454505,-0.95154077,0.13173649,-0.11407007,0.1230539,0.23696807,-0.16304317,0.24294733,-0.0035932574,0.12521474,-0.026094235,0.1030431,-0.08997877,0.20376863,0.26226556,0.42027944,0.14169547,-0.22938138,-0.2110006,-0.03005809,-0.1680121,-0.19711828,-0.105676554,-0.121946044,-0.03563896,0.0867233,-0.09867151,0.04719748,0.123479836,-0.41649613,0.1081841,-0.012185563,0.002051565,0.09523538,-0.07363868,0.017202599,-0.15272115,-0.034399886,0.04225773,0.1355342,-0.2421973,-0.014515811,-0.1823369,-0.38173902,-0.032819323,-0.13204367,-0.14613627,0.037960246,-0.19287604,-0.07789483,finance
0.061761983,-0.33191356,-0.22342917,0.33007827,-0.08480779,0.30702186,-0.09188015,0.15939192,-0.09765226,0.28787437,-0.5153479,0.049697075,0.20247588,0.21535589,0.016941141,-0.19844852,-0.12106557,-0.516355,0.10584129,-0.1354827,0.39078873,0.30435124,0.023300042,0.19871275,0.28535643,0.16127521,-0.31425005,-0.12955168,-0.3901607,-0.10355655,0.12245684,-0.3398401,0.2895238,0.0343913,-0.2804081,0.011079619,0.013661457,-0.44105333,0.0014707271,0.4802569,0.07494806,0.044232726,0.47877958,-0.22533594,0.18879347,-0.056426506,0.12552378,0.3849954,0.6810527,0.07264415,-0.23221324,-0.44448376,0.18804759,-0.22385855,0.030693658,-0.1649973,-0.3338687,0.32382703,0.17763804,0.08824753,-0.253507,-0.08730635,0.095369406,0.30070946,0.21949597,0.19822267,0.12557931,-0.2556696,-0.19031869,-0.09938332,0.023429545,-0.26006085,-0.024738029,-0.32422706,-0.2902119,-0.06913621,0.2466246,-0.010138906,0.38403073,-0.34960383,-0.10515163,0.14256355,-0.18093626,-0.0076734503,-0.15522195,0.13469541,-0.07426917,-0.10713538,-0.0035870743,-0.1403198,-0.40509892,0.001807276,-0.11880768,-0.33677897,0.12559399,-0.35875165,0.112459585,-0.024613373,-0.24060646,-0.070143916,finance
-0.14973643,-0.22093253,-0.26292536,0.2528346,-0.2466786,0.0725482,0.012490815,0.15578844,-0.1200111,0.119550616,-0.2968815,0.0126689235,-0.09931193,0.42645338,-0.1493096,-0.3946554,0.13001582,-0.6536697,-0.0907368,-0.3509792,0.16475078,0.06902651,0.24234793,0.35988075,0.31921455,0.1559725,-0.061594937,-0.15496108,-0.2611244,-0.26301548,-0.25372058,-0.35108775,0.26049498,0.17218302,-0.17664945,0.15071544,-0.27140546,-0.39782023,-0.040777236,0.28441286,0.25841957,-0.022345206,0.41776097,-0.317065,0.15805058,0.16234477,-0.03555842,0.14768171,0.690845,0.03369232,-0.22203274,-0.8365657,-0.11020472,-0.13052586,0.00022753923,-0.0017158457,-0.5021765,0.27433953,0.06356426,0.2912014,-0.15033944,-0.06912488,-0.17328976,0.16560562,0.07582978,0.31620747,-0.09505409,-0.17804535,-0.20358574,0.33249408,-0.173935,0.061174124,-0.40168077,-0.22334734,-0.14881876,-0.18173681,0.19350162,0.15501979,0.13235143,-0.41737694,0.006157415,0.17833462,-0.083407305,-0.10273076,-0.3120028,-0.14025114,-0.17966639,-0.07026099,-0.021206267,-0.008927191,-0.19468674,0.024693357,-0.30244118,-0.24257755,0.20766696,-0.25675362,0.12484972,-0.08037515,-0.026497003,-0.022580625,finance
0.00985678,-0.021667656,-0.36124042,0.3866247,-0.08359859,0.33541664,-0.06767369,0.19075945,-0.050393805,0.0646028,-0.39236304,0.17200132,-0.136949,0.13889123,0.018806498,-0.14083146,-0.0068319086,-0.4771502,-0.02441855,-0.34128776,0.1747012,0.19226067,0.0039716703,0.2573453,0.208767,0.20151576,-0.1765703,-0.16930114,-0.20614572,-0.08145339,0.035485823,-0.30387917,0.25638017,0.35200298,-0.22298783,0.12103535,-0.1481363,-0.21470225,0.12360431,0.34270826,0.36005515,0.04640355,0.30964863,-0.31545246,0.17758338,0.06544843,-0.11220362,0.07475078,0.70743626,-0.06798066,-0.24196911,-0.91954786,-0.07035031,-0.31081793,0.07112666,0.18087739,-0.47431767,0.26127684,0.14299798,0.056969777,-0.07391189,-0.03643739,-0.040686887,0.12373751,0.17359349,0.45969668,-0.023357147,-0.07949261,-0.17165864,0.29388216,0.09910184,-0.29766133,-0.15077826,-0.19543518,0.0409799,-0.088523336,-0.00028123576,0.21001518,0.21709237,-0.38480395,0.1187762,-0.06394426,-0.2359235,0.079370044,-0.1009414,-0.030025845,-0.332993,-0.03498303,-0.051959027,-0.046269763,-0.45378998,0.17724466,-0.19047979,-0.3141405,0.1164129,-0.17769888,0.005381236,-0.085976,-0.3372004,0.017311824,finance
0.093244575,-0.2687127,-0.18817787,0.1895432,-0.011566955,0.16727053,-0.016533742,0.3981813,-0.1485582,0.22062722,-0.49206465,0.14245752,0.03986294,0.31083035,-0.19537723,-0.21607575,-0.018434517,-0.6721507,-0.06390804,-0.23011972,0.27334914,0.05134674,0.31289005,0.31508532,0.2250373,0.052953806,-0.45150888,-0.1247289,-0.24626014,-0.07405755,-0.075769775,-0.18719529,0.1677117,0.03313224,-0.22485968,0.11111423,-0.21910243,-0.4490947,0.076823786,0.5889442,0.097257815,-0.05801798,0.25886855,-0.27730712,0.1915634,0.08679176,-0.014792127,0.3124718,0.46232408,0.28983727,-0.24459079,-0.46989825,0.039825283,-0.065815724,0.08581213,0.024516398,-0.25225717,0.3598299,-0.104884535,0.12915905,-0.2853266,-0.06414716,-0.010980418,0.35728544,0.09061549,0.2501193,0.18829396,-0.07711735,-0.114087224,0.15563977,-0.05282837,-0.06731743,-0.11280376,-0.13282675,-0.1114213,-0.0635522,0.0713335,0.033630066,0.13361473,-0.20243272,-0.044426482,0.02593153,-0.2852133,0.042554587,-0.15667106,-0.011647823,-0.0058783996,-0.111700825,0.01905221,-0.27745363,-0.2439031,0.061982434,-0.30470732,-0.3926406,0.25208542,-0.32204008,-0.055395473,0.117097035,-0.12584911,-0.059943415,finance
0.28427854,-0.17534494,-0.33441865,0.1279854,-0.046083473,0.07076636,-0.020000478,0.3483314,-0.2743653,0.23461847,-0.53110707,0.14022672,0.093612835,0.54294604,-0.12607442,-0.4041872,-0.043276664,-0.76849645,-0.16913623,-0.119237706,0.1664195,0.20659824,0.31797537,0.27136847,-0.011820316,0.11514623,-0.37885582,-0.14517014,-0.36116365,-0.06762754,-0.061219048,-0.41561922,0.2780914,0.11863265,-0.06116628,-0.110833816,-0.15380526,-0.3025452,0.13127826,0.45415908,0.37147424,0.16169482,0.5418604,-0.43297336,0.10297634,0.28591594,-0.03475429,0.17587754,0.5010923,0.19866453,-0.2733087,-0.5957927,0.056249492,0.013103224,-0.034302752,0.13747329,-0.054797053,0.42580336,-0.3965804,0.31363755,-0.37832293,-0.14339073,-0.08415911,0.34240985,0.33288142,0.36609092,0.09329412,-0.013063273,-0.4290383,0.2137522,-0.15854502,-0.12320238,-0.26676214,-0.07744276,-0.008199588,0.04642657,-0.12568462,0.031687852,0.15419322,-0.2804084,-0.12199326,0.20507523,-0.21979453,-0.13553621,-0.3631752,0.017631138,-0.123356484,-0.17537403,0.16204421,-0.3471393,-0.33608496,0.11296555,-0.34174988,-0.4767927,0.1740396,-0.31990582,0.1968059,0.24070546,-0.03495377,0.06162703,finance
0.1406051,-0.115976125,-0.3811397,0.056385767,-0.17849539,0.2666093,-0.106404185,0.21804188,-0.2349181,0.2999776,-0.3342602,0.3059936,-0.01993435,0.36735818,-0.1294823,-0.30574882,-0.064297654,-0.4550965,0.042429566,-0.29191172,0.40410346,0.019589456,0.29811603,0.4756213,0.20209064,-0.06706957,-0.25643283,-0.07697721,-0.07937346,0.10594412,-0.0240277,-0.4345946,0.5018382,-0.1592813,-0.20792174,0.0071506263,0.04274461,-0.104770124,0.15038182,0.40953362,0.18389493,0.08423201,0.4304473,-0.42427066,0.26489526,0.07234809,0.17767297,0.19654138,0.39379793,0.24617791,-0.07911729,-0.58228296,-0.114914045,-0.12197823,0.31842718,0.062409323,-0.23304924,0.2979139,-0.049046643,0.026410237,-0.06805161,0.16564505,-0.3826856,0.24574506,-0.07155542,0.123389855,0.1190439,-0.09883539,-0.24709737,0.3259086,-0.06557571,-0.2137265,-0.22135828,0.01209802,-0.07110779,-0.118101336,0.121639304,-0.1476714,0.17168798,-0.2538192,0.016360177,0.059637483,-0.15234764,0.15448795,-0.055892624,0.22497469,-0.037097983,-0.02360204,0.20053418,-0.09886743,-0.2998904,0.0807027,-0.2508646,-0.3271158,0.16476014,-0.034884386,-0.03826081,0.15602526,-0.29268628,0.25849596,finance
-0.13200372,-0.30847147,-0.32059425,0.0042665624,-0.14052805,0.21844082,0.13421875,0.28458184,-0.17910479,0.031470627,-0.3636129,0.16109638,0.05158949,0.32581812,-0.152925,-0.39191,0.32596415,-0.431411,-0.015622888,-0.37317228,0.33277133,0.031472985,-0.03846576,0.28450707,-0.096947394,0.22048184,-0.397085,0.091325335,-0.10581406,-0.052179832,-0.2800522,-0.4168704,0.23001745,0.0062152026,-0.10665059,0.059929416,0.25698385,-0.3223708,-0.1383978,0.38184658,-0.14910695,0.013578011,0.32250598,-0.17845084,0.20067008,-0.110457495,-0.049024895,0.09018166,0.6141008,-0.031249557,0.019384932,-0.8491509,0.22052687,-0.07797667,0.12997667,0.31792685,-0.26716837,0.30960074,-0.041568287,0.18655269,-0.008900934,0.013188299,-0.2094111,0.19310182,0.38287094,0.27988616,0.23786598,-0.08556598,-0.31378582,0.3306807,-0.17850725,-0.33216426,0.030044692,-0.12928148,0.05027411,-0.028104527,0.07623764,-0.15274338,0.100719005,-0.46818894,0.09210642,-0.01016436,-0.15786211,-0.13070305,-0.08513508,-0.035208274,0.19583707,-0.15871194,0.25043964,0.060086217,-0.08105056,0.08121378,-0.1938684,-0.24159339,0.20835413,-0.13621573,-0.14094855,0.10930564,-0.031034514,0.054364383,finance
0.13185678,-0.02254863,-0.4497398,0.2981278,-0.28361773,0.15320507,0.025234729,0.3706799,0.058361024,0.2686093,-0.38311237,0.24483077,0.014292281,0.3275311,0.07673241,-0.17531382,0.08779773,-0.67544603,0.09326575,-0.28518334,0.1845291,0.2576786,-0.044039153,0.22133245,0.11669684,0.08461221,-0.32281494,-0.13977209,-0.16298138,-0.26318553,-0.014938282,-0.4615071,0.3287287,0.13602817,-0.31802705,0.043280967,0.03694615,-0.3619494,0.14632678,0.33482447,0.33194402,0.14870442,0.43779367,-0.10410496,0.006979798,0.09705446,-0.12067841,0.1850327,0.79746985,0.21405894,-0.277753,-0.79791754,0.027013576,-0.142517,0.05104991,0.14271946,-0.23056619,0.26375148,-0.08372418,0.10576442,-0.11439377,-0.1249861,-0.15540424,0.19037043,0.27374062,0.2145209,0.1514012,-0.051512342,-0.12445664,0.15830849,-0.10039582,-0.20567714,-0.03598482,-0.1571342,0.02849061,-0.0039145485,-0.05446427,0.11052317,0.31047314,-0.32266754,0.14031889,0.01271582,-0.04334553,0.031190254,-0.027360441,0.13300568,-0.10054213,0.097342275,0.0075426362,0.02193933,-0.3988989,-0.031872753,-0.062757745,-0.24377748,0.03842757,-0.28291187,-0.0979618,0.050052118,-0.25125083,-0.2913172,finance
0.1413769,-0.10050309,-0.3660046,-0.039486896,-0.28985605,0.071602814,-0.21535087,0.19903973,-0.13359834,0.4010187,-0.3886027,0.15638994,-0.015929515,0.2994481,-0.028516399,-0.09910454,0.27495235,-0.44597188,0.15259981,-0.25200003,0.27000946,0.017746875,0.15979128,0.5131474,0.43948078,-0.14039385,-0.27421463,0.15921831,-0.08355904,0.3157788,-0.036934774,-0.47411957,0.5839658,-0.023820646,-0.392605,0.04634567,-0.014341589,-0.28904453,-0.081532925,0.40583193,-0.030586774,-0.036765307,0.53661805,-0.16706897,0.22825445,0.06090938,0.2924681,0.124077655,0.5546318,0.1300729,-0.29494613,-0.5443307,-0.17780276,-0.41162804,0.2439697,-0.04882152,-0.06350771,0.5280316,-0.0741878,0.22422571,-0.21776076,0.028249772,-0.368358,0.20003697,-0.103228286,0.1761488,0.07894181,-0.13065022,-0.22566986,0.35927013,-0.16640426,-0.044704657,-0.22629872,-0.118974805,-0.031569246,-0.047881648,0.1369462,-0.13858427,0.13991293,-0.23508617,0.02603398,0.20629992,-0.15139398,0.09059479,-0.007912385,0.15169446,-0.15002032,-0.14308186,0.20643249,-0.11819426,-0.21521583,0.13694048,-0.19933736,-0.46251374,0.2236491,0.08214312,0.17901312,-0.027178247,-0.31964082,0.06632687,finance
0.14300303,-0.15334155,-0.36636508,-0.031361096,-0.30020055,0.07922538,-0.2314675,0.122570686,-0.12428869,0.38591003,-0.4458387,0.118537486,-0.0098012565,0.31563655,-0.015573427,-0.12087402,0.28701866,-0.45896366,0.19434826,-0.2938492,0.31352794,0.023056796,0.17399123,0.5397101,0.47776607,-0.117703535,-0.33996966,0.18293129,-0.07100531,0.32466084,-0.10002371,-0.46132383,0.5440721,-0.03609856,-0.41375893,0.028810697,-0.03994416,-0.3032721,-0.080081485,0.39097703,0.04065785,0.02966435,0.56401515,-0.16263951,0.25009736,0.11957116,0.25315458,0.076653935,0.49794158,0.16819763,-0.29276538,-0.6036605,-0.19391619,-0.38968697,0.2377409,-0.055837385,-0.041694753,0.518916,-0.065147474,0.20779799,-0.1708859,0.031114276,-0.3186619,0.18196613,-0.11794866,0.12721044,0.03717666,-0.07630861,-0.18475987,0.33150357,-0.12646842,-0.1022524,-0.23963845,-0.10673697,-0.032782834,-0.10058353,0.15978958,-0.13693096,0.109380335,-0.25016573,-0.013680484,0.23774154,-0.17737372,0.057853624,-0.028027821,0.08550937,-0.15354966,-0.11920415,0.18308942,-0.08083089,-0.27230543,0.05249399,-0.23525673,-0.46826768,0.21367396,0.11986088,0.17849994,0.017980136,-0.35305315,0.030358527,finance
0.085386746,-0.23030494,-0.19930084,0.18723065,-0.15345173,0.14545302,-0.034693636,0.29032207,-0.29287553,0.25567874,-0.287957,0.18147215,0.2653605,0.31942087,0.013598451,-0.13473032,-0.09833046,-0.6270133,0.030233359,-0.16761978,0.5752616,0.2274784,0.19166034,0.2305523,0.08361668,-0.17006643,-0.27990782,-0.29008242,-0.35284194,0.07794387,0.05267375,-0.30034322,0.33078736,0.13596457,-0.17912343,0.14202651,-0.14072861,-0.40827632,0.19931513,0.6425682,0.3405192,-0.030112011,0.38535482,-0.3153928,0.2027468,0.21374935,-0.042939577,0.049954172,0.46950668,0.2487033,-0.3460208,-0.79579353,0.06037188,0.12513027,0.064593,0.20612441,-0.27978462,0.6591415,-0.06980582,0.35477677,-0.30722517,-0.18257181,0.052811023,0.3454509,0.32356492,0.39385277,0.17453793,-0.2250757,-0.29288268,0.39754957,-0.122846246,-0.23989873,-0.11167175,0.025041925,-0.072661325,0.0745251,0.17071316,-0.022187674,0.21540128,-0.40504596,0.0273418,0.27721772,-0.15021873,0.01020129,-0.24480748,0.21237004,-0.32294342,0.04173092,0.18911149,-0.33606765,-0.38641062,0.025118554,-0.27440366,-0.23293582,0.30851778,-0.3006861,-0.17585713,0.045252815,-0.009913536,0.010798487,finance
0.048784804,-0.27699202,-0.15479465,0.16954118,0.026916666,0.21325782,0.0056937127,0.3283332,-0.3277168,0.28260562,-0.5398948,-0.062305182,0.19405791,0.48294622,-0.15745512,-0.19208841,0.031611115,-0.8200508,-0.06876611,-0.10354759,0.34327498,0.26902783,0.16109544,0.39278477,0.101759784,-0.025526367,-0.4346137,-0.19615355,-0.2498978,0.08238902,-0.057141934,-0.26607382,0.17272174,0.069387555,-0.25292483,0.12547426,0.14242017,-0.4630747,0.02979685,0.41109705,0.23728994,0.13004848,0.5349996,-0.32188633,0.16569918,0.07228143,-0.14942369,0.14579347,0.4000847,0.18429404,-0.3259174,-0.61414677,0.3266112,-0.011767399,0.10984864,-0.046152532,-0.20038405,0.6476848,-0.12599601,0.27456942,-0.2798652,0.087149724,0.16243488,0.42581385,0.2836289,0.21996589,0.03677092,-0.10383341,-0.31097323,0.16746025,-0.27896157,-0.17801012,-0.0848837,0.032365248,-0.06580551,-0.041177586,0.05681298,0.21617156,0.30350292,-0.3012385,-0.00906354,0.20342611,-0.30969274,-0.035206195,-0.21546645,0.037800282,-0.0045358045,-0.10144322,0.106314205,-0.27889028,-0.30592066,0.2566108,-0.32560268,-0.39777845,0.28162104,-0.19101515,0.0014964727,0.06507124,-0.15664908,0.07790827,finance
0.093120754,-0.27390128,-0.32350802,0.11737698,-0.17774285,0.10708422,-0.044616878,0.13807139,-0.16625632,0.2799737,-0.44043344,0.09330673,0.30088252,0.37156376,-0.12693554,-0.22986552,0.16275106,-0.6202049,0.029400967,-0.30876467,0.2750455,0.14059281,0.1652565,0.29906708,0.20222284,-0.15545341,-0.47222638,-0.042655278,-0.03336518,0.03141895,-0.08128666,-0.32054642,0.23761754,0.14837314,-0.35157406,0.1252682,-0.11395539,-0.40326953,-0.033773206,0.5906745,0.15753275,0.11567208,0.4061842,-0.26702207,0.24646749,0.2858,-0.01852853,0.14453463,0.43909058,0.27002323,-0.33883727,-0.67918813,-0.10783394,-0.28639334,0.09979238,0.072537884,-0.03850727,0.49686497,-0.15857019,0.21807112,-0.13996257,-0.042843543,-0.15127894,0.24736504,0.35492045,0.35989338,0.21313077,-0.1550598,-0.27942747,0.16366835,-0.29649463,-0.10869477,-0.20169292,-0.029494727,0.018052459,-0.020139435,0.082156,0.043683402,0.28353974,-0.19659181,-0.059944946,0.2296406,-0.219608,0.07115614,-0.15239553,0.10801913,-0.115105465,-0.26015955,0.091746055,-0.30915943,-0.29685137,0.17548208,-0.24366678,-0.54502404,0.2228232,-0.043633092,0.31008476,0.014154448,-0.2516678,0.022746243,finance
-0.057056498,-0.10061079,-0.37603843,0.10394492,-0.39475197,0.2702271,-0.11296275,0.14200877,-0.08228968,0.21001439,-0.5861324,0.0056323386,-0.03338687,0.65964335,0.0787882,-0.43726912,-0.20331009,-0.5778859,-0.08675331,-0.11863712,0.32236487,0.1454742,0.09481489,0.4442831,0.33036965,0.08367969,-0.3082006,-0.08837226,-0.24075511,-0.2018286,0.0687583,-0.34411523,0.07449383,-0.033521682,-0.09021132,0.009616835,0.21256213,-0.2541496,0.3236945,0.2906111,0.20656234,0.010507687,0.36211902,-0.093765765,0.14665052,0.3078562,0.12112617,0.29326335,0.5294426,-0.1949212,0.06251118,-0.9484858,0.1394166,-0.13099054,0.15424606,-0.16810483,-0.37854713,0.2792315,0.17946897,0.01373824,-0.1328985,0.009924216,-0.28169525,0.065722026,-0.054696616,-0.044890977,0.020905085,-0.33861908,-0.1967055,0.30624583,0.24988224,-0.3754067,-0.012211699,-0.67453086,0.02294862,0.04052362,0.29860923,0.1030406,0.16408154,-0.21446754,-0.014385096,0.038559385,-0.20552863,-0.050500352,-0.0023242845,0.03438937,-0.018179465,-0.047672838,0.27723116,-0.025679901,-0.3938467,0.17685361,-0.113925554,-0.24674675,0.17508613,-0.12811369,-0.12521982,-0.11986961,-0.36246857,0.017972391,finance
0.04786589,-0.27316085,-0.23185652,0.12770966,0.037789088,0.17402661,0.023617662,0.29896498,-0.2523937,0.24603517,-0.45047107,-0.027230626,0.14150484,0.3516979,-0.26040193,-0.21367995,0.006377074,-0.64683443,0.007922734,-0.11746813,0.2984242,0.28219396,0.28564966,0.45036313,0.21407603,0.024786452,-0.42299092,-0.20929447,-0.15556271,0.055107623,0.0008574668,-0.1912544,0.23680173,0.17543055,-0.24784052,0.0053635472,-0.07211021,-0.37317228,0.014122667,0.339072,0.21146205,0.066353515,0.47488883,-0.34237143,0.18839699,0.17661713,-0.1339985,0.13131842,0.45532775,0.13826086,-0.2649543,-0.65499425,0.19398278,-0.044406034,0.05373349,-0.018821264,-0.18434677,0.51934654,-0.1064023,0.22257861,-0.29135987,0.11142481,0.039372355,0.4391672,0.3360657,0.3616282,0.10705044,-0.1695009,-0.19501252,0.1268851,-0.17462674,-0.13359271,-0.15673584,0.051300503,-0.07662646,-0.008596799,0.0830457,0.0500705,0.2951464,-0.18301599,-0.05741475,0.15633814,-0.2093783,-0.1138401,-0.34699872,-0.010697695,-0.0391188,-0.19040419,0.07632546,-0.3290096,-0.32949722,0.19037844,-0.35835856,-0.44335502,0.26912662,-0.23477724,-0.01027163,0.02227163,-0.116350316,0.11317994,finance
-0.07799096,-0.35466176,-0.19233395,0.21153744,-0.17115945,0.3893997,0.33771852,0.27157843,-0.28042242,0.12492695,-0.23503621,0.114884965,0.19672503,0.3532922,-0.057365384,-0.20460336,0.087701604,-0.48458976,-0.08423699,0.015945856,0.2444402,0.14561477,0.0027192556,0.51211196,-0.12640262,-0.019261906,-0.22250369,-0.019876957,-0.3512375,-0.116653584,0.010964782,-0.42120782,0.2397741,0.16953951,-0.14589532,0.056367505,-0.058651827,-0.43636551,0.16384695,0.65567553,0.0295372,0.15296349,0.51949257,-0.026874043,0.15698051,-0.110301256,-0.0023467536,0.16977562,0.7275942,0.12652765,-0.21808606,-0.760851,0.21748549,-0.16308756,0.06485976,0.219989,-0.5599472,0.37901577,0.13769843,0.14359562,0.04853289,0.07971524,-0.18855672,0.17361929,0.09280547,0.50399053,0.2626222,-0.16166364,-0.08745207,0.35513973,-0.1582678,-0.15885027,-0.025320766,-0.26882005,-0.1836538,0.052727006,0.1630353,0.258481,0.26970997,-0.40546387,0.17613207,-0.067746066,-0.2035585,0.15096128,0.013240697,0.24026574,-0.15719336,-0.07785694,-0.05710068,-0.1534083,-0.32379475,-0.04545296,-0.08677842,-0.34090215,0.34751058,0.12215793,-0.037158962,-0.043451473,-0.1517106,0.038568106,finance
0.18232515,-0.38221255,-0.30541468,0.32542852,-0.0398778,0.3447616,0.17507426,0.23925932,-0.20870942,0.31787413,-0.49210742,0.14034496,0.3200239,0.37728885,0.047936272,-0.17210782,0.050778575,-0.7001423,0.084157005,-0.24229346,0.22255671,0.18341193,0.22776136,0.25083107,0.2478134,-0.070928745,-0.4643101,-0.22200702,-0.36096576,0.014013945,0.0030972434,-0.20363922,0.24057771,0.12658061,-0.2897903,-0.022680935,-0.12862441,-0.3538986,-0.00039747913,0.4575017,0.24491824,0.25010222,0.49149534,-0.33957827,0.22870913,0.19179778,-0.024146937,0.1140353,0.7191542,0.28382075,-0.35185915,-0.54294837,0.08270286,-0.19325145,0.08259787,-0.0945307,-0.08590197,0.43409207,0.105074264,0.13674952,-0.35184753,-0.030939974,0.14870787,0.26444748,0.26691303,0.21709979,0.21756606,-0.16271107,-0.22796248,-0.065700896,-0.17765436,-0.40893665,-0.28852126,-0.078866884,-0.16869959,-0.11986233,0.12935168,0.22856039,0.35550082,-0.19298975,-0.3217602,0.060933623,-0.29164988,0.098924264,-0.033083398,0.15100643,-0.15298924,-0.06630988,0.1692426,-0.37058648,-0.36796865,0.14721194,-0.10273058,-0.49276805,0.32973033,-0.30996123,0.09048447,-0.18560548,-0.03449061,0.07512956,finance
-0.056334976,-0.44774526,-0.19203638,0.37367484,-0.038322046,0.24470231,0.26269466,0.23113951,-0.20172736,0.15754464,-0.17303798,0.089933194,0.13861813,0.41999924,-0.06827705,-0.20080289,0.069552585,-0.48973256,-0.18705441,-0.057736207,0.24604785,0.079581186,-0.13763654,0.54942346,-0.009731267,-0.017819611,-0.25289738,-0.06218594,-0.22721839,-0.120894164,0.035860028,-0.37185922,0.14261307,0.227039,-0.18560117,0.25284982,-0.17003652,-0.40284002,0.08083375,0.5250824,-0.0511219,0.27909586,0.48785412,-0.06392581,0.15726295,-0.024285192,-0.117287576,0.004206665,0.6950216,0.20052977,-0.36098936,-0.8556914,0.21909463,-0.075759046,0.1061384,0.17702053,-0.6138937,0.45768696,0.09931567,0.20891027,0.0027790922,-0.014980301,-0.17840281,0.18762533,0.10502004,0.49767092,0.14770508,-0.15430243,-0.26929882,0.40227506,-0.16332546,-0.10096947,-0.030327596,-0.30185533,-0.14244303,0.050162524,0.19246179,0.31334072,0.21822302,-0.48949555,0.24009259,-0.04766198,-0.29210055,0.10061365,-0.095953934,0.1742836,-0.19525477,0.0065032155,0.05287716,-0.15175116,-0.31341156,-0.15145472,-0.076992124,-0.31853002,0.32529083,0.055121303,0.0060016112,0.03484497,-0.05601033,-0.06022799,finance
0.03524566,-0.107567295,-0.40339336,0.23827691,-0.14718956,0.2709187,-0.060632415,0.16807723,-0.011035667,0.17659926,-0.51100254,0.16676009,-0.09954955,0.23294756,0.15247728,-0.052483696,0.05361338,-0.41865027,-0.07196526,-0.42307118,0.29076603,0.27330378,0.15549175,0.21902806,0.3784804,0.15045509,-0.29272792,0.067678355,-0.06294507,-0.04980635,-0.05243124,-0.11783258,0.14571969,0.18228129,-0.29538152,0.08268659,-0.15720525,-0.18001232,0.11297116,0.087761864,0.16055065,-0.0013244104,0.16966124,-0.4617847,0.15078837,0.028496547,-0.044675536,0.1716648,0.7261281,-0.031820495,-0.25897834,-0.9228742,-0.093850225,-0.36444777,0.1808743,0.16639985,-0.20818622,0.18736084,0.14161487,0.18491058,-0.17524551,0.06055409,0.040670734,0.09633071,0.074899144,0.50695634,0.10018105,-0.07511066,-0.11391256,0.120345235,0.021723723,-0.063055374,-0.019884925,-0.36193502,0.004362263,-0.075409316,0.07882224,-0.058284394,0.098432176,-0.116517924,0.09051891,-0.14301012,-0.29899943,0.08770837,-0.22166003,-0.07468056,-0.211782,-0.10033331,0.04961879,-0.114008516,-0.4129378,-0.059168745,-0.01656861,-0.4981945,0.28292412,-0.45034188,-0.1433364,-0.089869864,-0.33573434,-0.07484062,finance
0.11638262,-0.12056363,-0.15967155,0.3847367,-0.17385986,0.15746312,-0.004685169,0.36988387,-0.059539627,0.08778757,-0.37421596,0.23605347,0.12726817,0.28535548,0.251459,-0.35396934,0.03964232,-0.51116866,0.09083909,-0.4324413,0.3108367,0.049215812,-0.043983575,0.22260103,0.27907303,0.13064477,-0.1796437,-0.107765,-0.0633877,-0.0908397,0.018963153,-0.2975625,0.22969608,0.24418536,-0.31458312,0.0729047,-0.016372956,-0.25432396,-0.028072309,0.5095326,0.26970297,0.08237068,0.38403597,-0.16398379,0.25646523,-0.08673963,-0.12134399,0.22138456,0.7636152,0.0781349,-0.09610922,-0.8860224,0.1126259,-0.3917585,0.13032041,0.27097374,-0.38106802,0.45047826,0.12991793,0.22426781,-0.06985839,-0.013037246,-0.021263415,0.113040656,0.25097284,0.5000277,0.15822887,-0.049378686,-0.31025332,0.091414355,0.0065847374,-0.25419834,-0.112564474,-0.25726458,0.031747613,-0.10769988,-0.08380053,0.1939329,0.22688062,-0.3015378,0.10167026,0.1821193,-0.031586345,0.1492961,-0.03364376,-0.11533679,-0.24449694,-0.0038671466,-0.10018138,0.0269424,-0.5217992,0.022166979,-0.28973344,-0.36220217,0.10935456,-0.15220234,0.087400906,0.028988045,-0.30828142,0.057050742,finance
0.14048114,-0.3121284,-0.19080742,0.20877741,-0.23920284,0.24246566,0.096807905,0.17455974,-0.25394526,0.18313573,-0.26797155,0.17941222,-0.16889687,0.43079853,-0.1557334,-0.104740724,0.035132237,-0.4899585,0.017072853,-0.25083935,0.32599753,0.13950507,0.2164233,0.25467283,0.22229704,0.069703475,-0.38923165,0.06479288,-0.06577859,0.10966942,0.07273537,-0.1883206,0.2923261,0.062337734,-0.19588241,-0.026557535,-0.059949774,-0.3128086,0.028085647,0.42961237,0.055718906,0.11949919,0.3439149,-0.14754766,0.1626947,0.13703856,0.09188251,0.12875433,0.64562196,0.17702119,-0.3225866,-0.86275035,0.066633284,-0.24068345,0.090462446,0.039788138,-0.2937905,0.023054045,0.15854828,0.1303686,-0.1467818,0.06701171,-0.06966755,0.18137702,0.30187267,0.33400485,0.11582407,-0.33995268,-0.17975491,0.05056125,-0.03023203,-0.15596205,-0.27544457,-0.2362475,-0.07633433,0.035726227,0.10765648,0.09059207,0.080458656,-0.28573555,-0.02534863,0.12595686,-0.115066744,0.018170703,-0.1797425,0.011988535,-0.22989498,0.006425967,0.027320318,-0.2048331,-0.24872953,0.13523681,-0.2977494,-0.22016737,0.13739948,-0.29207337,0.03444893,-0.113188036,-0.16683115,0.10337923,finance
0.062085427,-0.20698959,-0.22607644,0.22335584,-0.13563684,0.10924388,-0.07451876,0.26240227,-0.25637433,0.21258183,-0.38795453,0.12212755,0.2518031,0.31838137,-0.006030319,-0.13696884,-0.04565544,-0.6556414,0.011440674,-0.16001128,0.45416036,0.23032962,0.20664288,0.1946889,0.12675022,-0.10702655,-0.2863181,-0.16440083,-0.33300558,0.040835623,0.020178877,-0.2655832,0.26537496,0.19530988,-0.22064261,0.14811705,-0.18914907,-0.4450484,0.11173882,0.59005976,0.37272233,0.03800748,0.40276974,-0.29544997,0.18301277,0.20574182,-0.040108323,0.087770686,0.48765087,0.2651024,-0.35322094,-0.66651034,0.07000994,0.07716652,0.07374558,0.120066024,-0.2448838,0.61732125,-0.13397276,0.31639495,-0.26866665,-0.13025346,0.048730914,0.35908213,0.24544981,0.36822549,0.07448016,-0.16272463,-0.21630281,0.39667085,-0.10564285,-0.18540682,-0.1365528,-0.102765165,-0.08688118,0.02941006,0.13937019,0.005366328,0.24323936,-0.3804595,0.05341779,0.23015472,-0.1668903,0.016559329,-0.3212442,0.13634485,-0.28238747,-0.021294666,0.1704859,-0.27412632,-0.34882763,0.019685151,-0.3246356,-0.2767989,0.27740312,-0.24620564,-0.07368121,0.08402235,-0.03110345,-0.02567784,finance
0.119396,0.011172522,0.0041899425,0.18667798,-0.4080704,0.28711513,-0.10960887,0.31731722,-0.34012735,-0.015392086,-0.44276682,0.12206646,0.09016598,0.28373176,-0.32635188,-0.2593709,0.07402493,-0.19892783,-0.23462592,-0.28377026,0.09859161,-0.18180735,0.2172969,0.4706141,0.3087136,0.24991386,-0.34847113,-0.0033406152,-0.2283128,0.11278827,0.11353622,-0.30812615,0.44493723,0.07489252,-0.10995478,0.1089091,-0.33543047,-0.30645472,-0.051435128,0.4138718,0.13643318,0.065166146,0.3326158,-0.76460963,0.31797993,-0.0070335562,0.049837064,0.09701927,0.62884635,-0.26863286,-0.29935974,-0.68999577,-0.055308837,-0.47125465,0.3629536,0.03874642,0.11776645,0.37232605,-0.009046971,0.11649884,-0.038928844,-0.04931764,0.12544206,0.263333,0.22890419,0.4761092,-0.015688471,0.25657353,-0.09197588,0.3237688,0.05712379,0.0946323,-0.034942064,-0.23214327,0.09953036,-0.06920841,0.28432617,-0.14197348,-0.25335333,-0.3360558,-0.015383161,-0.19068569,-0.61155236,0.19591664,-0.07851337,-0.1494849,-0.25829026,-0.15245952,0.00088017,-0.14073393,-0.57340324,-0.0086532375,-0.13453063,-0.47891298,0.23427759,-0.23906355,0.13333787,-0.027192598,-0.30346972,0.06946458,finance
0.15443683,-0.27420208,-0.1622193,0.25819635,-0.33639538,0.01292564,0.13939738,0.20351896,-0.2672332,0.22093704,-0.24285956,-0.00032429656,0.05293975,0.35764173,-0.039873343,-0.19919513,0.18237567,-0.6009095,0.110704646,-0.2639784,0.3793274,-0.0018876551,0.31281146,0.45329455,0.28779215,-0.067130685,-0.2918439,-0.016765758,0.043067887,0.06578642,-0.08969796,-0.4359203,0.3404946,0.24980228,-0.25122136,0.12566529,-0.16575223,-0.56030434,0.05196661,0.42904428,0.08600006,0.0063710483,0.53799015,-0.17180835,0.25388902,0.17432489,-0.058776617,0.1290598,0.67150307,0.21571027,-0.40523577,-0.6130413,0.07587202,-0.1714571,0.10889418,0.10969211,-0.1327934,0.34761932,-0.12918054,0.32644433,-0.11499375,0.013064475,0.052250262,0.34233475,0.18872656,0.41157055,-0.008977809,-0.15086962,-0.13506831,0.030090144,-0.10916007,-0.04377612,-0.4224012,-0.2426452,-0.30772558,-0.06543366,-0.00708445,0.040013034,0.22400087,-0.32045195,0.066221744,0.22158456,-0.111679174,0.007774411,-0.46244264,0.014828391,-0.22676365,-0.19773524,0.048485637,-0.11250209,-0.1934357,0.06840587,-0.3560831,-0.51272064,0.28230277,-0.34130943,0.09400678,-0.060889367,-0.053034343,0.020283122,finance
0.06417853,0.095892385,-0.24607272,0.16582234,-0.49925372,0.23649241,-0.0760354,0.17773798,0.09219751,0.07100555,-0.29901612,0.25069585,0.10971149,0.25589797,0.02010022,-0.17960636,0.077652894,-0.67088103,0.11070941,-0.40170443,0.26270217,0.1716488,0.18029693,0.26626024,0.24399085,0.09370451,-0.41841567,-0.10796553,-0.1331543,-0.05125166,-0.031821877,-0.4473326,0.32512304,0.049246684,-0.36930445,0.12788539,0.044913076,-0.18818961,0.1425501,0.5716577,0.3493479,0.09995645,0.5009195,-0.008365154,0.091643505,0.03916931,-0.12942344,0.20614374,0.7867587,0.060173836,-0.21130091,-0.88083225,-0.022343453,-0.06367947,0.08602716,0.19093314,-0.12680833,0.43846285,0.010439827,0.30708125,-0.23511478,-0.11873219,-0.031463064,0.16042615,0.32326218,0.1974599,0.30928797,-0.0727753,-0.22301151,0.12729673,-0.048691213,-0.2834427,-0.14381623,-0.25594923,-0.030901156,-0.09045055,-0.07010654,0.035414632,0.2463202,-0.2234626,0.121688485,-0.014072043,0.0239585,0.058087423,-0.055874895,0.1797847,-0.21631844,-0.0025731695,-0.06581188,-0.17190064,-0.45596385,0.022426624,-0.08200312,-0.333207,0.028234145,-0.32618886,0.08329166,0.15471049,-0.12260929,-0.24070667,finance
-0.09886971,-0.08607968,-0.30401394,0.22018918,-0.21678251,0.06743532,-0.08181322,0.26115736,-0.19092536,0.15760574,-0.34588453,-0.029612778,-0.09886755,0.457944,-0.1929373,-0.3610399,0.1665173,-0.5747813,-0.18090317,-0.42738461,0.097663864,0.088682994,0.12278042,0.2963298,0.29725024,0.15404578,-0.08903221,-0.046739455,-0.22775827,-0.272798,-0.21673328,-0.37143272,0.3062345,0.21120664,-0.11085107,0.11783848,-0.21444423,-0.2938022,-0.12188197,0.18919356,0.24374576,0.15281035,0.45786223,-0.29848063,0.31739256,0.16223876,0.017190017,0.12963589,0.71997255,0.017970711,-0.289412,-0.9652301,-0.28305158,-0.1787157,0.022766802,0.02684932,-0.41453585,0.35847723,0.05080048,0.2797647,-0.13250189,-0.04811507,-0.19019523,0.19542706,0.09310161,0.39667723,-0.18242307,-0.18036799,-0.3014491,0.23143856,-0.15368135,0.028991116,-0.5000478,-0.27411228,-0.09443359,-0.19247736,0.1099795,0.1375057,0.14257245,-0.38224563,-0.031457167,0.03099185,-0.06845002,-0.08916498,-0.28132394,-0.10220886,-0.35850707,-0.03899934,-0.04394889,0.066044986,-0.13663666,0.0088501135,-0.32291806,-0.050365243,0.17685153,-0.2935142,0.1211722,-0.089759186,0.042329177,-0.10505078,finance
0.31472784,-0.19058485,-0.31946874,0.09990817,-0.055588644,0.11253196,0.020212188,0.29270715,-0.25690955,0.23221856,-0.48206827,0.15874468,0.10332179,0.52161163,-0.14197414,-0.37222576,-0.07928584,-0.7305651,-0.20027603,-0.11469661,0.18991193,0.17142743,0.30214503,0.2724914,0.050965175,0.035264187,-0.36388937,-0.16788013,-0.3487152,-0.05150794,-0.045490216,-0.4326327,0.27240965,0.12040741,-0.100064024,-0.122933045,-0.22240123,-0.314864,0.119891606,0.4422572,0.37825713,0.17393199,0.54274696,-0.44107646,0.12943943,0.27103177,-0.063441075,0.13257466,0.5063449,0.23658493,-0.28830814,-0.6151786,0.07719387,0.015480933,0.020169906,0.14476837,-0.037251208,0.4320417,-0.41901094,0.2747644,-0.3816359,-0.12288003,-0.07930677,0.2933157,0.2944658,0.3902221,0.067326985,-0.027461449,-0.3761246,0.14484708,-0.08884456,-0.138098,-0.2452317,-0.09327454,0.022740046,0.095969945,-0.11588427,0.044794608,0.14569056,-0.277112,-0.091308795,0.16902569,-0.22563432,-0.12317588,-0.40671745,0.043558303,-0.16225049,-0.1555115,0.121346675,-0.3215077,-0.31650117,0.07151968,-0.33828253,-0.45459768,0.16494678,-0.3565833,0.1760556,0.25189534,-0.067250334,0.03832926,finance
0.08797225,-0.23553994,-0.11072598,0.22833909,-0.2992839,0.4431696,0.26716933,0.46233946,0.44056487,0.4291254,-0.8307569,0.5863043,-0.25880772,0.30344754,0.02759253,-0.281919,-0.018167535,-0.49393594,-0.21856529,-0.22464724,0.6547403,0.3156082,0.20663624,0.47592214,0.043260578,0.32841673,-0.47846448,0.019742345,-0.32669416,0.121877104,-0.28708458,-0.13303411,0.11151039,0.015387099,0.03976419,-0.22694415,-0.086782575,-0.29627874,0.16738316,0.0014902167,-0.34829685,-0.08813753,0.30585772,-0.49655512,-0.110264875,0.21638924,-0.0855706,-0.02069262,0.7708572,-0.36708832,-0.19606276,-1.0710216,0.1045087,-0.42086124,0.26831365,0.49258745,-0.043190572,0.33384928,-0.00759429,0.029872738,0.23995067,-0.18129809,0.006579485,-0.16799521,0.15220368,0.5937442,0.0604018,0.09672041,-0.11661975,0.19059046,-0.1257733,-0.4175156,0.18309566,-0.58815545,0.20710161,0.15661603,-0.09122886,-0.3737301,0.164196,-0.046170518,-0.119257025,0.007583893,-0.37376508,0.2807411,-0.0798001,0.037235856,-0.38059488,-0.178461,-0.122340396,0.14819877,-0.120053664,-0.14581487,-0.08048183,-0.39542294,0.49530995,-0.36825943,-0.4939046,-0.16285238,-0.07254048,0.0072508994,finance
0.070815876,-0.036660917,-0.23400429,0.13043445,-0.4389043,0.11697607,-0.12802282,0.36132452,-0.073895,0.02626645,-0.24680138,0.32150277,0.09289481,0.23742309,0.0046795188,-0.04060903,0.12502363,-0.70655113,0.059258886,-0.28348565,0.13857011,0.15508616,0.10671331,0.30313414,0.2668114,-0.04474204,-0.3615676,-0.010797187,-0.22946794,-0.028658275,0.15033785,-0.4094019,0.3028858,-0.00094005454,-0.3821041,0.17150138,-0.05418784,-0.16106662,0.088783726,0.46736756,0.3987148,0.1469127,0.51717293,-0.0060362257,0.21497822,0.030999977,-0.16483298,0.06455709,0.7905644,0.05066753,-0.20546238,-0.79259014,-0.016171012,-0.02211817,0.18341738,0.14172553,-0.093186595,0.39875335,-0.09884445,0.27697387,-0.24511501,-0.06819167,-0.11545187,0.34494215,0.15740564,0.3633392,0.22935823,-0.103017785,-0.17916605,0.20510764,0.00027321448,-0.13169917,-0.07714955,-0.30004692,0.026953468,-0.10735128,0.011394064,-0.10078621,0.20729902,-0.20807596,0.12780961,-0.09868686,-0.109362625,0.100677945,-0.11950296,0.17166078,-0.24564722,0.06410869,-0.0281999,-0.09000814,-0.48722044,0.084876105,-0.018947627,-0.2119158,0.14037856,-0.19198038,0.04704444,0.017450936,-0.12120332,-0.31606275,finance
-0.0052055614,-0.19111782,-0.18075883,0.1065413,-0.28751692,0.21880843,-0.015192524,0.25472397,0.0027428959,0.28351554,-0.63765144,0.29864067,-0.13944265,0.37157118,-0.112809315,-0.19127816,0.14404017,-0.5636503,-0.17785259,-0.14069974,0.34859836,0.23744321,0.20143373,0.34193808,0.22208273,0.15713705,-0.33093247,-0.06196118,-0.20419103,-0.02960386,-0.18602197,-0.28051668,0.22669055,0.012744337,-0.25729728,-0.038221773,0.088869005,-0.27126518,0.10402278,0.29152665,0.11205003,0.02706704,0.45556518,-0.3024447,0.13841121,0.14244677,0.0042799143,0.10242657,0.7258968,-0.26985556,0.003429867,-0.9945939,0.016306648,-0.21474484,0.16683301,0.2593311,-0.013695041,0.1702703,-0.03867666,0.244046,-0.065453395,0.06960031,0.028822962,0.042133007,0.18435396,0.42397845,0.047958173,-0.2242592,-0.23297712,0.15768942,-0.090392016,-0.21726167,-0.14124909,-0.35631382,-0.02890031,-0.030548358,0.15077138,-0.24252164,0.19507305,-0.21028131,-0.039511897,-0.0058132927,-0.34833622,0.012833523,-0.111464106,0.02203259,-0.31357765,0.03549229,0.03135307,0.091114834,-0.36028522,0.100177936,-0.16448572,-0.28860244,0.312274,-0.3649666,-0.0026558973,-0.0010231754,-0.09472038,-0.10802773,finance
0.26050788,-0.34553084,-0.18583852,0.12426491,-0.070531726,0.19680086,0.046239827,0.31979623,-0.22534516,0.0794666,-0.5218084,0.19058096,0.16028665,0.36471492,-0.18032773,-0.05294348,-0.034915797,-0.619809,-0.023187734,-0.0960984,0.28426126,0.11169405,0.2589812,0.28656203,0.13622645,-0.13654764,-0.38435078,-0.11403376,-0.13276534,-0.023791937,0.026305597,-0.20553638,0.14196244,0.07455229,-0.2258637,0.048512764,-0.18155275,-0.37360156,-0.035532366,0.41126317,0.1810603,-0.005380081,0.3873872,-0.34580398,0.22851157,0.15033965,-0.05931136,0.24009119,0.579794,0.29830384,-0.29314068,-0.5658313,0.0043575726,-0.03801338,0.117274426,0.07082761,-0.11998603,0.39067096,-0.15237887,0.16495684,-0.31086013,0.03040422,0.033468157,0.4309955,0.35372433,0.24912341,0.22205451,-0.15165117,-0.074433215,0.047935445,0.010118645,-0.04510364,-0.1251685,-0.10545767,-0.12732254,-0.120363854,0.13151419,0.010667495,0.1986041,-0.2270724,-0.095241286,0.04243258,-0.26492384,-0.052470524,-0.23890908,0.09100936,-0.09263687,-0.2395398,0.03487461,-0.30619985,-0.39620438,0.08108824,-0.28452572,-0.40666288,0.23523824,-0.29257536,0.10805012,0.1686932,-0.12136582,0.008587813,finance
0.016920839,-0.3165368,-0.030030714,0.069235235,-0.19382642,0.29742053,-0.16085061,0.29903188,-0.40852785,-0.033345614,-0.24321757,0.1074147,0.25947738,0.289841,-0.19506404,-0.2677547,0.008104123,-0.49489093,0.019500969,-0.14956622,-0.022894746,0.09710372,0.18246934,0.21948591,0.2570525,0.22258969,-0.3844456,-0.057567492,-0.20680808,0.007339257,0.086314104,-0.24603765,0.21807034,0.023517529,-0.31572193,0.06762724,0.020344758,-0.26807648,-0.0809515,0.5310739,0.08892692,0.23169497,0.29747966,-0.24080318,0.39283144,0.022469023,0.04738495,-0.016754087,0.6698619,-0.039295536,-0.22948681,-0.6694413,0.14527573,-0.21660584,0.263406,0.024521625,-0.274105,0.4964254,-0.0014863934,0.04549221,-0.2676393,-0.078802936,-0.12998958,0.29544163,0.2500271,0.30758378,0.246646,0.03700509,-0.2831986,0.2618606,-0.026286246,-0.2725371,-0.07310447,-0.14167443,0.016971977,-0.19138657,0.06861051,-0.013449313,0.24319468,-0.36498478,-0.011468332,-0.2585055,-0.17478953,0.104683705,-0.09787774,0.10431766,-0.18805465,-0.16427642,-0.06611772,-0.20685875,-0.47253695,0.10073341,-0.116975136,-0.5186206,0.23574945,-0.12514676,0.10932129,-0.1545288,-0.087865606,0.073524,finance
