id,label,teks_preprocessed
1,sport,jakarta putri kusuma wardani percaya diri komposisi regu putri pilih pbsi asi games sebut chemistry satu sama klop bulutangkis indonesia kirim wakil tampil aichi nagoya september hingga oktober datang atlet antara rupa sektor regu putri putri kw thalita r wiryawan ni kadek dhinda mutiara ayu puspitasari rachel allessya rose febi setianingrum febriana dwipuji kusuma meilysa trias puspitasari siti fadia silva ramadhanti nita violina marwah scroll to continue with content baca tekad alwi farhan lampau batas asi games putri nilai komposisi skuad bulutangkis indonesia kombinasi main senior junior temu kendala bangun koneksi tim advertisement alam laga sama beberapa juara regu belum nilai bentuk kompak antar atlet tim komposisi cukup kuat sih lumayan tiga kali regu sama sama jadi ketemu chemistry nya satu baik tunggal maupun ganda kata putri terang kutip selasa tak seluruh rangkai program latih pelatnas jauh jalan lancar kondusif jelang hari berangkat tuju jepang porsi latih tim nasional kini lebih fokus kuat masing masing sektor bawah arah tim latih kurang tanding belum tuju tanding asi games lebih tingkat tambah baca pebulutangkis indonesia asi games kait peta saing asi games putri kw nilai kuat sektor tunggal putri kawasan asia golong sangat rata waspada kuat main negara negara papan atas china jepang korea selatan kalau kuat sendiri asi games aku cukup rata asia sendiri utama china jepang korea selatan sih cukup kuat tutur pebulutangkis peringkat dunia pasang target tinggi ajang asi games pribadi putri ambisi lang hingga babak akhir diri atas podium jalan target medali canang pp pbsi harap moga tim bulu tangkis indonesia dapat medali utama pribadi aku sendiri aku sumbang medali indonesia ajang asi games pungkas putri lihat video hong kong open sabar reza putri kw tumbang final gambas video detik mcy aff taut salin asi games putri kusuma wardani pbsi
2,sport,jakarta mata derrick michael xzavierro binar bicara soal asi games wujud mimpi masa kecil aku ingat akhir kali tonton asi games gelar jakarta asi games jakarta benar benar mimpi buat aku waktu aku sma datang gelora bung karno tonton suasana benar benar bagus tonton kata derrick temu jakarta selatan sabtu tak ayal mimpi wujud derrick aku benar benar antusias klub tempat naung saga ballooners izin kuat indonesia scroll to continue with content aku antusias banget pertama kali aku tampil asi games ujar rupa salah satu impi sejak kecil main asi games jadi aku buat semua benar benar arti advertisement baca asi games timnas basket masuk grup neraka cdm optimistis asi games derrick kawan kawan langsung hadap tantang besar lawan tuan rumah aichi nagoya september alih alih gentar derrick justru makin semangat derrick biasa atmosfer basket jepang kini rasa jersey merah putih main lawan jepang aku tahu arena sangat besar salah satu arena besar b league jadi aku sangat excited main sana ujar baca pebulutangkis indonesia asi games tak derrick makin semangat rekan rekan jepang bakal dukung penuh asi games iya semua teman teman jepang b league tim benar benar dukung kemarin sempat latih bulan sana bilang tonton tanding laku baik dukung walaupun asal jepang tetap dukung salah satu main jadi sangat untung ada saga beri dukung penuh indonesia ujar basket usia tahun beber target pribadi debut asi games target pribadi pasti menang banyak banyak beri kontribusi bagus bagus tim moga menang tanding lolos grup ikut kata derrick masyarakat indonesia aku sangat butuh dukung full support jangan tengah tengah beri dukung ucap baca timnas voli putra putri indonesia bidik besar asi games mcy aff taut salin asi games derrick michael basket
3,sport,jakarta marc marquez adaptasi kondisi lengan kanan jauh normal dokter pernah operasi samuel antuna ungkap kuat lengan sebut kini persen antu a jelas kondisi rupa dampak bagai cedera operasi jalan marc celaka motogp indonesia tahun lalu jadi titik balik buruk kondisi lengan kanan celaka indonesia baik baik balap rasa sakit keluh apa celaka ubah semua kata antuna el periodico lansir motosan scroll to continue with content baca crutchlow pilih ai ogura jadi favorit marc marquez alas masalah marc kemudian makin rumit saraf radial lengan sempat tekan serpih tulang kondisi buat hilang kendali atas lengan ada posisi tentu atas motor kontribusi jumlah celaka advertisement jalan operasi atas masalah sebut kondisi baik kuat lengan kanan tetap jauh bawah lengan kiri milik latissimus dorsi kuat mekanis ganggu sama laku teres major masalah utama hilang kuat bisep ujar antuna baca jadwal motogp san marino misi marc marquez kejar jorge martin lengan sangat batas kuat utama bisep kira kuat persen kapasitas lanjut antuna tegas marc hilang otot jumlah otot trisep latissimus dorsi teres major pektoralis mayor dampak bagai operasi alami ubah sedikit atrofi kondisi sebut buat lengan kanan marc milik kuat sama lengan kiri meski balap ducati mampu adaptasi batas fisik tetap kompetitif motogp krs yna taut salin marc marquez kondisi lengan kuat otot cedera olahraga motogp operasi lengan saraf radial adaptasi fisik sehat atlet bisep lemah
4,sport,jakarta momen debut asi games tak mau sia sia alwi farhan pebulutangkis tunggal putra indonesia tekad habis habis uras mampu hasil baik aichi nagoya selalu nge push diri to the limit hari kata alwi terang selasa alwi asi games bukan turnamen biasa status rupa multievent besar se asia buat atmosfer asa beda scroll to continue with content semua sakral semua sangat ambisi capai target kata pebulutangkis tahun baca pebulutangkis indonesia asi games advertisement sebut multievent panggung istimewa semua orang dapat multievent sembarang orang pilih tuhan jadi orang juara waktu doa usaha dapat hasil baik ucap alwi duduk peringkat dunia bwf alwi aku matang seluruh aspek siap jelang debut alhamdulillah jauh siap cukup bagus siap segi mental fisik pikir jadi fokus utama jelang juara pesta olahraga asia jelas baca asi games bulutangkis regu putra jadi asa indonesia raih emas harap lampau batas maksimal mampu tanding lebih pbsi patok target emas nomor regu putra orang alwi pasang target pribadi medali sektor semua beri kejut baik atas maupun bawah jadi tutup mungkin siapa raih gelar juara kalau diri sendiri memang siap matang segi mental tutur mohon doa dukung pungkas alwi asi games langsung aichi nagoya september hingga oktober bulutangkis indonesia turun wakil putra putri baca jonatan christie terima tawar pbsi tampil asi games target simak video alwi tak pernah bayang juara indonesia masters gambas video detik mcy aff taut salin asi games alwi farhan pbsi
5,sport,jakarta motogp lanjut san marino seri musim gelar misano world circuit marco simoncelli september jorge martin pimpin klasemen motogp unggul mulai gerus marc marquez tampil sempurna aragon marc hasil tang sprint balap utama aragon martin finis lima dua sesi sebut scroll to continue with content hasil buat marc mangkas jarak martin jadi poin martin kini koleksi poin marc kumpul poin marco bezzecchi ada posisi tiga poin balap aragon sendiri tang marc tampil dominan raih poin balap utama martin dapat poin data resmi motogp catat marc finis pertama pedro acosta dua bezzecchi tiga martin lima advertisement sembilan seri sisa saing rebut gelar makin buka marc marquez kini jarak kurang satu menang penuh jorge martin kini selisih dua poin bezzecchi coret balap aprilia paut lima poin marc poin martin arti tiga balap atas ada saing sangat ketat tuju paruh akhir musim baca duel km jam marc marquez vs bezzecchi aragon motor nempel klasemen motogp ikut klasemen motogp seri aragon pos balap tim poin jorge martin aprilia racing marc marquez ducati lenovo team marco bezzecchi aprilia racing fabio giannantonio vr ducati ai ogura trackhouse aprilia pedro acosta ktm raul fernandez trackhouse aprilia francesco bagnaia ducati lenovo team alex marquez gresini ducati fermin aldeguer gresini ducati motogp san marino gelar misano seri san marino langsung misano world circuit marco simoncelli sirkuit sebut milik panjang kilometer tikung diri tikung kanan enam tikung kiri balap motogp jadwal langsung lama lap total jarak kilometer rangkai akhir pekan mulai jumat lanjut kualifikasi sprint sabtu kemudian balap utama minggu nah ikut jadwal lengkap waktu indonesia barat wib dasar jadwal resmi motogp motogp san marino rupa seri kalender langsung misano september baca marc marquez makin dekat jorge martin lawan jadwal motogp san marino jumat september waktu wib kelas sesi moto free practice moto free practice motogp free practice moto practice moto practice motogp practice sabtu september waktu wib kelas sesi moto free practice moto free practice motogp free practice motogp qualifying motogp qualifying moto qualifying moto qualifying moto qualifying moto qualifying wib motogp sprint lap minggu september waktu wib kelas sesi motogp warm up wib moto race lap wib moto race lap wib motogp grand prix lap krs ran taut salin hasil balap aragon jadwal motogp san marino balap motogp saing motogp klasemen motogp sirkuit misano motogp misano world circuit jorge martin marc marquez
6,sport,jakarta latih timnas voli putra indonesia reidel toiran pasang target medali asi games optimistis tim beri kejut besar timnas voli putra indonesia kuat main jumlah main alam tetap jadi bagi skuad antara dio zulfikri farhan halim fahri septian target medali anak anak semangat semua jadi optimis kompetisi surprise beri kejut besar kata reidel temu wisma serba gbk rabu scroll to continue with content reidel tim jalan latih berat waktu kurang pekan manfaat maksimal kondisi fisik main berangkat asi games sekarang latih berat panjang latih jadi lepas fisik maksimal waktu evaluasi fisik kurang sekarang fase maksimal taktik kata reidel advertisement baca asi games banjir landa nagoya menpora yakin jepang punya plan b reidel waspada jepang india china soal saing reidel sebut jepang india china bakal jadi lawan berat indonesia sisi nilai performa tim terus alami tingkat indonesia belum hasil juara avc men s cup tim merah putih kalah korea selatan tanding final india tim tim baik jepang india china lumayan bagus mulai naik tutur asi games indonesia gabung pool b sama iran thailand kirgizstan reidel harap dukung masyarakat indonesia juang timnas voli putra asi games masyarakat indonesia terima kasih sekarang dukung maksimal tanding harap maju ujar reidel baca cdm todotua monitoring terus kondisi nagoya mcy krs taut salin timnas voli putra asi games medali reidel toiran olahraga indonesia saing voli main voli latih fisik dukung masyarakat avc men s cup
7,sport,jakarta ketua umum komite olimpiade indonesia koi raja sapta oktohari pasti atlet layan baik tiba nagoya jepang jawab kondisi tengah jadi kota sebut nagoya tengah terpa banjir besar akibat ratus atlet asi games jepang evakuasi tempat inap bahkan prakira cuaca tunjuk lebih banyak hujan beberapa hari depan padahal tanding asi games mulai september buka resmi multievent empat tahun baru laku september hubung noc jepang cukup baik koordinasi tetap laku khusus nagoya tim cdm cukup intensif komunikasi baik perintah mapun loc aichi nagoya kata okto temu wisma serba gbk rabu scroll to continue with content insyaallah upaya terus pasti atlet layan baik tambah baca asi games prabowo janji bonus rp m raih emas advertisement banjir besar wilayah asi games langsung fakta indonesia terpa tantang mulai bakar kalimantan banjir sumatra hingga gunung erupsi beberapa titik indonesia okto harap tantang jawab atlet prestasi olahraga indonesia sampai atlet semua tantang jawab prestasi harap prestasi jadi kuat semangat masyarakat indonesia hadap semua tantang sedang hadap ujar bangsa besar tak mungkin jadi kecil cuma tantang tantang jawab menang tegas okto okto nilai tim cdm milik rencana cadang situasi hadap masuk kait timnas basket turut dampak ada banjir besar nagoya bukan pertama kali pernah jadi cdm olimpiade situasi kondisi plan yakin pak todotua padaribu olahraga basket sangat pede masalah cari solusi baik atlet tegas soal skema berangkat tim asi games kloter ikut skema maksimal sesuai ada kemarin mau berangkat airport tutup cari solusi komunikasi atlet ofisial tuju skema laksana paling utama pasti layan atlet tampil maksimal kata okto baca asi games banjir landa nagoya menpora yakin jepang punya plan b video bicara kesiap atlet asi games mensesneg siap sangat baik video bicara kesiap atlet asi games mensesneg siap sangat baik mcy ran taut salin asi games raja sapta oktohari koi kontingen indonesia
8,sport,jakarta kontingen indonesia siap tatap asi games jepang presiden ri prabowo subianto janji bonus rp miliar raih medali emas asi games langsung aichi nagoya jepang ajang multi event olahraga asia resmi buka september tutup oktober prabowo resmi lepas kontingen indonesia istana presiden jakarta pusat rabu momen prabowo pidato sampai bonus atlet raih medali emas scroll to continue with content baca rizki juniansyah siap debut asi games naik kelas kg gambas instagram advertisement lupa beri lapor pak erick pak sea games medali emas rp miliar asi games medali rp miliar kata prabowo tanya semua pimpin olahraga kemarin medali perak medali perunggu karier karier semua cepat pak sekian tahun baik pangkat masuk latih latih sambung catat edisi asi games belum perintah beri bonus raih emas nomor orang rp perak dapat rp lalu perunggu dapat rp atlet latih asisten latih ganjar bonus perintah jumlah latih atlet raih medali emas orang ganda besar rp kemudian perak rp perunggu besar rp baca cdm todotua monitoring terus kondisi nagoya video bicara kesiap atlet asi games mensesneg siap sangat baik video bicara kesiap atlet asi games mensesneg siap sangat baik ran aff taut salin asi games prabowo subianto kontingen indonesia
9,sport,jakarta atletico madrid jadi uji pertama liverpool liga champions andoni iraola beberapa kali hadap atletico nya ego simeone tak pernah menang duel liverpool vs atletico matchday liga champions gelar anfield kamis dini hari wib iraola jadi laga debut liga champions latih meski atletico nya simeone bukan lawan asing iraola tangan rayo vallecano iraola catat empat kali hadap atletico arah simeone scroll to continue with content baca mac allister sedih tak tawar kontrak baru liverpool iraola pernah menang empat laga sebut tim kalah tiga kali imbang satu kali lawan atletico nya simeone advertisement atlet salah satu lawan paling berat hadap main lawan tim sangat bagus premier league ujar iraola situs resmi uefa cukup kenal atlet beberapa main tanding luar biasa liga champions pertama tunjuk mana posisi tunjuk sinyal bagus lawan ipswich hari jumat lihat mana posisi lawan atlet simeone laku kerja sangat bagus manajer luar biasa hadap jelas tantang besar buat main hadap main latih lebih alam tanding harap besok beri lawan bagus kata iraola baca isak panas kini kejar gol perdana sama liverpool liga champions video liverpool kejar barcola iraola tunggu kabar baik video liverpool kejar barcola iraola tunggu kabar baik nds cas liverpool atletico madrid andoni iraola liga champions ego simeone liverpool vs atletico
10,sport,jakarta manchester city datang enzo fernandez main asal argentina bahagia bawah arah enzo maresca mulai musim panas tahun man city tangan maresca pep guardiola hengkang latih asal italia pilih jadi terus belanja besar laku man city elliot anderson ayyoub bouaddi enzo fernandez datang tim manchester biru scroll to continue with content baca chelsea gagal ganti enzo kata xabi alonso dana besar juta poundsterling gelontor man city tebus enzo fernandez chelsea jadi main premier league mahal musim advertisement enzo fernandez gembira satu tim maresca belum dua kuat chelsea sukses sembah trofi uefa conference league piala dunia antarklub sangat senang enzo maresca laku semua wujud pindah sangat kenal masa sama chelsea sangat syukur atas semua laku keluarga kata enzo kutip bbc baca enzo tak ragu ragu terima tawar man city beri persen sesi latih tanding balas budi kepada kata tambah enzo fernandez main kali man city bela the citizens laga lawan coventry city fc porto baca enzo fernandez ngomong begini fans chelsea panas video chelsea jual enzo fernandez man city harga rp t video chelsea jual enzo fernandez man city harga rp t cas nds enzo fernandez manchester city enzo maresca liga inggris
11,sport,jakarta persib bandung jamu persija jakarta lanjut super league pangeran biru nilai macan mayor kini milik tahan jauh lebih kukuh stadion utama gelora bung karno jakarta persija vs persib gelar laga langsung sabtu pukul wib tanding akhir persija petik menang toreh clean sheet brisbane roar borneo fc jadi tim kalah skuad asuh shin tae yong sebut scroll to continue with content baca persija vs persib perang penggawa timnas indonesia persib sempat kalah persija nya shin tae yong semifinal piala presiden stadion kapten i wayan dipta gianyar bal persib menang atas persija advertisement latih persib igor tolic sadar betul baik performa lini belakang persija lepas piala presiden lihat lebih stabil banding belum lihat banyak atur tahan lihat buah tim utama tahan cukup stabil banyak bobol sangat penting kata tolic kutip situs resmi ileague baca sty kaget persija tahun jamu persib luar jakarta milik tahan bagus bobol jadi fondasi baik kualitas milik lini depan sama menang tanding cetak gol lalu bola mati maupun main buka kata tolic persija kurang oke tanding akhir lawan persib macan mayor catat satu kali menang hasil imbang tujuh kali tel kalah baca fix persija jamu persib sugbk video persija vs persib adam alis pahlawan menang maung bandung video persija vs persib adam alis pahlawan menang maung bandung cas nds persib bandung persija jakarta super league igor tolic persija vs persib
12,sport,jakarta lamine yamal langsung on fire sama barcelona awal musim latih los cules hansi flick puji tinggi main usia tahun empat tanding jalan liga spanyol barcelona selalu menang elche athletic bilbao rayo vallecano valencia jadi daftar tim kalah los cules yamal tampil produktif tanding akhir barcelona cetak empat gol gawang vallecano valencia jebol main kini jadi kapten barcelona scroll to continue with content baca yamal cuma kurang trofi liga champions tekad juara musim puji lamine yamal lontar mantap flick ungkap komentar kena tunjuk yamal jadi kapten tim advertisement tentu hasil tanding orang diri sangat suka kembang hari hari nikmat diri sendiri masuk peran baru kapten penting bagi capai level tinggi kata flick kutip situs resmi uefa yamal ungkap rasa bangga jadi kapten barcelona usia genap tahun meski yamal tak lantas besar kepala baca lamine yamal tak mohon menang ballon d or rupa suatu hormat jadi kapten usia tahun sangat terima kasih semua rekan satu tim sangat bahagia beri segala tim kolektif terus raih gelar juara individu terus kembang dengar masuk kata lamine yamal barcelona lawan feyenoord lanjut liga champions camp nou rabu malam wib sihir yamal butuh los cules menang baca lamine yamal tembus gol barca lewat rekor mbappe haaland video lamine yamal masuk deret kapten barcelona video lamine yamal masuk deret kapten barcelona cas nds lamine yamal barcelona liga spanyol hansi flick
13,sport,jakarta kylian mbappe tegas menang liga champions sama real madrid jadi prioritas utama banding raih harga ballon d or mbappe pernah rasa angkat trofi liga champions menang harga individu ballon d or tahun striker real madrid punya peluang raih ballon d or kata kena ballon d or liga champions jauh lebih penting main klub impi ujar mbappe cbs sports scroll to continue with content menang liga champions sama klub benar benar sangat penting ingin lebih apa tegas baca mbappe capai gol sejajar raul gonzalez advertisement meski mbappe tampik ballon d or tetap jadi target tarik nilai tahun beri peluang besar saing rebut harga sebut ballon d or tahun rupa peluang sangat besar rasa tahun bagus lanjut mbappe kini tantang mbappe bantu real madrid jaya kompetisi eropa mampu tampil konsisten bawa los blancos raih trofi liga champions peluang mbappe menang ballon d or potensi makin besar masa depan baca mourinho selamat vinicius cemooh suporter real madrid video mourinho tak beban jelang tampil liga champions video mourinho tak beban jelang tampil liga champions ran krs kylian mbappe real madrid ballon d or liga champions
14,sport,jakarta persija jakarta mulai panas mesin duel el clasico lawan persib bandung siap pertama gelar bojongsari depok selasa macan mayor jadwal jamu persib laga pekan super league laga gelar stadion utama gelora bung karno sugbk jakarta sabtu baca fix persija jamu persib sugbk scroll to continue with content siap langsung gelar persija jakarta hari tiba jakarta senin persija baru pulang samarinda main laga tandang kontra borneo fc samarinda sabtu hari kumpul pertama jadi mulai hari fokus atur kondisi fisik besok latih pasti siap diri sangat baik lawan persib bandung kata shin tae yong sela sela latih persija advertisement shin tae yong aku tim sangat lelah alami ubah rute jalan pulang samarinda letus anak gunung krakatau buat persija tempuh jalan kombinasi darat udara samarinda balikpapan yogyakarta jakarta sangat lelah main lelah jujur jalan sangat uras tenaga kalau rasa lelah coba bayang betapa lelah main ujar shin tae yong baca persija vs persib perang penggawa timnas indonesia sty persija rupa duel dua waktu dekat persija persib sempat duel turnamen pramusim piala presiden temu pertama persib keluar menang skor latih asal korea selatan tekad raih hasil lebih baik temu lanjut anggap tanding paling penting tanding kandang sangat harap saji tanding benar benar hebat lawan persib bandung ucap sty piala presiden jujur skuad turun kuat persen persen kuat asli bahkan rencana ikut piala presiden benar sedang siap berangkat training camp tc thailand tutur mro aff persija jakarta persib bandung super league shin tae yong
15,sport,jakarta manajer manchester city enzo maresca senang performa gianluigi donnarumma usai lawan fc porto maresca minta main city sering sering oper donnarumma city petik menang lawat markas porto matchday liga champions tanding estadio do dragao rabu dini hari wib the citizens menang berkat gol erling haaland meski donnarumma tampak kurang mantap panjang tanding bahkan nyaris bobol bola buang bentur winger porto william gomes gulir tipis samping gawang scroll to continue with content lawan coventry city premier league akhir pekan kemarin donnarumma nyaris bobol bola gulir bawah kaki kendati maresca tetap puas performa donnarumma baca haaland sama aguero jadi top skor man city liga champions advertisement maresca tak punya keluh tampil kiper italia alih alih maresca justru minta main city kurang oper donnarumma kira beberapa kali malam bukan salah gigio donnarumma lebih putus keliru oper gigio kadang kembali bola lebih perlu ujar maresca lansir espn kiper punya pilih main temu opsi donnarumma luar biasa lawan coventry laku beberapa selamat penting lawan coventry mungkin salah mana nyaris bobol salah khusa abdukhodir khusanov oper gigio jadi sangat senang gigio kata baca ngeri haaland liga champions satu gol per laga video maresca bicara tantang ganti sosok pep guardiola man city video maresca bicara tantang ganti sosok pep guardiola man city nds ran enzo maresca gianluigi donnarumma manchester city porto vs man city liga champions
16,sport,jakarta presiden fifa gianni infantino digoncang badai ribu orang sampai adu soal fifa fair lansir tribuna kampanye reboot fifa langsung sejak piala dunia diprakasai organisasi hak asasi manusia fairsquare baca gianni infantino tetap ikut pilpres fifa scroll to continue with content lebih orang nyata dukung adu tuju presiden fifa gianni infantino tuduh laku potensi penyalahgunaan wewenang langgar atur netralitas politik lalu hubung presiden as donald trump kampanye kemudian luas cakup khawatir putar batal sanksi skorsing folarin balogun proyek kontroversial fifa fifa forward enterprise meski proyek akhir batal advertisement baca kata kata tajam jabat senior fifa infantino henti adu sebut serah komite etik fifa hari selasa harap pihak komite periksa tuduh tuduh rasa fair tubh fifa gianni infantino turut tuduh menyalahgunakan jabat langgar wajib netralitas politik langgar wajib loyalitas sebut jadi batu sandungan infantino mau maju pilih presiden fifa maret datang baca indonesia argentina dukung gianni infantino jadi presiden fifa aff krs gianni infantino fifa
17,sport,jakarta demam olahraga lari terus jalar kalang selebritas salah satu kini gari olahraga sebut fanny ghassani kali jajal race fanny kini naik level sports enthusiast jalan debut nomor k runxperience gelar awal oktober lari k k jadi habis k perdana ikut nomor sebut kata fanny temu kawasan semanggi rabu scroll to continue with content fanny k jadi langkah nanti coba half marathon full marathon pasang target waktu pilih nikmat lomba enggak target sih kalau lari tuh ingin anggap lari tuh fun gitu pernah target tahap misal lari k satu jam gitu ungkap advertisement sibuk artis jadi salah satu alas fanny milik waktu latih atur lari serius tekun olahraga sebut beban berapa waktu capai lebih baik penting lari fun aja ingat waktu latih enggak sama kayak serius lari kerja kan kayak kerja kantor umum kata fanny baca soal olahraga hyrox naik daun indonesia fanny ghassani mulai serius lari hyrox gemar fanny lari dorong butuh tingkat mampu fisik ikut hyrox kompetisi bugar madu lari latih fungsional sadar butuh fisik lebih kuat hyrox fanny mau tak mau tambah latih khusus program lari bahkan kali jajal race tingkat mampu fisik benar dulu aku penasaran lari kayak kok aku enggak suka lari semua orang suka lari tutur akhir aku serius lari hyrox hyrox aku delapan kali lari delapan kali station jadi mau enggak mau aku ajar bagaimana cara lari cepat situ lah aku paksa diri lari jadi kalau tanya siapa ajak lari enggak diri sendiri kalau tak latih lari aku ko habis lari lalu narik jadi combine tegas baca mau lari k lebih cepat coba trik nomor wajib kamu terap fanny tak mau ngoyo meski kini mulai serius lari selebritas usia tahun terlalu ngoyo ikut kompetisi lari utama kejar catat waktu fanny sadar tuju utama olahraga laku jaga bugar sehat aku ekspetasinya gitu dampak hyrox lebih lari buat sehat otot jantung angkat beban lebih tulang otot bentuk jadi aku perlu latih cardionya jadi aku mau ujar aku tak mau paksa diri ingat aku bukan atlet waktu aku bukan kerja aku sadar diri jadi pace santai santai enggak pelan enggak kencang pungkas runxperience gelar kota runxperience gelar kota surabaya juli gelar sebut lanjut jakarta oktober surabaya runxperience gelar kawasan balai kota surabaya ikut serta ajang sebut tanding kategori k k k jakarta kategori sedia k fun run k k k half marathon mcy krs taut salin olahraga lari fanny ghassani k runxperience hyrox bugar pace santai selebritas olahraga sehat jantung latih lari kompetisi lari
18,sport,jakarta belakang ramai isu soal estevao mau cabut chelsea percaya manajer xabi alonso angkat bicara estevao main starter tiga laga awal chelsea liga inggris musim estevao baru starter carabao cup baca estevao pikir pikir tinggal chelsea scroll to continue with content kabar estevao mulai timbang cabut chelsea main usia tahun mau main reguler lansir mirror manajer chelsea xabi alonso angkat bicara soal isu sebut alonso tegas estevao jadi bagi penting buat the blues advertisement musim jalan panjang main milik hasrat semangat tinggi kembang estevao bagi tim milik sikap mentalitas sangat baik papar alonso latih baik baru baru beri dampak positif dapat peluang bagus sambung andal estevao potensi usia sangat muda tambah baca chelsea sakit tahun estevao gabung chelsea sejak musim panas debut main asal brasil kemas delapan gol empat assist laga seluruh kompetisi aff krs estevao chelsea xabi alonso
19,sport,jakarta jose mourinho nilai duel real madrid inter mil jalan seru bahkan sebut tanding akhir skor madrid jamu inter santiago bernabeu tanding matchday liga champions rabu dini hari wib los blancos menang atas juara serie a madrid unggul babak pertama lewat kylian mbappe federico valverde usai manfaat blunder lini tahan inter upaya nerazzurri cetak gol balas baru buah hasil menit lewat carlos augusto scroll to continue with content statistik catat madrid lepas kali coba inter kali kiper madrid thibaut courtois laku tujuh kali selamat josep martinez meski sempat blunder laku beberapa selamat penting total enam saves baca real madrid vs inter mil blunder fatal josep martinez advertisement mourinho sebut tanding gila lega madrid aman tiga poin suka hasil tiga poin tanding pertama lawan tim sangat kuat tanding spektakuler siapa rumah bukan cuma buat cristian chivu ujar mourinho sky sport italia tanding gila akhir buat tanding banyak peluang inter kuat sulit lini tengah tekan tahan posisi habis turun minum punya peluang bellingham inter cetak beberapa gol tanding buka akhir tanding sepakbola gila kata baca chivu tak marah inter bikin salah penting reaksi video real madrid menang inter mil mbappe cetak gol video real madrid menang inter mil mbappe cetak gol nds krs jose mourinho inter mil real madrid liga champions real madrid vs inter mil madrid vs inter
20,sport,jakarta paris saint germain psg juara tahan liga champions status mau ingat ingat latih luis enrique psg kali tang liga champions musim akhir inter mil arsenal jadi korban laga final baca jadwal liga champions malam arsenal liverpool barcelona main scroll to continue with content psg jadi favorit jadi kampiun liga champions musim latih luis enrique ogah bicara kans terlalu jauh ogah ingat ingat status juara tahan lalu lalu tegas enrique lansir situs resmi uefa advertisement sama lisensi kendara baru sambung baca prediksi juara liga champions supercomputer jago arsenal luis enrique mau psg lena atas angin kompetisi liga champions selalu berat lawan pertama slovan bratislava main kamis pukul wib psg mulai ligue pincang enrique makin ingat tim semua orang semangat tanding lawan terima keluar zona nyaman tegas siap tunjuk timi terus baru diri hari tutup baca top skor liga champions haaland guirassy bartra sama sama gol aff ran psg luis enrique liga champions paris saint germain
21,sport,jakarta arsenal tandang markas napoli bekal laju sempurna premier league rentet menang sebut dongkrak rasa percaya diri arsenal laga napoli vs arsenal matchday liga champions gelar stadion ego armando maradona naples kamis dini hari wib tanding kick off pukul wib mikel arteta pernah rasa atmosfer kandang napoli kuat arsenal main arsenal kalah naples tanding fase grup liga champions arteta kartu merah scroll to continue with content baca arsenal makin pede main cantik tempat sangat sulit sabar mulai musim pernah stadion tahu atmosfer cipta ujar arteta lansir sky sports advertisement punya latih sangat alam rekor kandang sangat kuat tahu tantang depan siap diri siap tanding arsenal datang kandang napoli catat persen declan rice dkk sapu bersih menang tiga tanding pertama premier league baca napoli vs arsenal il partenopei pincang jadi bekal ideal arsenal hadap tantang markas napoli rasa percaya diri arsenal sedang tinggi tinggi rekor persen tempat posisi sangat bagus ujar arteta soal laju sempurna arsenal jauh energi percaya diri tim sangat tinggi tunjuk besok lapang ayo kata baca arsenal bawa rekor apik markas napoli musim tak kalah laga buka video arteta siap tantang napoli liga champions rekor kandang kuat video arteta siap tantang napoli liga champions rekor kandang kuat nds krs arsenal napoli liga champions mikel arteta napoli vs arsenal
22,sport,jakarta raheem sterling klub tawar klub brasil sang winger tolak raheem sterling klub kontrak panjang feyenoord serang sayap usia tahun sepi minat bursa transfer musim panas baca miris betul nasib raheem sterling belanda scroll to continue with content lapor talksport klub asal brasil vasco da gama pati raheem sterling siap beri gaji tarik sterling tolak advertisement baca raheem sterling celaka mobil bawah pengaruh obat obat raheem sterling mau laga eropa sterling enggan karier luar eropa kabar mau jauh keluarga sterling akhir laga rumput hijau mei lalu sama feyenoord delapan laga eredivisie diri gagal bikin gol kemas satu assist sterling paling banyak tampil sama man city karier raih empat trofi premier league meski klub baru jebol akademi liverpool mau gantung sepatu aff cas raheem sterling brasil
23,sport,jakarta rizki juniansyah siap jalan debut asi games raih medali emas olimpiade paris aku pulih persen sempat alami cedera bahu bulan lalu rizki tampil kelas kg putra jadi salah satu andal angkat besi indonesia raih medali asi games aichi nagoya jepang alhamdullilah cukup baik untui asi games baru pulih angkat balik insyaallah tanding maksimal asi games ujar rizki temu wisma serba gbk rabu scroll to continue with content beda olimpiade paris rizki turun kelas kg asi games raih emas olimpiade tampil kelas kg asi games memang main usus buntu absen alhamdullilah asi games pertama turun kelas kg change senior rahmat erwin abdullah memang jatah satu orang satu kelas akhir kg jelas advertisement baca rizki juniansyah kantong gelar guinnes world record rizki juniansyah tambah berat badan power rizki kini usia tahun naik kelas bukan perkara mudah sesuai berat badan sekaligus tingkat power hadap saing kelas kg lebih berat lawan lawan jaga pola makan naik berat badan tingkat apa nutrisi protein lain ujar pertama makan dua latih full power tiga kondisi lebih baik naik berat badan bukan asal naik punya power manfaat buat tanding tutur rizki ungkap berat badan kg capai kg jujur berat badan kg enggak nyampe kg tak masalah penting tanding maksimal ada berat badan kata baca rizki juniansyah eko yuli masuk pelatnas asi games olimpiade rizki waspada lima negara soal peta saing kelas kg rizki sorot lima negara nila bakal jadi tantang berat korea utara china iran thailand korea selatan meski saing berat rizki tekad beri performa baik status raih medali emas olimpiade buat ekspektasi diri cukup tinggi benar bukan beban motivasi semangat tanding buat apa jadi beban kalau beban jelek tanding jadi tetap enjoy negara target emas apa lalu pb pabsi penting enjoy jalan sendiri usaha baik buat indonesia pungkas mcy krs taut salin rizki juniansyah asi games angkat besi kelas kg medali emas cedera bahu saing internasional nutrisi atlet pelatnas olahraga indonesia
24,sport,jakarta persija jakarta jamu persib bandung laga lanjut super league macan mayor kurang oke lawan maung bandung laga akhir stadion utama gelora bung karno jakarta sabtu sore wib persija vs persib gelar laga rencana langsung pukul wib tanding akhir persija sedang susah menang atas persib tim asal ibu kota sekali menang kali imbang tujuh kali kalah pangeran biru scroll to continue with content baca panpel persija tunggu izin polisi laga vs persib gbk tanding akhir persija kalah persib laga jadi semifinal piala presiden langsung stadion kapten i wayan dipta gianyar bal agustus advertisement persija empat kali gagal jebol gawang persib laga akhir balik persib catat gol gawang tim oranye musim persija tangan shin tae yong tanding pertama macan mayor menang atas tim kuat borneo fc persib awal langkah bagus sama igor tolic super league persib menang atas psm makassar laga akhir pekan akan persija akhir puasa menang atas persib sejak baca jelas i league soal persija vs persib gelar pekan super league laga akhir persija vs persib persija persib super league maret persib persija super league januari persija persib super league maret persija persib super league september persib persija super league maret persib persija super league september persija persib super league februari persib persija super league januari persija persib super league mei persib persija piala presiden agustus baca persija optimistis tatap duel borneo fc persib video persija vs persib adam alis pahlawan menang maung bandung video persija vs persib adam alis pahlawan menang maung bandung cas aff persija jakarta persib bandung super league persija vs persib
25,sport,jakarta kylian mbappe masuk nominasi ballon d or legenda timnas prancis bixente lizarazu sebut mbappe tak pantas menang kylian mbappe masuk nominasi ballon d or mbappe tajam sama real madrid musim lalu kemas gol laga baca daftar nominasi ballon d or rilis nama messi scroll to continue with content kylian mbappe pede tang ballon d or gelar oktober datang mbappe harap banyak semua gantung hasil voting rasa menang tegas lansir marca advertisement main real madrid klub baik dunia kait harga harga orang orang lihat jalan bicara capai sangat gengsi main mana papar putus voting orang punya pilih masing masing tambah baca daftar nominasi klub latih baik ballon d or legenda timnas prancis bixente lizarazu sebut kylian mbappe pantas tang ballon d or simpel mbappe tang trofi apa musim lalu beri ballon d or orang menang apa gelar juara mutlak hitung ujar telefoot raih trofi piala dunia sebut nama favorit rodri fabian ruiz dua tang piala dunia sama timnas spanyol ruiz menang liga champions sama psg kejut andai salah satu antara jadi menang tutup baca bukan ronaldo main liga arab saudi masuk nominasi ballon d or aff nds ballon d or kylian mbappe bixente lizarazu
26,sport,jakarta latih real madrid jose mourinho beri puji inter mil nerazzurri sebut tim baik italia madrid menang atas inter laga liga champions rabu santiago bernabeu los blancos menang atas la beneamata berkat gol kylian mbappe federico valverde inter cetak satu gol balas kandang madrid carlos augusto catat nama tim asal kota mode beberapa musim akhir inter dominasi serie a scroll to continue with content baca courtois masuk klub liga champions kiper daftar inter juara tiga kali enam musim akhir mourinho tetap beri sanjung tinggi inter the special one tegas tim masa bangun diri baru klub asal ibu kota spanyol advertisement tim papan atas jauh rupa tim baik italia lihat roma punya kapasitas dekat tim dominasi italia tanding laga final liga champions empat lima musim akhir kata mourinho kabar situs madrid baca top skor liga champions haaland guirassy bartra sama sama gol milik skuad luar biasa ambisi menang liga champions latih sangat bagus mampu bangun empati main tim sempurna raih besar baru ada sini lama tengah bulan bahkan beberapa main genap bulan ada awal kerja jalan sangat panjang kata tambah baca lautaro martinez kylian mbappe salah satu striker baik video mourinho tak beban jelang tampil liga champions video mourinho tak beban jelang tampil liga champions cas nds inter mil jose mourinho liga champions real madrid
27,sport,jakarta arsenal tandang markas napoli ajang liga champions riccardo calafiori tak sabar mulai laga calafiori tanding asa spesial arsenal awal jalan liga champions tandang italia negara asal bek usia tahun sabar rasa atmosfer stadion ego armando maradona kamis dini hari wib sangat semangat senang mulai jalan italia tepat naples buah kota istimewa benar benar sabar main tanding kata calafiori kutip situs resmi arsenal scroll to continue with content rasa tanding luar biasa utama main malam liga champions stadion sangat gemuruh sabar main sambung baca napoli vs arsenal il partenopei pincang advertisement arsenal selalu alami tingkat jalan edisi akhir liga champions tembus semifinal meriam london mampu jadi final rasa lihat edisi akhir menang bagi besar tanding pertama kali capai semifinal musim lalu capai final calafiori ungkap jadi sangat penting terus maju sangat percaya diri utama semua hasil raih tegas baca arsenal makin pede main cantik video arteta siap tantang napoli liga champions rekor kandang kuat video arteta siap tantang napoli liga champions rekor kandang kuat ran krs arsenal riccardo calafiori napoli liga champions
28,sport,barcelona tengah karier kilap lamine yamal dapat medali juara liga champions yamal tekad raih barcelona musim lamine yamal tang gelar gelar penting meski baru tiga tahun jadi main profesional level klub yamal hasil tang tiga titel laliga sekali copa del rey baca anthony gordon sang layan baru barcelona scroll to continue with content level internasional lamine yamal antar timnas spanyol raja jagat sepakbola usai rebut piala eropa susul piala dunia arti satu satu trofi kompetisi utama hindar lamine yamal hanya liga champions barcelona upaya putus puasa gelar jalan lama lebih satu dekade advertisement lamine yamal optimistis peluang barcelona dukung datang main main baru kualitas bursa musim panas motivasi lebih besar tang liga champions satu satu kompetisi menang cetus pesepakbola usia tahun baca debut liga champions langsung uji raksasa eropa kerah segala gala tang kompetisi main main bagus datang anthony gordon karim adeyemi rodi lamine yamal kata lansir reuters misi yamal antar barcelona tang liga champions buka laga kandang lawan klub raksasa belanda feyenoord besok malam wib video lamine yamal masuk deret kapten barcelona video lamine yamal masuk deret kapten barcelona rin adp lamine yamal liga champions barcelona
29,sport,jakarta kapten inter mil lautaro martinez tetap bangga performa tim meski kalah real madrid inter petik ajar harga santiago bernabeu duel real madrid vs inter mil matchday liga champions gelar santiago bernabeu rabu dini hari wib nerazzurri kalah tuan rumah inter tinggal laga baru jalan menit dua gol madrid cipta akibat blunder lini belakang inter scroll to continue with content meski lepas salah lini belakang inter tampil kesan statistik catat kuasa bola pasu cristian chivu capai total kali coba baca real madrid vs inter mil blunder fatal josep martinez advertisement inter beberapa kali paksa thibaut courtois laku selamat penting kiper inter josep martinez bikin enam selamat lautaro nilai inter tunjuk main level tinggi meski kalah madrid beberapa kerja rumah segera beres inter tetap bilang pulang sini kepala tegak main level tinggi lawan tim hebat ujar lautaro sky thibaut courtois salah satu kiper baik dunia baik selesai akhir depan gawang lebih baik baik detail tanding pertama jalan panjang menang tanding ikut kata baca chivu tak marah inter bikin salah penting reaksi video real madrid menang inter mil mbappe cetak gol video real madrid menang inter mil mbappe cetak gol nds aff inter mil real madrid liga champions lautaro martinez santiago bernabeu real madrid vs inter mil madrid vs inter
30,sport,jakarta napoli vs arsenal main laga perdana liga champions musim mikel arteta mau the gunners langsung gas napoli vs arsenal main kamis pukul wib arsenal rupa final liga champions musim lalu the gunners kalah final psg lewat adu penalti musim klub asal london mau unjuk gigi scroll to continue with content baca jadwal liga champions malam arsenal liverpool barcelona main manajer arsenal mikel arteta tegas tim mulai liga champions performa hebat meski arteta hormat napoli lawan tangguh advertisement tim antusias sambut liga champions musim ujar arteta lansir situs resmi klub tahu betapa arti kompetisi semua masuk alam tahun lalu jadi mulai laga pertama tempat sangat sangat sulit sangat semangat awal kiprah papar mulai performa hebat tegas baca arsenal bawa rekor apik markas napoli musim tak kalah laga buka mikel arteta enggan mikir jauh jauh arteta mau arsenal konsisten tiap laga fokus diri sendiri identitas apa capai tanding yakin penuh mampu wujud tuju ungkap kandang napoli jadi tempat sangat sulit pernah sana tahu atmosfer siap aksi tutup baca top skor liga champions haaland guirassy bartra sama sama gol aff krs arsenal napoli vs arsenal mikel arteta liga champions
31,sport,jakarta persija jakarta lawan persib bandung lanjut super league laga jadi perang tabur main timnas indonesia persija vs persib rencana langsung sabtu laga langsung stadion utama gelora bung karno jakarta pukul wib skuad persija banyak main timnas kubu persib banyak tujuh main skuad garuda scroll to continue with content baca fix persija jamu persib sugbk rizky ridho pratama arhan rio fahmi nadeo argawinata witan sulaeman jordi fajar fathur rahman rayhan hannan dony tri pamungkas main timnas asal persija advertisement kubu persib sandy walsh ragnar oratmangoen thom haye eliano reijndres marc klok beckham putra adam alis beberapa main timnas jadi persija vs persib pertama pratama arhan nadeo argawinata kubu persija kubu persib sandy walsh ragnar oratmangoen baca sty kaget persija tahun jamu persib luar jakarta persija sedang kurang oke lawan persib akhir kali persija kalah persib maret stadion patriot candrabhaga bekas jawa barat persija menang berkat gol riko simanjuntak michael krmencik baca sty bawa persija akhir nanti tahun kandang borneo simak video pramono ogah tebak skor persija vs persib biasa nebak benar gambas video detik cas aff super league persija jakarta persib bandung persija vs persib
32,sport,jakarta vinicius jr sempat cemooh suporter real madrid tarik keluar laga kontra inter mil jose mourinho pasang badan real madrid menang atas inter mil laga perdana liga champions rabu dini hari wib mbappe valverde cetak gol balas augusto baca hasil liga champions tadi malam real madrid man city menang scroll to continue with content menit vinicius junior tarik keluar ganti bek sayap alvaro carreras lapor as dengar cemooh suporter real madrid sendiri vincius balas tepuk tangan enggak mau bikin drama latih jose mourinho turut beri tepuk tangan vinicius lalu peluk advertisement baca real madrid vs inter mil blunder fatal josep martinez yakin suporter real madrid kurang puas performa vinicius jr awal musim vinicius sempat lihat tolak salam jose mourinho kalah real betis akhir pekan kemarin mourinho pasang badan buat sang winger mourinho tegas vini kerja keras vini kerja sangat keras memang capai mode bunuh kerja sangat keras layak hormat tegas mourinho siapa kerja keras beri segala hormat tutup baca mbappe capai gol sejajar raul gonzalez simak video mourinho memang benar benar special one buat chivu gambas video detik aff krs vinicius jr jose mourinho vinicius junior real madrid liga champions
33,sport,jakarta inter mil pulang lawat markas real madrid kalah salah lini belakang awal laga akibat fatal inter tandang santiago bernabeu matchday pertama liga champions rabu dini hari wib nerazzurri kalah tuan rumah inter tinggal laga baru jalan menit dua gol madrid cipta akibat blunder baris tahan inter scroll to continue with content gol pertama oper curtis jones sempurna buat kylian mbappe mudah dapat peluang cetak gol kemudian menit kiper inter josep martinez gagal gocek federico valverde depan gawang sendiri bola curi gelandang madrid konversi jadi gol baca chivu tak marah inter bikin salah penting reaksi advertisement kapten inter lautaro martinez sadar betul tanding level liga champions tak jarang tentu detail detail kecil sayang salah lini belakang kendati tampil inter seluruh buruk buruk terus ulang kompetisi mana detail tentu bayar mahal bikin salah ujar lautaro sky sport italia mulai baik kendali main kuasa bola salah awal ujung gol jadi sulit real madrid tim level tinggi inter datang sini hari main karakter determinasi tunjuk level main kata baca real madrid vs inter mil blunder fatal josep martinez video real madrid menang inter mil mbappe cetak gol video real madrid menang inter mil mbappe cetak gol nds cas inter mil liga champions real madrid real madrid vs inter mil lautaro martinez josep martinez madrid vs inter
34,sport,jakarta chef de mission cdm indonesia todotua pasaribu terus memonitoring kondisi nagoya jepang jelang asi games ada banjir besar timpa kota sebut sebut tekan todo sapa karib kait kontingen indonesia tampil asi games kutip laman straitstimes ratus atlet asi games jepang sempat evakuasi tempat inap akibat hujan lebat landa kota tuan rumah nagoya kompetisi mulai september scroll to continue with content air hujan rembes beberapa venue tanding prakira cuaca tunjuk lebih banyak hujan beberapa hari depan mm hujan turun satu jam nagoya september dorong jabat perintah kota keluar perintah evakuasi beberapa wilayah kota sebut advertisement baca asi games banjir landa nagoya menpora yakin jepang punya plan b memonitoring terus sejak tadi malam memang kondisi pagi perintah nagoya ofisial perintah provinsi nagoya keluar warning me lock seluruh giat nagoya kata todotua temu wisma serba gbk rabu kondisi kata todo tak dampak kontingen indonesia semua hadir nagoya tahu timnas basket jadi kontingen cabor pertama indonesia terbang nagoya tolak senin malam surabaya kemudian singapura tiba jepang selasa jadi impact nya bukan cuma semua hadir sana tim manajer sana pikir cari tempat latih darurat tutur prinsip putus perintah tempat provinsi nagoya memang lock semua tak sport tempat layan umum sekolah kata todo baca tum koi menpora kukuh tim indonesia asi games tegas pihak terus monitor kembang sama panitia pak menpora sampai bukan buat buat tetap monitor kondisi pungkas todotua simak video bicara kesiap atlet asi games mensesneg siap sangat baik gambas video detik mcy aff taut salin asi games todotua pasaribu
35,sport,jakarta erling haaland ngeri betul liga champions rasio gol satu gol per laga gol kali main manchester city menang atas tuan rumah porto pekan perdana liga champions musim rabu dini hari wib erling haaland kemas brace haaland sukses tanduk bola umpan enzo haaland lanjut lepas sontek umpan ait nouri scroll to continue with content baca top skor liga champions haaland guirassy bartra sama sama gol lansir situs uefa erling haaland catat performa cemerlang liga champions haaland rata rata kemas satu gol per laga advertisement rinciannya kali main sang striker kemas gol baca porto vs man city panas haaland ribut rosario erling haaland debut liga champions sejak musim kala kuat rb salzburg musim debut haaland kemas delapan gol enam laga haaland kali jadi top skor ucl musim gol lalu musim gol musim haaland bawa manchester city menang trofi si kuping lebar haaland masuk besar daftar top skor liga champions panjang masa haaland sejajar andriy shevchenko gol simak video latih fc porto aku haaland salah satu striker baik dunia gambas video detik aff cas erling haaland liga champions gol
36,sport,jakarta lionel messi masuk nominasi ballon d or apa buat la pulga masuk nominasi ballon d or rilis nominasi ajang nanti gelar london inggris oktober datang baca daftar nominasi ballon d or rilis nama messi scroll to continue with content salah satu nama masuk nominasi lionel messi kali karier messi masuk nominasi ballon d or lansir espn beberapa buat messi layak masuk nominasi ballon d or pertama soal performa piala dunia advertisement messi cetak delapan gol duduk peringkat dua top skor bawah mbappe gol messi bawa argentina final meski kalah spanyol dua messi bawa inter miami tang mls messi turut jadi top skor gol raih gelar mvp usia tahun messi gahar baca bukan ronaldo main liga arab saudi masuk nominasi ballon d or lionel messi jadi pegang rekor menang banyak ballon d or delapan kali apa la pulga jadi kampiun lihat video daftar nominasi ballon d or keluar nama lionel messi gambas video detik aff ran lionel messi ballon d or ballon d or
37,sport,jakarta banjir besar landa nagoya jepang jelang asi games kondisi sebut jadi perhati menteri pemuda olahraga menpora erick thohir yakin perintah jepang siap langkah antisipasi asi games gelar aichi nagoya september hingga oktober datang banjir landa nagoya sebab jumlah aktivitas transportasi kota sebut ganggu meski kondisi venue asi games lapor tetap aman selenggara jalan sesuai rencana erick kata pihak dapat jelas kena rencana perintah jepang hadap situasi sebut scroll to continue with content baca tuju asi games tum koi tekan kolaborasi alhamdulillah kemarin cdm ketua komite olimpiade indonesia koi undang duta besar jepang jelas plan a plan b perintah jepang kata erick temu wisma serba gbk rabu yakin perintah jepang perintah sama perintah indonesia mawas peduli rakyat ujar erick nilai jepang milik alam gelar ajang olahraga internasional besar yakin milik siap hadap kondisi darurat event besar punya alam dukung lah penting tadi cdm ketua koi sampai tadi fokus tinggal hari jaga makan sehat serah ahli tegas baca tum koi menpora kukuh tim indonesia asi games erick turut minta masyarakat indonesia beri dukung tuan rumah asi games kira dukung tuan rumah perintah jepang kendala dukung apa putus panitia cdm lobi beri pandang apa solusi kata erick erick tegas kontingen indonesia perlu tetap fokus siap diri hadap asi games putus kait kondisi lapang nanti serah pihak wenang indonesia sendiri ambil bagi asi games gelar aichi nagoya mulai september datang simak video bicara kesiap atlet asi games mensesneg siap sangat baik gambas video detik mcy krs taut salin asi games banjir nagoya menpora erick thohir jepang rencana antisipasi aichi nagoya olahraga internasional dukung masyarakat kondisi darurat kontingen indonesia
38,sport,jakarta persija jakarta pasti jamu persib bandung stadion utama gelora bung karno sugbk macan mayor akhir jamu maung bandung jakarta duel el clasico indonesia jadwal gelar sabtu laga pekan dua super league jadi pertama persija jamu persib jakarta sejak gbk calling the stage is set persija vs persib time to make gbk roarrr tulis persija media sosial rabu scroll to continue with content gambas instagram advertisement sempat khawatir kendala izin persija akhir jamu persib jakarta selasa nasib laga gantung dapat izin polisi jadi kabar gembira buat dukung persija the jakmania tunggu tujuh tahun persija selalu jadi musafir kali jamu persib masalah izin baca sty kaget persija tahun jamu persib luar jakarta belum ketua panitia laksana panpel persija albin laurent ungkap pihak cetak ribu tiket mungkin besar tiket ludes jual besar animo dukung tonton persija jamu persib jakarta persija kampanye wajib suporter kena jersey klub identitas tinggi intensitas rivalitas dua tim ingin harap diminimalisir simak video pramono ogah tebak skor persija vs persib biasa nebak benar gambas video detik mro aff persija jakarta persib bandung super league stadion utama gelora bung karno
39,sport,jakarta timnas australia u gagal lolos piala asia u pertama kali main diaspora timnas indonesia u bawa bawa sebab gagal sebut tanding akhir kualifikasi piala asia u australia kalah indonesia laga grup h new laos national stadium akhir pekan lalu theodore evan leeming amar brkic jadi tentu menang indonesia hasil laga indonesia jadi juara grup h raih tujuh poin australia ada posisi tiga koleksi empat poin scroll to continue with content baca indonesia jegal mimpi australia tahan gelar piala asia u australia pertama kali gagal lolos piala asia u media australia football ulas sebab gagal young socceroos sebut advertisement beberapa main bintang australia panggil laga kualifikasi piala asia u main medin peti lawrence wong amlani tatu lepas klub masing masing main australia pilih bela negara indonesia nama leeming milik darah australia mathew baker kelompok umur bawah tahun baca kalah australia indonesia rebut tiket piala asia u tingkat lebih senior luke vickery mitchell baker pilih bela indonesia banding australia kini australia sali nasib gagal lolos piala asia u padahal sandang status juara tahan sepakbola internasional kelompok umur akhir kembang main mampu tembus timnas senior socceroos wakil australia serta tuntut saing tampil maksimal lawan negara negara asia terus kembang investasi besar program usia muda kata direktur eksekutif sepakbola australia heather garriock kabar football tanggung jawab dua sebut kata tambah baca indonesia piala asia u vietnam cuma jadi tonton video resmi timnas indonesia u lolos piala asia video resmi timnas indonesia u lolos piala asia cas nds piala asia u timnas australia u timnas indonesia u main diaspora
40,sport,jakarta kylian mbappe mulai liga champions apik masuk lima besar top skor panjang masa adik ethan mbappe kena kartu merah kylian mbappe cetak satu gol menang real madrid atas inter mil pekan perdana liga champions musim rabu dini hari wib atas gol kylian mbappe rekor catat manis mbappe cetak gol duduk peringkat lima top skor liga champions panjang masa tara legenda los blancos raul gonzalez scroll to continue with content baca mbappe capai gol sejajar raul gonzalez kylian mbappe jarak gol top skor panjang masa liga champions cristiano ronaldo cr punya gol advertisement beda nasib alami adik ethan mbappe ethan awal liga champions musim catat buruk baca top skor liga champions haaland guirassy bartra sama sama gol lille tim ethan mbappe kalah real betis kandang sendiri ethan kena kartu merah ethan sikut bek betis natan menit natan tampak bicara belakang ethan lalu main usia tahun layang sikut kena wajah natan wasit ecek var ethan usir keluar lapang hukum kartu merah padahal ethan sempat bikin assist gol pertama lille cetak ueda gambas twitter tonton video real madrid menang inter mil mbappe cetak gol gambas video detik aff nds kylian mbappe ethan mbappe liga champions
41,sport,naples napoli pincang jelang hadap arsenal il partenopei ancam tampil enam pilar akibat cedera masuk scott mctominay napoli jamu arsenal stadio ego armando maradona matchday pertama liga champions kamis dini hari wib meski tindak tuan rumah upaya il partenopei raih angka laga tak mudah arsenal datang naples performa konsisten sejak juara liga inggris musim lalu the gunners mampu raih gelar community shield scroll to continue with content raih hasil sempurna tiga laga awal liga inggris musim meriam london laga akhir bahkan mampu kalah chelsea napoli seok seok awal musim buka serie a menang atas genoa telah kali kalah lawan como inter mil advertisement baca problem utama chelsea cuma situasi makin sulit napoli jumlah pilar tak kondisi fit lawan arsenal napoli bakal scott mctominay alessandro buongiorno luca marianucci giovane empat tak main laga akhir lawan inter cedera pulih jumpa arsenal latih napoli massimiliano alleggri makin pusing daftar cedera tim tambah frank zambo anguissa david neres alami masalah bugar usai laga lawan inter kutip football italia dua tak latih sama skuad napoli jelang laga lawan arsenal allegri terus pantau kondisi dua jelang lawan the gunners mantan latih ac mil putar otak tambal peran main absen baca sulap ala gabriel tendang kepala martinez lolos sanksi lihat video arteta siap tantang napoli liga champions rekor kandang kuat gambas video detik pur aff napoli arsenal liga champions massimiliano allegri scott mctominay serie a liga inggris
42,sport,jakarta erling haaland unjuk gigi liga champions gol gawang porto bawa serang manchester city sama catat sergio aguero cetak gol banyak the citizens kompetisi sebut haaland borong gol man city menang atas porto estadio do dragao rabu dini hari wib gol pertama lahir menit catat nama papan skor masa injury time brace sebut buat koleksi haaland sama man city liga champions jadi gol jumlah sama persis milik aguero legenda city belum pegang rekor klub sosok subur kompetisi elite antarklub eropa sebut scroll to continue with content baca top skor liga champions haaland guirassy bartra sama sama gol haaland tinggal satu gol level individu haaland makin dekat capai brace lawan porto buat haaland kini koleksi gol tampil liga champions butuh satu gol capai gol advertisement haaland rupa main cepat capai gol liga champions butuh tanding capai angka sebut satu laga porto bawa haaland sama aguero top skor man city liga champions sekaligus dekat angka gol panjang karier kompetisi sebut baca porto vs man city panas haaland ribut rosario puji enzo fern ndez performa haaland porto dapat puji enzo fern ndez gelandang argentina beri assist gol pertama haaland lewat umpan silang awal babak dua enzo kemudian sebut haaland binatang monster tajam depan gawang haaland binatang monster kali ada lapang cari kata enzo amazon prime kutip espn enzo sebut haaland sosok luar biasa luar lapang bantu adaptasi man city baca kans erling haaland ukir rekor baru liga champions lihat video latih fc porto aku haaland salah satu striker baik dunia gambas video detik krs nds aguero haaland top skor liga champions gol manchester city performa main sepak bola rekor enzo fern ndez erling haaland
43,sport,jakarta marcus rashford langsung aman tempat utama sejak manchester united michael carrick puas performa main kini pakai nomor skuad setan merah rashford selalu main tiga tanding jalan man united liga inggris beri gol assist kendati performa rashford bilang cukup baik situs resmi liga inggris catat main usia tahun kali tang duel delapan kali kirim umpan silang sukses punya akurasi umpan persen scroll to continue with content baca mbeumo rashford tampak bahagia mu sisi sayap kiri man united jadi andal laku serang rashford tampil lama menit advertisement tampil sangat baik kata lama pekan main luar biasa sejak kata carrick kabar manchester evening news baca carrick senang kembali rashford lihat sangat tajam hari bahaya momen selesai akhir memang pihak pada pikir cipta peluang peluang sangat bagus beri ancam besar panjang tanding kata tambah man united lawan sabah liga champions laga langsung stadion old trafford jumat dini hari wib rashford beri kontribusi gol pertama man united musim baca carragher tak mau banyak bahas rashford podcast alas simak video carrick ogah panik usai mu sikat hull cuma satu tanding gambas video detik cas pur michael carrick marcus rashford manchester united
44,sport,jakarta ketua umum komite olimpiade indonesia koi raja sapta oktohari menpora erick thohir kukuh tim indonesia asi games aichi nagoya siap aksi laksana kukuh langsung wisma serba gelora bung karno gbk rabu indonesia kirim atlet ofisial cabang olahraga ucap bismillahirrahmanirrahim tim indonesia asi games aichi nagoya kukuh ucap okto scroll to continue with content baca asi games timnas basket masuk grup neraka cdm optimistis sempat sebut menpora erick thohir turut hadir beri pesan harap atlet cabang olahraga tampil multievent besar se asia sebut advertisement indonesia banyak kibar merah putih manca negara dapat emas dahulu bagi sini tepuk tangan kalian semua buka erick pantas puas diri kalau lihat negara tetangga lama asi games kumpul emas kalau bicara besar negara indonesia besar asi games baik segi duduk politik ekonomi semua natang semua hadir masuk enggak siap asi games baik kibar merah putih banyak banyak asi games ajak menpora usia tahun kemudian tanya atlet hadir siapa mau medali emas tanya kemudian atlet tunjuk tangan serempak bukti bukti buat diri juang tinggal hidup hari keluarga letih tangis cedera tinggal hari tegas erick rasa potensi medali tantang diri potensi perunggu tantang diri perak potensi perak tantang diri emas potensi emas saing sangat ketat banyak negara investasi olahraga kemenpora berintropeksi diri ubah pola pikir arah presiden ri prabowo subianto olahraga duta bangsa cermin hidup bangsa asi games jadi pantau dekat tuju olimpiade tak lama tinggal tahun siap pelatnas sinambung indeks prestasi kalau main main anggar bawa hukum jangan main main tegas baca tuju asi games tum koi tekan kolaborasi erick harap seluruh atlet satu komitmen jumpa presiden ri prabowo subianto harap satu komitmen ketemu bapak presiden bulat tekad negara besar asia tenggara patut rebut emas banyak banyak salam olahraga ucap erick simak video bicara kesiap atlet asi games mensesneg siap sangat baik gambas video detik mcy aff taut salin asi games raja sapta oktohari erick thohir
45,sport,jakarta john mcginn catat nama sejarah liga champions gelandang aston villa cetak gol pertama liga champions hadap club brugge mcginn buka unggul aston villa menit jan breydelstadion rabu dini hari wib villa akhir menang atas club brugge laga buka fase liga gol sebut buat mcginn masuk daftar main cetak gol pertama musim liga champions sejak kompetisi ganti nama nama nama besar lionel messi zlatan ibrahimovic jari litmanen sergio aguero pernah toreh rupa scroll to continue with content ronaldo satu satu kali satu catat buat cristiano ronaldo beda cetak gol buka musim liga champions lain rupa satu satu main kali cetak gol pertama satu musim liga champions laku sama klub beda manchester united real madrid ronaldo jadi cetak gol buka musim real madrid hadap fc zurich dapat status sebut musim manchester united tandang young boys advertisement uefa catat musim musim era liga champions musim tiga format fase liga mcginn jadi nama baru buka daftar sebut cetak gol menit lawan club brugge cetak gol pertama liga champions tiap musim sejak era liga champions mulai ikut cetak gol pertama musim fase grup fase liga musim cetak gol klub menit daniel amokachi club brugge domingos paci ncia porto nikolai pisarev spartak moskva andreas m ller borussia dortmund jari litmanen ajax st phane chapuisat borussia dortmund joseba etxeberria athletic club jan derek s rensen robert pir s rosenborg marseille yegor titov spartak moskva marc hendrikx anderlecht zlatan ibrahimovi ajax mika l silvestre manchester united vicente rodr guez valencia florent sama pongolle liverpool andr s iniesta barcelona brand o shakhtar donetsk sergio ag ero atl tico de madrid cristiano ronaldo real madrid tri pasanen werder bremen pato ac mil isco m laga david alaba filip djuri i bayern munich benfica hulk zenit ngel mar a paris saint germain edinson cavani paris saint germain seydou doumbia sporting cp lionel messi barcelona sardar azmoun zenit lvaro morata juventus cristiano ronaldo manchester united mislav or i dinamo zagreb mohamed simak rb leipzig kenan y ld z juventus promise david union sg john mcginn aston villa terang tanding main lebih awal malam buka gol bunuh diri simak video mourinho messi selalu rindu gambas video detik krs nds aston villa john mcginn liga champions gol pertama club brugge cristiano ronaldo sejarah sepak bola musim cetak gol uefa
46,sport,jakarta lionel messi putus pensiun timnas argentina lautaro martinez ucap terima kasih la pulga akhir agustus messi umum pensiun umum laku messi hilang sang ayah jorge sama messi argentina lautaro martinez tang piala dunia lautaro martinez messi jadi juara pesta bola jagat scroll to continue with content baca messi pensiun bayang bayang timnas argentina puasa gelar lautaro martinez messi jadi juara copa america satu trofi raih finalissima banyak momen manis sama messi lautaro martinez ucap terima kasih advertisement tahu kabar tiba jadi jadi besar segala wakil leo kata lautaro martinez kabar marca baca messi pensiun timnas argentina mourinho piala dunia tak sama dapat sempat bicara dengan sampai beberapa patah kata kepada terima kasih kepada bimbing tuju menang meski pernah lewat masa masa sulit kata tambah beberapa main sebut sebut jadi terus lionel messi argentina main como nico paz rupa salah satu baca haaland gol level klub cuma kalah cepat messi lihat video martinez kvaratskhelia jadi sorot final liga champions gambas video detik cas cas lautaro martinez lionel messi timnas argentina
47,sport,jakarta thibaut courtois catat milestone istimewa liga champions kiper real madrid masuk klub liga champions lewat tampil lawan inter mil courtois catat tampil liga champions real madrid hadap inter santiago bernabeu rabu dini hari wib madrid menang laga sebut courtois jadi main catat sedikit tampil liga champions jadi main belgia pertama kiper delap capai milestone sebut scroll to continue with content baca hasil liga champions tadi malam real madrid man city menang courtois kini sejajar deret nama besar lebih dulu tembus tampil kompetisi elite eropa daftar sebut pimpin cristiano ronaldo tampil susul iker casillas laga lionel messi thomas m ller sama sama ada angka manuel neuer koleksi tampil advertisement courtois sendiri kumpul tampil sama atletico madrid sama chelsea sama real madrid capai total laga baca klasemen liga champions man city puncak delapan kiper tembus rujuk statistik uefa com courtois jadi kiper delap masuk daftar main sedikit tampil liga champions belum iker casillas manuel neuer gianluigi buffon petr cech victor valdes jan oblak oliver kahn casillas jadi kiper tampil banyak liga champions laga neuer ada urut dua tampil susul buffon courtois kini koleksi tampil aktif sama real madrid peluang terus baik posisi daftar panjang masa baca real madrid vs inter mil blunder fatal josep martinez courtois empat main capai tampil musim lalu bernardo silva joshua kimmich jan oblak nicolas otamendi tambah courtois kini dapat main tampil kali liga champions courtois resmi gabung klub eksklusif centurion liga champions buah kelompok huni banyak legenda kompetisi ronaldo messi casillas benzema modric neuer besar main tampil banyak liga champions posisi main tampil cristiano ronaldo iker casillas lionel messi thomas m ller manuel neuer karim benzema ton kroos xavi hernandez robert lewandowski luka modric simak video courtois jangan bandingin laliga sama liga champions beda bro gambas video detik krs nds thibaut courtois liga champions real madrid milestone kiper tampil sepak bola statistik main belgia centurion liga champions
48,sport,mil mantan latih inter mil andrea stramaccioni puji kiprah ruben amorim sama ac mil nilai rossoneri punya gaya main jelas bawah amorim ac mil arung musim sama latih anyar ruben amorim amorim ganti posisi massimiliano allegri amorim mulai karier sama rossoneri cukup janji mil hasil raih tujuh poin tiga laga awal serie a musim scroll to continue with content laga akhir mil mampu tahan juventus juventus stadium il diavolo bahkan menang laga sebut federico gatti tak bikin gol sama duduk menit akhir laga baca usai jadi selamat juventus gatti selalu aku advertisement mil ada peringkat lima tujuh poin tinggal angka as roma puncak klasemen mantan latih inter mil andrea stramaccioni puji kiprah amorim sama mil nilai amorim punya gaya main jelas latih asal portugal hasil bikin mil makin solid amorim memang punya formasi pakem formasi selalu terap tiga laga sama mil amorim tarik latih milik gagas jelas lindung tim teguh jalan sendiri ujar stramaccioni dazn stramaccioni nilai amorim punya hubung sangat baik gerry cardinale hubung baik dua bakal sangat penting bangun mil depan rasa ada cocok cardinale lihat sang milik duduk simak konferensi pers tunjuk ada suasana baru lingkung klub jelas stramaccioni baca amorim aku mil memang tak pantas menang atas juventus simak video arteta amorim banyak menang kalau enggan hilang kerja gambas video detik pur aff ac mil ruben amorim andrea stramaccioni serie a juventus
49,sport,jakarta jumlah big match ramai liga champions hari rabu arsenal liverpool tanding barcelona liverpool jamu atletico madrid anfield kamis dini hari wib dua tim hadap kondisi tolak belakang the reds baru menang atas ipswich town premier league akhir pekan lalu atletico justru kalah telak athletic bilbao scroll to continue with content klub premier league lain arsenal lawat markas napoli the gunners bekal laju apik premier league baca isak panas kini kejar gol perdana sama liverpool liga champions advertisement tilik catat head to head arsenal menang tiga kali empat temu akhir lawan napoli akhir meriam london menang kandang tandang atas napoli perempatfinal liga europa barcelona jamu feyenoord camp nou rabu malam wib blaugrana sedang ada atas angin usai menang atas valencia laliga akhir pekan lalu sang juara tahan paris saint germain mulai kiprah liga champions kamis dini hari wib psg jamu klub slovakia slovan bratislava kini tangan eks manchester city yaya toure baca arsenal bawa rekor apik markas napoli musim tak kalah laga buka jadwal liga champions rabu wib barcelona vs feyenoord wib stuttgart vs viking kamis wib liverpool vs atletico madrid wib napoli vs arsenal wib paris saint germain vs slovan bratislava wib sporting cp vs galatasaray baca flick barcelona punya kualitas juara liga champions lihat video arteta siap tantang napoli liga champions rekor kandang kuat gambas video detik nds krs liga champions jadwal liga champions barcelona liverpool arsenal atletico madrid napoli psg liverpool vs atletico napoli vs arsenal
50,sport,madrid inter mil laku jumlah salah untung real madrid latih inter cristian chivu tetap puas tampil tim inter paksa aku unggul tuan rumah madrid tanding liga champions rabu dinihari wib los blancos menang berkat gol gol kylian mbappe federico valverde manfaat salah yann bisseck kiper josep martinez turut turut gol balas nerazzurri cipta carlos augusto babak dua main scroll to continue with content baca real madrid vs inter mil blunder fatal josep martinez chivu kata inter mil tampil bagus lawan madrid la beneamata tolak puruk repot tuan rumah sisa main meski akhir kalah advertisement sama sekali marah senang berani karakter tunjuk tim ujar latih asal rumania sky sport italia buat salah kan bagi olahraga bagaimana reaksi salah maju depan bahasa tubuh sikap akhir baca madrid vs inter mbappe bikin gol los blancos atas nerazzurri kata tadi tampil bagus malam usaha jadi dominan jaga inisiatif panjang main buat senang optimistis masa depan tim salah jadi tahu beri sedikit ruang transisi kualitas punya serang tetap juang akhir tunjuk karakter baik tadi tampil bagus cetus chivu usai kalah inter mil lihat video mourinho memang benar benar special one buat chivu gambas video detik rin adp cristian chivu inter mil real madrid liga champions real madrid vs inter mil madrid vs inter
51,sport,jakarta saing top skor liga champions langsung panas enam tanding awal matchday erling haaland serhou guirassy marc bartra sama sama koleksi gol tiga cetak brace laga buka liga champions musim haaland buat gol manchester city menang markas porto guirassy cetak gol borussia dortmund kalah villarreal bartra kali bobol gawang lille menang real betis haaland langsung tancap gas haaland jadi salah satu main paling curi perhati striker manchester city cetak gol babak dua bawa tim menang atas porto scroll to continue with content gol pertama haaland lahir lewat sundul menit kemudian cetak gol dua masa injury time mantap menang the citizens baca hasil liga champions tadi malam real madrid man city menang advertisement guirassy bikin brace gol bunuh diri guirassy tampil gemilang dortmund jamu villarreal serang asal guinea cetak gol menit lalu penalti menit dortmund akhir menang fakta unik balik tampil guirassy masa injury time jebol gawang dortmund alias buat gol bunuh diri arti tiga lima gol laga lahir guirassy baca klasemen liga champions man city puncak bartra kali cetak gol sama skor nama kalah tarik marc bartra bek real betis cetak gol tim laku comeback menang atas lille prancis lille lebih dulu unggul bartra sama duduk menit kemudian cetak gol sama skor awal babak dua troy parrott pasti menang tim spanyol sebut enam laga gelar rabu malam hingga kamis dini hari wib masuk barcelona vs feyenoord liverpool vs atletico madrid psg vs slovan bratislava sporting cp vs galatasaray napoli vs arsenal baca jadwal liga champions pekan real madrid vs inter napoli vs arsenal arti haaland guirassy bartra salip main tampil enam laga ikut punya sempat langsung masuk puncak daftar top skor liga champions top skor liga champions posisi main klub gol erling haaland manchester city serhou guirassy borussia dortmund marc bartra real betis nicol tresoldi club brugge carlos augusto inter mil nicolas jackson aston villa emiliano buend a aston villa kylian mbapp real madrid r zvan marin aek athens hugo vetlesen club brugge tonton video selisih gol mbappe vs messi rebut gelar top skor piala dunia gambas video detik krs nds top skor liga champions erling haaland serhou guirassy marc bartra brace gol bunuh diri borussia dortmund manchester city real betis tanding liga champions
52,sport,jakarta lionel messi kabar segera akuisisi klub divisi liga spanyol eldense jadi ranah investasi ikut milik la pulga negeri matador sebut espn lapor proses beli baru tahap sepakat awal eldense milik grup investasi asal kolombia grupo th milik klub kolombia swiss sepakat tunggu lampu hijau dewan olahraga nasional spanyol tuju jadi klub dua messi spanyol awal tahun akuisisi cornella tim divisi lima bas barcelona scroll to continue with content baca daftar nominasi ballon d or rilis nama messi eldense asal elda kota kecil daerah otonomi valencia tanding stadion nuevo pico kapasitas kurang enam ribu kursi musim lalu jadi juara grup divisi tiga otomatis promosi divisi advertisement milik klub jadi masalah laga divisi sama lihat situasi mungkin sulit jadi eldense status tim profesional beda cornella semi pro baca harry kane punya karier awet messi ronaldo messi tahu milik deportivo lsm kiprah uruguay klub sebut milik sama rekan tim inter miami luis suarez eldense sedang duduk urut tim klasemen divisi baru raih poin empat laga latih claudio barrag n baru pecat awal pekan perlu tunjuk latih baru baca martinez doa alvarez cepat move on usai gagal barcelona lihat video daftar nominasi ballon d or keluar nama lionel messi gambas video detik adp adp lionel messi eldense liga spanyol
53,sport,barcelona lamine yamal punya peluang bagus ballon d or yamal tegas diri tak mau mohon harga prestisius jatuh tangan winger usia tahun masuk daftar nominator ballon d or lamine yamal memang jalan musim lalu fantastis level klub internasional baca daftar nominasi ballon d or rilis nama messi scroll to continue with content yamal emas gol assist ikut antar barcelona tahan gelar juara liga spanyol main darah maroko guinea ekuator kemudian sumbang satu gol satu assist jadi main penting spanyol rengkuh piala dunia umum menang ballon d or laku oktober datang lamine yamal sadar peluang minta minta menang advertisement pertama gantung pada siapa menang ballon d or gantung kalian media ucap kutip espn baca daftar nominasi kopa trophy cubarsi yamal kandidat kuat tahun memang luar biasa sama barca spanyol buah peluang aku menang aku memang jalan tahun hebat rasa aku perlu jalan buah kampanye aku bangga tahun jalan tang piala dunia laliga aku minta lain main main jauh main level luar biasa tugas tentu aku mohon apa cetus lamine yamal peluang ballon d or lihat video daftar nominasi ballon d or keluar nama lionel messi gambas video detik video daftar nominasi ballon d or keluar nama lionel messi video daftar nominasi ballon d or keluar nama lionel messi rin bay lamine yamal ballon d or barcelona
54,sport,misano saing titel juara dunia makin ketat tuju motogp san marino jorge martin percaya jaga puncak klasemen bukan prioritas fase balap aprilia asal spanyol bayang marc marquez marco bezzecchi klasemen martin tempat peringkat atas oleh poin selisih poin marquez poin bezzecchi potensi besar singgasana ganti milik gelar motogp san marino jorge martin penting hasil akhir juara scroll to continue with content baca motogp san marino antusiasme bezzecchi balap rumah sendiri grand prix misano selalu istimewa ada buah tim italia sama fans aprilia aku yakin jadi akhir pekan hebat cetus juara motogp warta crash advertisement tuju buah lintas suka laku buah kerja bagus aragon punya target target jelas sambung j orge martin pimpin klasemen memang penting tim aprilia seluruh lihat ingat selisih angka tipis bukan buah prioritas atau faktor tentu baca dokter kira kondisi lengan marc marquez persen mesti terus fokus kerja aku enggak sabar tunggang rs gp laku baik balap kandang aprilia martinantor tambah jorge martin baru sekali tang balap grand prix seri prancis motogp jauh martin merupaya patah dominasi ducati misano turut turut tang lima balap akhir video marc marquez siap kudeta jorge martin cuma beda poin video marc marquez siap kudeta jorge martin cuma beda poin rin adp taut salin jorge martin klasemen motogp motogp san marino marc marquez marco bezzecchi motogp motogp
55,sport,austin pupus harap sean gelael rekan rekan team wrt raih podium lone star le mans kendala teknis bikin gagal poin raih posisi start tujuh kualifikasi kelas lmgt sean dkk percaya diri tinggi hadap balap cota senin dini hari wib bahkan posisi naik satu strip penalti af cose balap langsung trek basah darren leung starting driver langsung lesat posisi enam urut empat start scroll to continue with content leung bahkan sempat naik p saing ketat buat balap inggris lalu tahan p tiba tiba leung mundur atur p p p hingga mesti masuk pit problem teknis deteksi nyata as roda mobil bmw m gt kendara masalah mesti ganti advertisement ganti butuh waktu cukup lama menit sean ambil alih balap leung sean buat banyak team wrt tinggal lap mobil depan kelas lmgt baca wec sean gelael balap austin dini hari start p tuntas juang sean leung augusto farfus tetap laga hingga finis p bukan hasil harap memang beri segala bukan hasil ingin balap memang terkadang ujar sean rilis detiksport balap lone start le mans hours of cota penuh drama sejak awal safety car sc full course yellow fcy berulangkali mesti laku menetralisir lomba kelas lmgt jadi milik tim heart of racing team ferrari akhir pecah telur kelas hypercar tahun lewat mobil nomor putar lima fia wec gelar sirkuit fuji jepang september baca wec wrt raba cota hasil free practice video sean gelael soal olahraga balap anggap mahal semua relatif video sean gelael soal olahraga balap anggap mahal semua relatif mrp rin taut salin sean gelael team wrt team wrt lone star le mans fia wec world endurance championship
56,sport,jakarta liga jasa uang ljk lebih kenal kompetisi basket kini mulai rambah padel ljk pertama kali gelar padel mulai tahun banyak tim institusi uang ikut rangkai kompetisi buka wakil ketua dewan komisioner otoritas jasa uang ojk hernawan bekti sasongko milo s padel kemang jakarta minggu opening ceremony hadir parade tim tanding eksibisi level eksekutif tanding awal fase grup giat turut hadir deputi gubernur bank indonesia solikin m juhro jajar pimpin bagai institusi serta scroll to continue with content baca mala cup padel ikut lebih serta serta datang tiga kelompok utama sektor perban wakil institusi sektor asuransi uang nonbank kelompok regulator lembaga kait institusi turun satu tim diri atas lima main putra lima main putri damping maksimal tiga ofisial total banyak main catat ikut turnamen advertisement masuk padel cabang baru tunjuk liga jasa uang terus kembang ikut minat insan jasa uang paling penting bukan sekadar cabang olahraga semangat bawa berani tanding junjung sportivitas bangun kompak kata ketua urus ljk insan hasan temu regu tim tanding tiga kategori men s doubles women s doubles mixed doubles kompetisi mulai fase kualifikasi grup kemudian lanjut empat final semifinal rebut tempat tiga final format jenjang sebut buat hasil fase grup tentu langkah tim tuju babak gugur selenggara dukung perangkat tanding profesional atur level main sistem skor publikasi giat baca atlet dunia ramai premiere padel indonesia rancang kompetisi format regu tim tampil satu satu strategi dalam skuad konsistensi jadi tentu harap turnamen langsung kompetitif fair beri alam tanding baik nikmat seluruh serta ujar ketua laksana ljk padel greatman rajab ljk pertama kali selenggara wadah olahraga regulator laku industri mang penting sektor jasa uang pasuk selenggara delapan tambah padel luas cabang tanding sekaligus respons minat komunitas olahraga sebut usung tema play bold build bonds ljk padel madu saing sehat sportivitas kompak tim tutup september jadi momentum serah harga sekaligus apresiasi seluruh tim ikut selenggara perdana cabang padel lebih sekadar kompetisi ljk padel harap jadi medium efektif kuat konektivitas kolaborasi antarinsan industri jasa uang sama sportivitas tumbuh tanding lalu disiplin integritas kerja sama tim sikap saling hormat cermin nilai nilai butuh bangun ekosistem jasa uang sehat solid lanjut video tukang sampah meruya curhat kerja ganggu gegara lapang padel video tukang sampah meruya curhat kerja ganggu gegara lapang padel mro bay taut salin ljk padel
57,sport,jakarta padel kini jadi gaya hidup masyarakat urban indonesia cuma olahraga padel jadi ajang reuni laku alumni fakultas hukum fh universitas trisakti angkat minggu kemarin lokasi hq padel tennis pesanggrahan jakarta selatan laku giat gathering kemas bentuk turnamen padel tajuk ngedadak padel alumni fh trisakti sebut boleh bawa pasang masing masing saing tanding nomor campur scroll to continue with content turnamen padel ikut fixed partners mixed partners bagi grup serta lihat tampil antusias kompetitif inti jaga silaturahmi angkat fh trisakti memang sering buat giat kumpul kumpul salah satu padel padel sedang gari baik laki laki maupun perempuan ujar salah orang panitia mega ruhapy terang media advertisement giat memang hanya ajang silaturahmi panitia tampak serius selenggara acara podium juara pertama peringkat runner up tiga siap menang hak dapat harga medali hadiah arie pujianto salah orang alumni jadi motor gerak aktivitas olahraga kalang alumni fh universitas trisakti sebut angkat memang golong cukup aktif gelar giat giat olahraga padel yakin arie jadi pilih tepat silaturahmi baik alumni laki laki maupun perempuan partisipasi ngedadak padel padel jadi ajang reuni foto dok ngedadak padel zaman kuliah udah lebih tahun lalu memang akur alhamdulillah hubung baik akhir sekarang coba main padel istri main kata arie mudah mudah ada turnamen padel perdana angkat mau angkat fh trisakti pasti seru kalau seluruh fh trisakti laku gathering sambung arie sebut alumni angkat fh trisakti rencana gelar turnamen padel depan ada asha beach club resort pulau payung pulau ribu baca mala cup padel ikut lebih serta tak cuma padel arie alumni fh trisakti rupa gabung klub sepak bola inkracht sakti fc jadwal ikut juara dunia antar advokat mundiavocat bal april mundiavocat jadi salah satu fokus inkracht sakti fc memang basicnya lawyer lulus trisakti mungkin buka peluang ajak main adi fc ucap arie arie jabat kapten tim inkracht sakti fc tambah hadap mundiavocat tahun depan skuad bentuk bulan november tim lebih konsentrasi laku siap inkracht sakti fc sendiri tunjuk orang latih profesional kenal kalang olahraga futsal mario silitonga mario memang kali kali bawa tim advokat indonesia kompetisi juara dunia sepak bola antar advokat tangan dingin alam mario harap bawa inkracht sakti fc capai prestasi bangga mundiavocat biasa negara unggul asia thailand iran jepang dulu pernah bawa tim sepak bola advokat indonesia peringkat tiga kata mario agenda dekat inkracht sakti fc gelar tanding panas hadap mantan main profesional malaysia sabah fc jakarta september baca atlet dunia ramai premiere padel indonesia video tukang sampah meruya curhat kerja ganggu gegara lapang padel video tukang sampah meruya curhat kerja ganggu gegara lapang padel mrp bay taut salin padel alumni fh trisakti ngedadak padel
58,sport,jakarta hyrox tak dipungkiri naik daun dunia utama indonesia olahraga memang punya peran penting jaga stamina tubuh hyrox kompetisi bugar global kombinasi lari jarak jauh latih fungsional satu rangkai lomba intens olahraga pertama kali luncur jerman tahun cepat kembang jadi fenomena internasional tuju utama kompetisi uji daya tahan endurance kuat strength serta seluruh scroll to continue with content beda kompetisi atletik lain sering kali tuju profesional hyrox rancang inklusif semua tingkat bugar serta mula hingga atlet elit kompetisi bawah standar sama waktu selesai catat digital jadi hyrox salah satu jenis kompetisi fitness race paling populer dunia advertisement banyak pusat bugar kota kota besar indonesia masuk hyrox salah satu jual tinggi minat sering lihat kompetisi hyrox tanding cuma tanding resmi hyrox kerap jadi gimmick buah seremoni salah satu hari merdeka ri bulan lalu synergy worldwide indonesia usaha gerak bidang nutrisi wellness synergy kolaborasi south barn hadir buah kompetisi fitness madu semangat olahraga kompetisi tradisi raya agustus lalu acara agustus throwdown baca soal olahraga hyrox naik daun indonesia usung konsep kompetisi gaya hyrox agustus throwdown hadir tantang fisik uji kuat daya tahan cepat tangguh serta beda kompetisi fitness umum acara bawa suasana khas raya merdeka indonesia lalu bagai lomba agustus lomba makan kerupuk mengigit sendok kelereng hadir beda sambut hari merdeka fitness olahraga milik nilai sangat dekat semangat juang konsistensi disiplin berani hadap tantang mudah serah lalu agustus throwdown gabung nilai nilai sebut ceria sama jadi ciri khas raya agustus indonesia produk produk synergy indonesia hadir dukung performa cinta olahraga fitness ujar dina yuliyanti selaku senior marketing manager synergy worldwide indonesia terang detiksport kolaborasi sama south barn jadi bagi upaya hadir alam olahraga lebih inklusif senang komunitas serta tantang tunjuk mampu fisik arena kompetisi ajak nikmat suasana raya merdeka sama komunitas rekan rekan sama cinta olahraga konsep work hard play hard jadi salah satu semangat utama acara gabung tantang fisik kompetisi main main khas agustus hadir suasana santai penuh tawa kompetisi sahabat hadir agustus throwdown sekaligus cermin makin kembang budaya fitness olahraga fungsional indonesia kompetisi hyrox gabung bagai elemen latih mulai kuat kardio hingga functional movements tuntut serta milik mampu fisik seluruh lalu giat synergy worldwide indonesia south barn harap semangat merdeka raya lalu seremonial wujud lalu gaya hidup aktif sehat sportif penuh sama baca wellnest festival vol hadir ikut mat pilates cuma ribu video viral pria umur takluk hyrox jakarta latih main main video viral pria umur takluk hyrox jakarta latih main main mrp bay taut salin hyrox
59,sport,nusa men s world tennis championship pasuk seri v sayang tiga tenis tuan rumah gagal laju babak utama putar final kualifikasi seri v m men s world tennis championship senin indonesia turun tiga wakil ethan jake frans ethan david zapp kareem abdul hakim tiga malah gagal tuntas misi lolos babak utama turnamen hadiah total ribu dolar as total tenis negara tampil babak kualifikasi scroll to continue with content tanding lapang a bal beach country club nusa ethan baru raya ulang tahun tumbang unggul empat shanker heisnam ethan akhir pekan lalu jadi runner up seri iv sama rafalentino da costa kalah skor waktu jam advertisement baca men s world tennis championship karan singh juara seri iv ethan jake tahun rupa putra eks tenis indonesia wyne prakusya kalah unggul tujuh asal amerika serikat stefan menichell skor tiebreak waktu jam menit tetap puas performa final kualifikasi kalah tenis asing stefan unggul teknik alam peringkat atp lebih tinggi ujar ethan jake rilis detiksport wakil ri tiga gagal kareem abdul hakim takluk unggul lima selandia baru matthew shearer hasil indonesia cuma punya empat wakil babak utama unggul dua m rifqi fitriadi anthony susanto nathan bark rafalentino ali da costa masuk babak utama fasilitas wild card sektor ganda putra indonesia kuat rafalentino ali dacosta ethan david zapp ethan jake frans m ragil putra anthony susanto gandeng tenis taiwan cheng chen pasang kareem abdul hakim partner andrez nech hungaria baca men s world tennis championship rafalentino ethan gagal juara video arteta siap tantang napoli liga champions rekor kandang kuat video arteta siap tantang napoli liga champions rekor kandang kuat mrp rin taut salin men s world tennis championship amman mineral men s world tennis championship
60,sport,jakarta barra ghaisan zeinatma tunjuk kembang positif musim debut eshark rok cup indonesia turun kelas mini rok balap muda indonesia mampu koleksi jumlah podium jalan proses adaptasi panjang musim balap usia tahun kuat avenue rising star racing team baru tampil mulai round adaptasi dengangokartbaru seri barra finis posisi tingkat peringkat seri performa barra makin tonjol seri raih posisi lima kategori mini newbie peringkat tiga mini rok rising star scroll to continue with content pasuk seri barra naik podium jadi juara pertama kategori mini newbie runner up mini rok b performa sebut lanjut seri langsung september raih posisi dua mini newbie posisi lima mini rok posisi empat mini rok rising star musim pertama jadi proses ajar sangat penting barra seri beri alam tantang baru kata ayah barra jeffri ardiatma awak media advertisement jeffri ingat barra tetap perhati didik barra catat siswa kelas smp labschool cirendeu penting barra fokus sekolah selalu harap baik barra lanjut selesai musim pertama kelas mini rok barra proyeksi naik kelas junior rok eshark rok cup indonesia jadwal ikut jumlah seri rok cup asia macau malaysia thailand video momen puluh remaja jaring razia balap liar kota pasuruan video momen puluh remaja jaring razia balap liar kota pasuruan ran yna taut salin gokart barra ghaisan zeinatma balap
61,sport,jakarta marco bezzecchi tak sabar hadap motogp san marino balap aprilia balap sirkuit misano punya arti khusus lokasi sangat dekat kampung halaman rimini motogp san marino langsung misano september bezzecchi sebut seri selalu asa beda banding balap lain grand prix kandang selalu milik ajaib spesial kata bezzecchi lansir motosan scroll to continue with content misano memang rumah dua bezzecchi sirkuit sebut jarak beberapa kilometer rimini tempat lahir saking dekat bezzecchi bahkan tinggal rumah hingga kamis pindah motorhome jalan rangkai akhir pekan balap advertisement misano benar benar wilayah rumah rumah kamis jadi luar biasa selalu jadi asa luar biasa selalu milik rasa spesial ujar baca jadwal motogp san marino misi marc marquez kejar jorge martin bezzecchi datang modal bagus antusiasme bezzecchi makin besar seri akhir beri hasil positif hasil kumpul poin penting tetap ada saing gelar motogp beberapa waktu akhir memang cukup sulit balap akhir jalan baik hasil dapat beberapa poin kata motogp aragon bezzecchi ada posisi tiga klasemen tinggal poin jorge martin pimpin marc marquez ada posisi dua selisih poin martin balap misano bukan sekadar home race bezzecchi balap italia sebut punya sempat mangkas jarak rebut gelar depan dukung sendiri percaya diri sendiri juang kim laku usaha beri baik ujar bezzecchi baca marc marquez makin dekat jorge martin lawan krs yna taut salin san marino motogp marco bezzecchi sirkuit misano balap antusiasme balap italia klasemen motogp home race gelar juara
62,sport,monza balap mercedes gp kim antonelli tampil luar biasa tang f gp italia tak cuma comeback antonelli bikin rekor baru balap sirkuit monza minggu malam wib antonelli dapat penalti start grid alias posisi antonelli cuma butuh lap dekat posisi besar kemudian ambil alih balap pasuk lap posisi tahan antonelli akhir scroll to continue with content menang bikin antonelli kukuh puncak klasemen balap f poin unggul angka rekan tim george russell posisi dua angka hamilton posisi tiga rupa menang tujuh antonelli musim paling banyak panjang sejarah keikutsertaan balap italia f advertisement baca hasil f gp italia kim antonelli menang mercedes hebat antonelli sudah puasa panjang balap italia monza akhir ludovico scarfiotti sama ferrari tahun antonelli jadi balap muda menang monza usia tahun hari sekaligus orang italia pertama naik podium balap sejak luar biasa senang sekali pernah bayang sini hari wujud bak mimpi jadi nyata hari luar biasa laku bantu tim keluarga semua dukung ujar antonelli lansir reuters beberapa balap jemawa nikmat dulu menang hari sambung baca hasil f gp belanda lando norris juara video arteta siap tantang napoli liga champions rekor kandang kuat video arteta siap tantang napoli liga champions rekor kandang kuat mrp nds taut salin kim antonelli mercedes gp f gp italia f gp italia f formula
63,sport,nusa selesai seri iv m men s world tennis championship tenis india karan singh jaya nomor tunggal putra tanding final lapang a bal beach country nusa minggu karan hadap lawan isaac becroft rupa juara seri dua agustus lalu saji karakter main beda tarung dua seru tarik karan gaya tenang lawan lincah isaac asal selandia baru karan akhir menang set pertama scroll to continue with content pasuk set dua intensitas tanding tetap langsung tempo tinggi isaac upaya balas kalah set pertama karan respons baik jadi susul susul angka laga tuntas babak tiebreak sama kuat sabar lincah tutup area lapang serang lawan karan tang babak skor tiebreak advertisement baca men s world tennis championship rafalentino ethan gagal juara karan senang bukan main raih gelar seri iv gelar dapat lewat duel jam menit kontra isaac nilai lawan tangguh rupa buah bangga jadi baik ajang m bal lawan isaac becroft main sangat luar biasa gelar makin tambah motivasi tampil seri lima ujar karan rilis detiksport karan hak atas hadiah uang usd tambah poin atp isaac dapat usd trofi serah hadiah laku heru gunawan selaku area business team leader bni kanwil denpasar damping ketua pelti periode rildo ananda anwar titf world tennis tour m amman mineral men s world tennis championship langsung lanjut seri v senin tenis babak kualifikasi rebut delapan slot babak utama baca men s world tennis championship ganda indonesia tembus final video arteta siap tantang napoli liga champions rekor kandang kuat video arteta siap tantang napoli liga champions rekor kandang kuat mrp nds taut salin men s world tennis championship amman mineral men s world tennis championship karan singh
64,sport,surabaya jete run festival baru selesai gelar akhir pekan event lari masuk buku rekor muri ajang lari gelar kawasan balai kota surabaya minggu lari ambil bagi kategori k k start buka langsung wali kota surabaya eri cahyadi jete run tahun tampil format lebih luas beda belum bukan ajak masyarakat lari selenggara emas jadi festival olahraga gaya hidup bagai aktivitas dukung scroll to continue with content pilih balai kota surabaya pusat jete run beri alam beda serta start finis ada jantung kota rute bawa lari lintas jumlah ruas jalan utama surabaya penuh lanskap ikonik kota pahlawan kategori k serta mulai jalan balai kota surabaya tuju jalan pemuda rute kemudian lanjut lewat jalan panglima sudirman jalan basuki rahmat jalan gubernur suryo hingga jalan wuni tuju garis finis balai kota advertisement kategori k bawa lari jelajah area pusat kota cakup lebih luas lepas start balai kota serta gerak tuju jalan pemuda jalan panglima sudirman jalan basuki rahmat lari kemudian ajak nikmat lanskap lain lalu jalan embong malang kawasan blauran jalan bubut jalan pahlawan hingga jalan yos sudarso selesai lomba kawasan balai kota surabaya rute sebut buat serta sekadar selesai jarak sekaligus lintas jumlah koridor pusat kota jadi bagi wajah surabaya panjang jalur selenggara turut sedia titik water station layan medis dukung butuh serta lama giat langsung jete run tahun ambil venue beda belum citraland balai kota jadi pilih hadir nuansa lari konsep lanskap kota modern khas surabaya penuh nilai sejarah jadi panjang rute lari lintas jalan tempat sejarah kota ungkap jhonny thio dor selaku ceo founder jete rilis detiksport baca jete run bidik ribu lari banyak giat serta selenggara jete run festival kemudian hasil catat sendiri muri beri harga jete kategori ajang lari ragam giat dukung banyak jete run festival hadir giat dukung bagai kategori mulai olahraga wellness kreativitas hingga giat temu bagai komunitas rekor sebut jadi salah satu tanda kembang jete run buah giat olahraga tuju festival cakup lebih luas jete run pecah rekor muri foto dok jete run terima kasih seluruh masyarakat indonesia dukung percaya jete pilih aktivitas hari hari mulai kerja olahraga nikmat hibur era digital capai luar biasa mustahil capai ada dukung keluarga tim konsumen setia jete masyarakat sekali terima kasih semua papar jhonny piagam muri dapat memang jadi capai baik tahun jangan ada atas angin lupa kualitas ingat brand terus inovasi tengah teknologi terus kembang beri baik utama jadi jete solusi butuh produk aksesoris gadget smarthome wearable event olahraga dukung gaya hidup sehat tutup baca jete run goes to bal sukses ikut ribu lari pertamina patra niaga pecah rekor muri lewat porsi ayam kecap nusantara pertamina patra niaga pecah rekor muri lewat porsi ayam kecap nusantara mrp bay taut salin jete run festival jete jete run lari muri rekor muri
65,sport,jakarta menteri komunikasi digital menkomdigi meutya hafid imbau masyarakat tetap tenang tingkat waspada susul aktivitas erupsi gunung anak krakatau selat sunda minta masyarakat pantau informasi sumber percaya paling penting tetap tenang jangan kurang waspada masyarakat perlu ikut arah otoritas kait pasti informasi terima asal sumber percaya kata meutya terang tulis minggu tahu gunung anak krakatau gak tunjuk aktivitas vulkanik sangat signifikan sejak jumat malam kini status ada level iii siaga abu vulkanik deteksi sebar jumlah wilayah masuk banten dki jakarta jawa barat scroll to continue with content erupsi gak sebab jumlah terbang batal timbul khawatir masyarakat akibat isu potensi tsunami timbul dentum getar sempat jadi bagi wilayah jawa barat akibat aktivitas gak cukup buat masyarakat khawatir kait meutya minta masyarakat ikut kembang aktivitas gunung anak krakatau kondisi sebar abu vulkanik sumber sumber resmi percaya utama lalu kanal resmi perintah pvmbg bmkg bnpb perintah daerah instansi kait lain advertisement pasti akurat informasi pihak pihak milik wenang kait bencana gunung rap hindar misinformasi informasi sesat sebab resah ungkap lebih lanjut meutya ingat masyarakat sebar informasi verifikasi benar kait kondisi gunung anak krakatau situasi informasi benar timbul panik saring sharing pasti informasi terima asal sumber resmi dipertanggungjawabkan tegas meutya meutya dorong masyarakat tetap tenang tingkat waspada khusus warga tinggal dekat gak wilayah turut dampak abu vulkanik tetap waspada tetap tenang jangan mudah percaya informasi jelas sumber mana jelas masyarakat ada wilayah dampak abu vulkanik meutya imbau laku jumlah langkah jaga selamat sehat pertama guna masker tepat apabila aktivitas luar rumah masker n kn bantu nyaring partikel abu vulkanik dua guna kacamata lindung hindar guna lensa kontak softlens lama kondisi udara pengaruh abu vulkanik tiga kurang aktivitas ruang buka apabila perlu desak masyarakat saran tetap ada ruang batas papar abu vulkanik empat masyarakat kendara kurang cepat tingkat waspada abu vulkanik kurang jarak pandang buat muka jalan jadi licin lima cuci tangan wajah aktivitas luar ruang pasti sumber air bersih lindung papar abu meutya imbau masyarakat wisatawan nelayan dekat kawasan gunung anak krakatau laku aktivitas radius kilometer kawah aktif sesuai rekomendasi pvmbg selamat utama perlu panik tetap selalu waspada jaga selamat sehat pungka meutya komdigi sls taut salin komdigi
66,sport,monza balap mercedes gp kim antonelli hasil rebut menang f gp italia makin lengkap rekan tim george russell finis dua balap helat sirkuit monza minggu malam wib antonelli sejati punya posisi start bagus urut tujuh dapat penalti turun jauh urut alias start grid scroll to continue with content pierre gasly kejut laju alpine milik posisi pole susul russell posisi dua driver mclaren oscar piastri posisi tiga duo balap tuan rumah charles leclerc lewis hamilton posisi empat lima bendera merah muncul lap dua leclerc out balap tabrak dinding advertisement leclerc hilang kendali mobil tak lama salip piastri naik posisi empat russell pimpin balap susul gasly max verstappen antonelli naik tujuh strip urut insiden jadi antonelli pelan mampu baik posisi baca hasil f gp belanda lando norris juara masuk virtual safety car buat antonelli dekat russell tiga balap salip salip jadi dua lap antonelli kunci posisi depan russell mampu kejar antonelli lap lalu rekan tim muncul menang russell puas posisi dua susul verstappen mclaren tempat balap lima besar lando norris urut empat piastri urut lima hamilton jaga nama baik ferrari finis enam lengkap besar gasly arvid lindblad franco colapinto yuk tsunoda antonelli makin kukuh puncak klasemen f poin unggul angka russell posisi dua angka hamilton posisi tiga hasil f gp italia pos balap tim lap kim antonelli mercedes amg petronas f team george russell mercedes amg petronas f team s max verstappen oracle red bull racing s lando norris mclaren mastercard f team s oscar piastri mclaren mastercard f team s lewis hamilton scuderia ferrari hp s pierre gasly bwt alpine f team s arvid lindblad visa cash app racing bulls f team s franco colapinto bwt alpine f team s yuk tsunoda visa cash app racing bulls f team s gabriel bortoleto audi revolut f team s nico hulkenberg audi revolut f team s carlos sainz atlassian williams f team s liam lawson oracle red bull racing s oliver bearman tgr haas f team s esteban ocon tgr haas f team lap alex albon atlassian williams f team lap sergio perez cadillac f team lap valtteri bottas cadillac f team laps dnf lance stroll aston martin aramco f team dnf dnf fernando alonso aston martin aramco f team dnf dnf charles leclerc scuderia ferrari hp dnf baca kualifikasi f gp belanda norris rebut pole position video arteta siap tantang napoli liga champions rekor kandang kuat video arteta siap tantang napoli liga champions rekor kandang kuat mrp bay taut salin george russell kim antonelli f gp italia f gp italia mercedes gp f formula
67,sport,austin sean gelael team wrt coba raih podium lone star le mans dini hari start tujuh keras keras capai posisi start dapat kualifikasi kelas lmgt cota minggu dini hari wib kemarin darren leung balap bronze mulai qualifying baik tuntas posisi alhasil sean balap silver hak tampil hyperpole tancap gas buku waktu menit detik capai posisi tujuh scroll to continue with content rupa capai baik mobil bmw seluruh kelas turun empat mobil masing masing hypercar lmgt cuma start luar besar sama hal mobil kelas lmgt start posisi advertisement baca wec wrt raba cota hasil free practice hasil bagus darren sean kerja sangat baik siap lomba besok ujar augusto farfus rilis detiksport austin selalu jadi tempat baik moga besok bismillah timpal sean race hours of cota kini sebut lone star le mans siar langsung kanal youtube kuy entertainment senin mulai pukul dini hari wib baca wec paruh dua musim mulai team wrt lebih pede video sean gelael soal olahraga balap anggap mahal semua relatif video sean gelael soal olahraga balap anggap mahal semua relatif mrp bay taut salin hours of austin lone star le mans sean gelael team wrt team wrt fia wec wec
68,sport,jakarta ktm punya jumlah alas rekrut luca marini tech motogp balap italia nilai bukan cuma bawa alam bantu ktm kembang motor era baru marini tinggal honda hrc tiga musim gabung tech mulai pindah sebut resmi umum agustus lalu jadi salah satu bagi proyek baru tech sama ktm direktur motorsport ktm pit beirer ungkap tari marini proyek ktm jadi salah satu faktor penting putus sebut scroll to continue with content sangat senang gabung luca tunjuk tari sejak awal penting milik orang benar benar datang sini kata beirer lansir crash net baca luca marini gabung tim satelit ktm motogp advertisement ktm antusiasme bukan satu satu timbang marini anggap punya mampu butuh bantu kembang motor bicara orang orang sekitar jelas rupa sosok hebat bantu buat motor jadi lebih baik ujar beirer ktm marini bantu kembang motor motogp pasuk era baru kapasitas mesin turun cc jadi cc serta ubah besar regulasi teknis guna ban pirelli ktm sendiri siap proyek sebut uji mesin rancang era regulasi baru pasti tech tetap jadi bagi proyek ktm mulai situasi alam balap jadi sangat penting beirer kata ktm memang sengaja cari kombinasi balap alam balap muda tech baca rider tunggu menang perdana motogp komitmen sejak awal balap muda balap alam milik balap muda bukan tim rookie tim motogp kuat kelas tim utama ktm nilai kombinasi marini balap muda nanti jadi formula ideal putus rekrut marini dapat respons positif balap kuat ktm beirer sebut balap baru ktm tahu mampu marini bantu kembang motor sangat senang tahu apa laku luca bagaimana bantu kembang motor ujar krs yna taut salin luca marini ktm motogp tech kembang motor balap italia antusiasme regulasi motogp alam balap kombinasi balap muda alam
69,sport,jakarta cal crutchlow buat prediksi tarik soal kandidat juara motogp marc marquez sebut nama ai ogura crutchlow nilai marc balap baik grid minta pilih favorit ikut ogura jadi pilih kalau tanya siapa marc pilih ai ogura kata crutchlow lansir motosan scroll to continue with content ogura memang sempat tampil luar biasa alami cedera balap trackhouse aprilia raih lima podium enam seri masuk menang motogp belanda ogura kemudian alami cedera tangan latih jepang absen aragon dampak cukup besar klasemen seri aragon turun posisi lima poin advertisement baca marc marquez prediksi jadi rival utama jorge martin ogura kuda hitam crutchlow suka cara ogura balap crutchlow punya alas teknis balik pilih lihat karakter ogura mirip dan pedrosa utama aspek bobot tubuh ogura berat kg rupa salah satu balap paling ringan grid motogp crutchlow kondisi sebut buat ogura milik unggul kelola ban suka cara kendara motor satu satu kurang butuh waktu lebih lama mulai cepat balap ujar crutchlow tahu sangat mirip dan pedrosa soal bobot tubuh ogura memang cenderung langsung maksimal ban awal balap konsekuensi butuh waktu dapat cepat baik kondisi sebut justru jadi untung jelang akhir balap ai aktif ban balap tahap awal kemudian akhir balap sangat hemat ban punya banyak cadang banding balap lebih panas jauh lebih baik langsung pacu kata crutchlow crutchlow puji jorge martin puncak klasemen motogp crutchlow lihat konsistensi faktor penting rebut gelar musim belakang martin sebut rider relatif konsisten jorge martin seperti jadi satu satu balap cukup konsisten selalu menang selalu butuh kata crutchlow baca francesco bagnaia titik rendah krs yna taut salin ai ogura balap jorge martin balap marc marquez cal crutchlow motogp cedera kelola ban prediksi juara
70,sport,austin team wrt tuntas sesi latih bebas jelang balap hours of cota guna raba saing atas lintas circuit of the americas cota austin as bakal saji balap sengit kelas fia world endurance championship wec hypercar lmgt baca sesi latih panjang jumat fp ferrari dominan kelas hypercar selesai sesi p p aston martin ganti jadi cepat fp scroll to continue with content i kelas lmgt mclaren finis p p sesi awal mercedes dua aston martin lengkap perkasa fp bukan kelas hypercar jadi cepat kelas lmgt heart of racing team patri p ikut mobil mercedes mobil mclaren advertisement hasil sebut tim guna aston martin mclaren mercedes tampak siap saing jadi menang lone star le mans hours of cota mobil mobil amerika sendiri tampak lihat taji corvette ford hasil tembus lima besar mengingt corvette pimpin klasemen lmgt hasil cota buat buru gelar juara makin sengit hingga akhir musim baca wec paruh dua musim mulai team wrt lebih pede team wrt sendiri pilih jalur beda tatap lomba wrt sama sean darren augusto farfus ada p p fp fp rupa jadi mobil wrt finis posisi kembar p fp tak terlalu signifikan top speed bantu ingat cota punya tempat ideal susul tikung bila top speed bagus sempat buka susul tempat naik moral fp top speed bmw mampu saing aston martin milik cepat maksimal panjang jumat aston martin sentuh km jam bmw km jam hari sabtu golong pendek latih durasi satu jam wrt sama sean coba saing top qualifying lolos hyperpole race hours of cota siar langsung kanal youtube kuy entertainment senin mulai pukul wib baca sean gelael bagi alam balap video sean gelael soal olahraga balap anggap mahal semua relatif video sean gelael soal olahraga balap anggap mahal semua relatif mrp bay taut salin sean gelael team wrt team wrt hours of cota fia wec wec world endurance championship
71,sport,jakarta pupus harap indonesia jaya men s world tennis championship rafalentino ali da costa ethan david zapp kalah final tanding puncak ganda putra seri iv itf world tennis tour m lapang a bal beach country nusa sabtu rafalentino ethan aku tangguh alexander chang pablo perez ramos set pertama rafalentino ethan alami sulit imbang main alexander pablo tenis amerika serikat spanyol langsung serang lewat servis voli menang scroll to continue with content pasuk set dua ganda tuan rumah sempat singkir unggul pertma isaac becroft reece falck bangkit untu beri lawan hingga game buat skor sama kuat unggul alam alexander pablo patah servis lawan buat menang tempo jam menit keluar juara advertisement meski menang pablo puji main rafalentino ethan nyaris buat sulit set dua syukur menang lawan rafalentino ethan tampil luar biasa sulit ujar pablo rilis detiksport alexander kompak komunikasi baik partner buah hasil gelar juara dua kali ajang m seri pertama sama tanapat nirundorn jadi juara sektor sama baca men s world tennis championship ganda indonesia tembus final rafalentino ethan memang gagal juara capai apresiasi ketua umum pp pelti periode rildo ananda anwar hadir talenta talenta tenis muda merah putih rafalentino ali da costa ethan david zapp sektor putra janice tjen rupa buah karunia sekaligus tantang sendiri bina tenis indonesia prestasi terus tingkat lewat jalur kompetisi jalan proses regenerasi baik ujar rildo runner up rafalentino ethan dapat hadiah dolar as trofi alexander pablo juara hak atas dolar as tambah poin atp sektor tunggal putra hari tanding babak semifinal tenis asal india karan singh hasil tahan performa impresif pasti diri lang partai puncak singh kalah wakil jepang ryotaro taguchi set langsung karang temu isaac becroft australia kalah leo borg waktu jam menit skor baca men s world tennis championship nathan barki perempatfinal video arteta siap tantang napoli liga champions rekor kandang kuat video arteta siap tantang napoli liga champions rekor kandang kuat mrp bay taut salin men s world tennis championship amman mineral men s world tennis championship ethan david zapp rafalentino ali da costa
72,sport,jakarta padel makin semarak hadir agam turnamen mala cup padel tournament suguh tarik ajang gelar pipc arteri kebayoran lama jakarta selatan tanggal september mala cup padel tournament ikut lebih serta tak sekadar hadir saing lapang turnamen sebut tawar hadiah tarik total uang tunai capai rp juta panitia siap koper doorprize upa sempat jalan ibadah umrah arab saudi scroll to continue with content ceo mala tour travel muhammad castallani kata pihak madu olahraga gaya hidup sehat jalan spiritual mala tour and travel usaha gerak layan umrah haji usaha ikut dorong kembang olahraga padel indonesia sedang hype cipta gaya hidup sehat kalang masyarakat luas masyarakat muslim tentu ujar muhammad castallani konferensi pers pipc arteri sabtu advertisement baca misi besar pbpi tuju olimpiade lalu turnamen hadir kompetisi kompetitif hibur main dapat alam tanding seru tonton nikmat atmosfer tanding positif sambung lima kategori mala cup padel tournament women lower bronze mixed lower bronze mixed bronze mens lower bronze mens bronze proses kuras serta laku sesuai prosedur kompetisi skema kerja sama gen padel salah satu komunitas padel diri beberapa tahun beri total hadiah cash rp juta kemudian hadiah koper tarik jadi turnamen padel pertama indonesia beri hadiah koper kata muhammad castallani ceo shiratha aan yugiastomo selaku sponsor utama mala cup harap kolaborasi beri baik masyarakat adapun ingin kontribusi maju padel indonesia sangat yakin kolaborasi bawa dampak positif serta masyarakat luas harap turnamen langsung lancar hari serta happy semua panitia rekan rekan media senang jalan event tentu moga bawa dampak besar dunia olahraga padel sedang hype indonesia video tukang sampah meruya curhat kerja ganggu gegara lapang padel video tukang sampah meruya curhat kerja ganggu gegara lapang padel ran bay taut salin padel turnamen padel
73,sport,jakarta eks judoka nasional sadik algadri rilis buku soal buah pikir maju olahraga indonesia olahraga tanah air kendala masalah selalu sama buah buku judul bangun otot negeri kertas tulis sadik buku rilis agustus fragmentasi bijak publik indonesia lemah tata kelola regulasi organisasi organisasi olahraga ilusi politik anggar infrastruktur kompetisi hingga terap sport science kembang sumber daya manusia jadi isi acara bedah buku gelar gedung serbaguna gelora bung karno gbk jakarta sabtu hadir acara rocky gerung wartawan senior olahraga asro kamal rok guru besar universitas didik indonesia upi prof yunyun yudiana scroll to continue with content sadik ungkap proses tulis buku makan waktu lima enam bulan atur keluar mang bijak lantik presiden ri pilih prabowo subianto oktober jadi picu meski tak sebut spesifik atur sadik khawatir bahaya olahraga seluruh jadi perlu tahu olahraga prestasi milik macam garis besar undang undang sendiri sebut olympic charter dalam garis besar atur perintah ikut campur politik olahraga atur proses olahraga konsekuensi tentu masuk mungkin dapat sanksi kata sadik rilis terima detiksport advertisement bahas beberapa podcast kena gelisah soal kondisi olahraga indonesia sadik tuang buku atlet judo era an hingga an tekan penting etika olahraga gelisah dasar kalau marah marah masuk akal semua proses laku memang orang orang ada organisasi olahraga paham etika olahraga etika sangat harga kata sadik baca atlet bukan satu satu kunci maju olahraga nasional event besar biasa jadi titik balik kembang buah negara indonesia sukses selenggara asi games jepang china korea selatan ubah ajang besar piala dunia olimpiade kata jepang selenggara olimpiade tunjuk meski kalah perang jadi negara siap mampu bangkit kata sadik nah harap asi games indonesia jadi momentum asi games bahkan pasuk soal anggar bicara tadi tambah sadik harap buku bangun otot negeri kertas henti karya kritisi soal olahraga buku sebut dorong ubah sekaligus buka berani aku bagai soal jadi sampai tadi harap besar ada ubah berani nyata berani aku kata sadik pertama kalau mau marah aku lebih salah aku baru berani nyata salah maju ubah that s it pikir jernih kerja mudah kata pria masuk jajar urus koni pusat baca siman sudartawa urung pensiun andal indonesia asi games video arteta siap tantang napoli liga champions rekor kandang kuat video arteta siap tantang napoli liga champions rekor kandang kuat cas aff taut salin olahraga indonesia sadik algadri maju olahraga buku olahraga
74,sport,jakarta timnas basket putra indonesia masuk grup neraka asi games cdm todotua pasaribu optimistis timnas basket putra indonesia lakon siap akhir terbang jepang ikut asi games ketua umum satu bola basket seluruh indonesia basi budi djiwandono datang langsung latih lepas sekaligus beri semangat hadir bukan lihat beri semangat kata budi sama cdm todotua pasaribu kawasan jakarta selatan sabtu scroll to continue with content bagaimana lolos indonesia asi games rezeki slot buka tahu sama tadi timnas putra kualifikasi asi games kemarin slot buka akhir indonesia kompetisi ujar advertisement baca timnas voli putra putri indonesia bidik besar asi games asi games aichi nagoya indonesia ada grup neraka sama jepang korea selatan arab saudi budi minta semangat atlet tetap nyala tahu juang mudah tim tim hadap tim tim hebat asia yakin alam beberapa atlet milik alam cukup panjang kuat bibit bibit muda rasa rupa kombinasi baik hadap tim tim sebut kata budi yakin tadi titip latih atlet beri baik kompetisi bagus bagus doa beri hasil baik tegas baca asi games bulutangkis regu putra jadi asa indonesia raih emas cdm todotua pasaribu pasti timnas basket putra jadi delegasi pertama indonesia berangkat negeri matahari sebut terbang senin mulai tanding september harap tim basket jadi endorsement positif jadi buka yakin percaya tim basket beri baik buka asi games punya kabar baik kata todotua todotua aku kali tinjau tim bagi keluarga besar basi punya yakin tinggi yakin percaya momentum manfaat betul betul harap sisi atlet sendiri punya yakin tim bawa pulang medali ujar siap sana masuk kompleks athlete village siap cdm beri dukung backup masuk official team cdm stand by tegas todotua baca asi games cdm todotua pasti layan maksimal tim indonesia mcy aff taut salin asi games timnas basket todotua pasaribu
75,sport,jakarta jalan bintang akbar sofyan rachman avc beach continental akhir perempatfinal main maksimal tanding langsung shangluo china sabtu pasang voli pantai indonesia kalah wakil australia thomas hodges ben hood bintang sofyan sempat ada atas angin rebut set buka hodges hood balik ada tang set ikut sekaligus pasti tiket semifinal scroll to continue with content gagal sebut jadi kalah pertama bintang sofyan lama tampil turnamen pasuk empat final selalu menang bahkan pernah hilang satu set baca timnas voli putra putri indonesia bidik besar asi games advertisement latih timnas voli pantai indonesia slamet mulyanto kata anak anaknta main maksimal pertama tama mohon maaf empat final anak anak maksimal kata slamet kutipam cepat sabtu set pertama anak anak main bagus start dua awal bagus leading lawan bikin ulah mancing emosi lambat main tiga kali protes wasit hingga kartu kuning buat anak anak pengaruh ujar slamet nilai lawan milik postur tubuh lebih tinggi overblok nya sulit henti lawan tinggi overblok susah henti jam terbang bicara ada ketat gin lawan pengaruh tempo antisipasi anak anak harus anak anak cepat bentuk main kata slamet set tiga imbang lawan memang aku tampil lebih baik lebih punya banyak alam jam terbang bicara salah satu main kali tampil olimpiade tutur slamet harap alam tampil avc beach continental jadi bekal asi games aichi nagoya september hingga oktober datang anak anak lebih konsisten pengaruh lawan kini siap tampil asi games kata slamet mcy aff taut salin avc beach continental bintang akbar sofyan rachman
76,sport,austin fia world endurance championship pasuk paruh dua musim team wrt lebih percaya diri raih hasil bagus empat balap awal selalu muncul menang beda team wrt bmw takluk seri buka imola lalu garage mclaren finis pertama spa tim geber corvette tang balap akhir le mans sao paulo tf sport racing team turkey scroll to continue with content tf sport sekarang pimpin klasemen unggul poin atas tim juara tahan kelas lmgt the bend manthey porsche unggul selisih poin lumayan besar dapat tf sport menang le mans beri poin ganda lebih manthey peringkat hingga tim posisi selisih poin gambar betapa saing lmgt sangat buka musim advertisement tarik tatap putar lima fia wec lone star le mans hours of cota akhir pekan kali pertama tim menang kelas tahun lalu absen porsche penske tak lanjut program hypercar tahun baca sean gelael bagi alam balap tim united autosports tahun lalu menang cota sama sean gelael darren leung marino sato absen program lmgt tahun pilih fokus jadi partner operasional mclaren tampil hypercar mobil mclaren sendiri lmgt manajemen pindah tim garage operasi mobil nomor sean darren satu punya ingat baik soal menang tahun lalu kali cerita beda kendara bmw sama augusto farfus team wrt musim libur akhir sekarang saat fokus tantang berat hadap tulis akun resmi team wrt race hours of cota siar langsung livestreaming kanal youtube kuy entertainment senin mulai pukul wib baca wec penalti buyar misi podium wrt sao paulo video sean gelael soal olahraga balap anggap mahal semua relatif video sean gelael soal olahraga balap anggap mahal semua relatif mrp ran taut salin sean gelael team wrt team wrt hours of cota fia wec world endurance championship
77,sport,nusa pasang rafalentino ali da costa ethan david zapp selang tuju gelar juara men s world tennis championship lolos final laga semifinal seri iv itf world tennis tour m bal beach country club jumat rafalentino ethan hadap unggul empat sebastian grundtvic jorgensen ryotaro taguchi rafalentino ethan main prima dar set pertama menang atas pasang gado gado denmark jepang tak takut laden lawan sebastian ryotaro yan peringkat lebih tinggi scroll to continue with content menang se pertama rafalentino lewat forehand maupun backhand mati ethan cegat voli depan net paksa sebastian ryotaro kalah skor rupa total durasi tanding lama jam menit set dua rafalentino sebut menang jado kado ulang tahun rekan mewanti wanti selalu waspada anggap remeh lawan final advertisement menang jadi kado baik ultah ethan david jadi rekor sendiri capai final pertama kali nomor ganda ujar rafalentino rilis detiksport harrus fokus lengah sama sekali gamenya jadi faktor penting menang hari sambung baca men s world tennis championship nathan barki perempatfinal ethan puji semangat rafalentino mampu rekan atur strategi baik poin poin kritis bagus sekali hadap tekan bantu tetap fokus final papar ethan laga final sabtu besok tantang unggul alexander changpablo perez ramos pasang gado gado amerika serikat spanyol sukses sudah shanker heisnam karan singh india sektor tunggal putra tuan rumah indonesia gagal tempat wakil babak semifinal nathan barki paksa serah set langsung tenis india karan singh lewat tarung lama jam menit lanjut karan singh rupa unggul empat temu ryotaro taguchi tenis asal jepang menang rubbet set hayden jones baca men s world tennis championship rafalentino anthony babak dua video arteta siap tantang napoli liga champions rekor kandang kuat video arteta siap tantang napoli liga champions rekor kandang kuat mrp ran taut salin rafalentino ali da costa ethan david zapp men s world tennis championship amman mineral men s world tennis championship
78,sport,jakarta timnas voli putra indonesia siap tempur tekad harum nama bangsa asi games boy arnez kawan kawan percaya diri sembah hasil baik asi games langsung aichi nagoya mulai september hingga oktober timnas voli putra laku siap bulan penuh baik fisik maupun mental kapten timnas voli putra boy arnez tegas kendala arti lama pelatnas chemistry tim bentuk scroll to continue with content siap cukup lama bulan chemistry tim solid tinggal benah salah salah game optimis main baik asi games kata boy temu kawasan jakarta selatan jumat bawah asuh latih reidel toiran skuad garuda memang gembleng habis habis mulai latih intensif hingga uji coba lawan kamboja advertisement baca avc continental tunggu lawan lawan berat target timnas voli putri ri gembleng sih mulai fisik mental tinggal asi games gimana tambah boy bukan alas boy kata siap baik baru toreh hasil baik usai juara avc men s volleyball cup india asi games tim voli putra indonesia gabung grup b sama iran thailand kirgistan tak timnas voli putra sektor putri maradanti yakin tim putri bicara lebih multievent besar asia sebut tim putri indonesia masuk grup a sama jepang nepal siap sih benar siap tuju asi games udah ikut tanding internasional beberapa sparing sparing tim lain papar rara lihat lawan lawan hadap aichi nagoya baik rara maupun boy target lolos delapan besar lebih tahap pertama masuk besar dulu lalu besar pikir buat masuk babak ikut step by step dulu ucap rara video bicara kesiap atlet asi games mensesneg siap sangat baik video bicara kesiap atlet asi games mensesneg siap sangat baik mcy ran taut salin asi games voli voli indonesia asi games
79,sport,jakarta bal jadi tuan rumah turnamen catur level internasional akhir oktober tak sekadar adu tangkas turnamen tuju genjot pariwisata pulau dewata turnamen nama catur bal fide rated kapal api chess festival gelar hotel ululani uluwatu bal oktober november ajang gagas ketua umum urus cabang satu catur seluruh indonesia pengprov cas kabupaten muna sulawesi tenggara jalaluddin madjinuhu dapat dukung pb cas klub jayakarta muda jakarta scroll to continue with content bakal total hadiah rp juta mana rp juta beri sang juara jauh serta rencana ikut ajang baik maupun luar negeri indonesia baru atlet atlet jawa timur bal sulawesi tenggara nusa tenggara barat nusa tenggara timur daftar advertisement baca pb cas periode resmi lantik koni jalaludin jumlah serta cukup banyak sesuai daya tampung ballroom hotel ululani bal jadi arena tanding harap nanti serta lolos syarat sesuai atur fide calon serta surat fide ikut turnamen negeri sendiri beberapa daerah konfirmasi jawa timur banyak catur bal catur sulawesi tenggara catur ntt ntb ujar jalaludin rilis detiksport turnamen pertama kategori challenger serta catur milik elo rating bawah sambung tum cas kabupaten muna jalaluddin madjinuhu foto istimewa lebih lanjut pilih pulau bal tempat selenggara turnamen catur level international langsung pulau jawa dampak positif pariwisata bal lama turnamen langsung pilih bal destinasi wisata letak tengah tengah hingga serta pulau kalimantan sulawesi indonesia bagi timur lain ikut ambil bagi papar jalaludin lama turnamen catur taraf international fide rated indonesia satu kali gelar turnamen kapal api chess festival jumlah turnamen taraf international tanah air harap makin banyak jadi tak usah jauh jauh luar negeri cari poin elo rating balik serta luar negeri sekali libur bal turnamen buka sukses depan jadi kalender tetap tiap tahun titel ubah jadi open jalaludin baca kisah catur muda nadiv asadel unjuk gigi georgia video luar biasa main catur nyelam air video luar biasa main catur nyelam air mrp ran taut salin catur bal fide rated kapal api chess festival chess festival catur pb cas cas muna jalaluddin madjinuhu
80,sport,kyrgyzstan pandang udara venue vi world nomad games lihat kyrchyn gorge issyk kul kyrgyzstan ajang budaya olahraga nomaden langsung
81,sport,shenzhen sabar karyaman gutama moh reza pahlevi isfahani singkir china masters usai kalah nur mohd azriyn ayub tan wee kiong wakil indonesia habis ajang sabar karyaman gutama moh reza pahlevi isfahani hadap nur mohd azriyn ayub tan wee kiong malaysia perempatfinal china masters tanding gelar court shenzen arena jumat malam wib sabar reza awal gim pertama kurang baik tinggal scroll to continue with content unggul enam kemudian kejar hingga duduk sama kuat sabar reza bahkan balik pimpin duduk baca hasil china masters sabar reza menang laju perempatfinal advertisement sabar reza unggul interval situasi kemudian ubah lepas interval azriyn tan tampil agresif hingga bikin sama kuat pasang malaysia dapat momentum jauh sabar reza tinggal usai terus gagal dulang angka sabar reza usaha bangkit nipis jarak angka cuma tinggal satu poin duduk telah azriyn tan terus jaga unggul sabar reza kalah gim pertama sabar reza tak ulang salah awal gim pertama mulai gim dua unggul sabar reza tak jaga unggul hingga azriyn tan bikin skor sama kuat sabar reza balik tinggal sabar reza baik bangkit unggul interval gim dua sabar reza konsisten jaga unggul interval sabar reza aman gim dua skor laga tentu gim tiga due langsung sengit awal gim tiga hingga skor sabar reza sempat unggul azriyn tan dulang tiga angka untun hingga skor imbang sabar reza unggul tipis interval gim tiga lepas interval azriyn tan tara angka laga terus ketat hingga sabar reza dapat angka unggul pukul ukur tan depan net kembali sabar lebar bikin duduk sama kuat reza laku salah serve poin krusial hingga azriyn tan dapat match poin ganda indonesia sangkut net bikin kalah gim tiga sabar reza singkir china masters singkir sabar reza bikin wakil indonesia habis ajang baca hasil china masters jojo henti babak dua hong kong open sabar reza putri kw tumbang final hong kong open sabar reza putri kw tumbang final pur ran taut salin sabar karyaman gutama moh reza pahlevi isfahani china masters nur mohd azriyn ayub tan wee kiong sabar karyaman gutama moh reza pahlevi isfahani
82,sport,jakarta tengah ekspektasi tinggi pedro acosta mampu tang balap alih alih saing rebut titel juara dunia rider motogp pol espargaro khawatir soal acosta gadang gadang bintang motogp masa depan rider juluk si hiu mazarron modal gelar juara dunia kelas moto moto lalu jadi rookie baik tahun lalu balap grand prix lakon kelas primer acosta kali finis podium menang acosta mentok finis dua capa delapan kali masuk aragon pek lalu scroll to continue with content baca marc marquez makin dekat jorge martin lawan tak dipungkiri pedro acosta mulai hadap tuntut tang balap grand prix acosta cukup alam plus senjata tunggang pabrikan ktm advertisement pol espargaro balap uji ktm yakin betul acosta cepat lambat tang grand prix jadi juara dunia balap san marino austria yakin jadi sempat bagus buat acosta baca francesco bagnaia titik rendah aku sepenuh yakin harap cepat misano austria sirkuit sirkuit mana tampil bagus level pedro sekarang level punya sekarang beberapa sempurna tingkat balap datang rasa mungkin ucap adik kandung aleix espargaro marca rasa sejak awal mungkin menang memang jadi tap sangat dekat jalur benar rasa obsesi pedro tang banyak balap tang beberapa titel juara dunia aku sangat sangat yakin soal waktu pol espargaro tambah acosta video desmosedici pindah tangan acosta bagnaia hijrah aprilia video desmosedici pindah tangan acosta bagnaia hijrah aprilia rin aff taut salin pedro acosta pol espargaro motogp motogp
83,sport,jakarta pasang voli pantai indonesia bintang akbar sofyan rachman sukses kunci status juara grup e avc beach continental lenggang mulus babak besar babak ikut lawan selandia baru menang telak atas wakil jepang takahashi ikeda shangluo kamis jadi tutup sempurna fase grup skor tutup laga benar duel rebut puncak klasemen terang tulis federasi bintang sofyan tampil dominan sejak awal tanding aman set pertama menang main pasang indonesia tetap jaga set dua hingga unggul scroll to continue with content menang atas wakil jepang sekaligus tahan rekor sempurna bintang sofyan lama fase grup hasil menang seluruh tiga tanding sekalipun hilang set baca pebulutangkis indonesia asi games advertisement temu takahashi ikeda memang jadi laga penting tentu puncak klasemen grup e dua pasang belum sama sama koleksi menang pernah hilang satu set bintang sofyan lebih mampu jaga konsistensi laga sebut aman set buka pasang indonesia tampil solid selesai tanding menang set dua hadap pasang jepang bintang sofyan lebih raih menang atas wakil hong kong wong pui lam chong kei loi tanding buka grup e menang set langsung tanding dua langsung rabu pasang indonesia raih menang kali yakovlev mokhammad kazakhstan kalah skor tiga tanding sebut bintang sofyan kumpul enam menang set sekali kalah hasil pasti ada posisi atas grup e sekaligus buka jalan tuju fase gugur baca kolaborasi npc kemenpora genjot bina atlet disabilitas babak besar besar uji ikut tunggu sam o dea ben o dea selandia baru jadi lawan takluk bintang sofyan target latih slamet mulyanto awal memang jadi juara grup capai bintang sofyan minta naik level bintang sofyan main sangat baik lawan selandia baru kendur gas terus menang tegas slamet mcy aff taut salin avc beach continental voli pantai
84,sport,jakarta jelang asi games timnas basket x putra terbang taiwan ikut fiba x challenger ajang penting bentuk mental langsung kaohsiung taiwan september timnas basket x indonesia kuat empat main total delapan nama ikut latih siap tahap akhir empat nama almando davin nepa bait halmaheranno aprianto lolaru hady erick ibrahim junior daffa dhoifullah scroll to continue with content berangkat kaohsiung bawa nama tim balige main aymane arip richard kornelius susul gabung laku scrimmage tim klub lokal taiwan hari ikut september kaohsiung tim balige juang babak kualifikasi gabung grup b sama tim shibuya asal jepang tim phoenix amerika serikat advertisement baca hasil undi basket x asi games indonesia grup sama siapa shibuya rupa tim profesional kuat main jepang rekrut asal latvia kristaps gluditis zigmars raimo main senior usia tahun kemudian phoenix usa isi main matang usia tahun kualfikasi grup b balige isi main muda usia bawah tahun wakil ketua program x badan tim nasional btn dpp basi sekaligus general manager timnas x putra derry primasta octa tegas kirim main muda sesuai regulasi asi games batas usia maksimal tahun basket x alam rasa atmosfer tanding ajang internasional butuh main bentuk karakter main tuju asi games kata derry terang tim balige kuat main usia lebih muda kirim ajang tuju bentuk mental tanding ambil alam rasa atmosfer tanding level internasional derry tekan hasil akhir nomor utama proses hasil akhir memang penting tanding proses bentuk tim lihat paham main jalan strategi main beri lama training camp nasional jauh lebih penting asi games dapat hasil maksimal ujar baca pebulutangkis indonesia asi games asi games timnas basket x putra gabung pool c sana indonesia saing lawan qatar taiwan bahrain komposisi main baik proses training camp jalan pimpin coach donnda lihat banyak ubah positif sejak fiba batam challenger dukung anak anak muda prestasi indonesia wakil kancah global lalu x basket ultimately sama mau beri baik asi games tegas derry mcy aff taut salin asi games timnas basket x
85,sport,jakarta banyak orang urung coba yoga mikir lentur dulu paham semua gera sejak awal padahal yoga soal proses bukan soal siapa paling jago pose susah justru kelas outdoor jadi tempat paling santai buat mulai ground and grow yoga buka kelas ramah mula gelar ren caf cipayung jakarta timur minggu september pukul wib wib suasana outdoor santai bikin siapa perlu takut salah gera rasa nilai orang kelas fokus mindful movement jadi serta ajak selaras napas gera pelan pelan tekan buat langsung sempurna cocok banget buat kamu lama cuma nonton video yoga media sosial berani coba langsung scroll to continue with content siap simpel serta cukup bawa yoga mat sendiri pakai olahraga nyaman pakai gerak saran bawa tumbler handuk sunglasses makin nyaman lama sesi langsung ruang buka serta bakal goodie bag registrasi venue jadi bonus tambah alam yoga sendiri jadi ajang olahraga ringan momen jadi cara buat ketemu orang baru minat sama soal wellness gaya hidup lebih sadar diri kamu perlu mikirin alat mahal modal utama cuma niat yoga mat sendiri advertisement kalau lama alas kamu mulai yoga cuma takut salah gera rasa siap kelas desain justru buat kamu titik instruktur pandu step by step buru buru jangan biar rasa ragu bikin kamu terus tunda langsung aman slotmu detikevent sekarang video momen jokowi yoga bareng warga depan rumah video momen jokowi yoga bareng warga depan rumah bay mrp taut salin yoga yoga outdoor relaksasi sehat mental
86,sport,nusa tenis indonesia nathan barki laju perempatfinal amman mineral men s world tennis championship rafalentino ali da costa ethan david zapp tembus semifinal tanding babak besar seri iv m lapang d bal beach country club kamis nathan temu kompatriot anthony susanto duel dua wakil tuan rumah benar langsung imbang mana jadi kejar kejar poin skor sama kuat set pertama scroll to continue with content pasuk game lalu kali deuce nathan akhir patah servis anthony tutup set pertama menang tempo menit set dua nathan minta awat medis akibat lengan kanan sakit alhasil tenis tahun putus mundur nathan hak atas tiket perempatfinal advertisement meski menang nathan prihatin kondisi anthony harap anthony cepat pulih sedih meski menang anthony henti cedera harap tahan performa fokus laga laga lanjut ujar nathan rilis detiksport baca men s world tennis championship rafalentino anthony babak dua nomor tunggal putra rafalentino serah set langsung tempo jam menit wakil india karan singh gagal tebus rafalentino sempurna turun ganda putra sama ethan david zapp singkir unggul pertama isaac becroft reece falck selandia baru motivasi tinggi main beban rafalentino baru usia tahun ethan tahun tarung sangat luar biasa menang waktu jam menit sangat gembira menang tak nyang kalah unggul pertama upaya tampil beban laga lanjut main hari ujar ethan amin rafalentino rafalentino ethan david temu unggul empat sebastian grundtvic jorgensen ryotaro taguchi semifinal sebastian ryotaro kalah leo borg eric ahren swedia skor super tiebreak baca men s world tennis championship nathan barki lolos babak dua mrp bay taut salin amman mineral men s world tennis championship men s world tennis championship nathan barki
87,sport,jakarta asosiasi lari trail indonesia alti dki jakarta gelar jakarta vertical run apa ambil tema tantang urban lanjut lingkung alti dki bekerjasama cakrawala jakarta kreatif selaku selenggara dukung geely sponsor utama fortesport gelar ajang tower running taraf internasional lomba lari naik tangga helat minggu november autograph tower kompleks thamrin nine jakarta pusat thamrin nine merupaka gedung tinggi jakarta catat gedung tinggi bahan bumi selatan tinggi meter scroll to continue with content serta tantang fisik mental takluk kurang lebih anak tangga gedung lantai ketua umum alti dki jakarta eko putro had prasetyo sampai ajang beri sensasi olahraga urban beda road run umum lomba mulai pukul wib lari cepat sempat nikmat momen matahari terbit langit jakarta capai puncak advertisement percaya olahraga urban beri tantang sensasi beda serta moga cipta saing tarik antarpeserta ujar eko putro jumpa pers kamis asosiasi lari trail indonesia alti dki jakarta gelar jakarta vertical run foto dok alti dki jakarta start laku sistem wave bagi jadi empat gelombang wave kategori elite atlet wave kategori open masing masing lepas lima serta detik wave wave lepas satu menit hingga kini catat lari negara siap saing tiga kategori utama elite tower running senior master ajang lari naik tangga gedung tingkat tinggi lazim selenggara bagai kota dunia mati tingkat sulit beda lomba lari jalan raya umum libat geely sponsor utama kuat sinergi gaya hidup aktif komitmen lanjut lingkung green mobility lalu terap konsep eco friendly event baca erafone run bandung trail run madu sport hingga lifestyle selenggara taruh perhati penuh selamat aman nyaman serta siaga tenaga sehat paramedis ambulans rumah sakit rujuk apabila jadi ada darurat lama lomba langsung ajang sekaligus jadi momen strategis songsong ingat tahun kota jakarta panitia harap selenggara jakarta vertical run gelar tahun depan skala lebih besar kepala dinas pemuda olahraga provinsi dki jakarta andri yansyah dukung penuh giat fungsi tolok ukur bina prestasi atlet jakarta vertical run dorong ajang sport tourism rekreasi gengsi mana serta nikmat indah lanskap kota jakarta titik tinggi jakarta vertical run bakal jadi selenggara vertical running pertama gedung tinggi indonesia jumlah serta banyak potensi dapat rekor muri khusus lari kategori elite vertical running oleh poin skor naik peringkat klasemen atlet vertical run internasional baca zinc tantang lari ikut trail running bal hadiah juta rupiah video arteta siap tantang napoli liga champions rekor kandang kuat video arteta siap tantang napoli liga champions rekor kandang kuat mrp bay taut salin jakarta vertical run alti asosiasi lari trail indonesia
88,sport,shenzen sabar karyaman gutaman mohammad reza pahlevi isfahani laju perempatfinal china masters sabar reza kalah daniel ludgaard mads vestergaard babak besar bwf super china masters temu sabar reza lundgaard vestergaard denmark tanding gelar court shenzen arena kamis malam wib sabar reza rebut poin pertama lundgaard vestergaard mampu sama duduk sabar reza lanjut pimpin angka hingga capai interval unggul scroll to continue with content baca hasil china masters sabar reza menang gim langsung pasang indonesia sempat unggul angka lundgaard vestergaard mampu rebut angka untun sama duduk sabar rerza lepas tekan jauh advertisement sabar reza capai game point unggul sabar reza tutup gim pertama unggul main positif tunjuk sabar reza pasuk gim dua sabar reza mampi jaga unggul angka lundgaard vestergaard unggul interval baca hasil china masters jojo henti babak dua sabar reza jauh kejar jadi poin capai match point bola out lundgaard vestergaard pasti menang sabar reza hasil antar sabar reza lolos perempatfinal china masters sabar reza jadi satu satu wakil indonesia sisa jonathan christie leo rolly carnando daniel marthin ali faathir rayhan devin artha wahyudi singkir sabar reza laju perempatfinal usai menang skor kembar atas ganda denmark nice work sabrez badmintonindonesia chinamasters pic twitter com ivemnqnriz badminton indonesia inabadminton september baca hasil china masters leo daniel kena comeback keok besar hong kong open sabar reza putri kw tumbang final hong kong open sabar reza putri kw tumbang final bay aff taut salin china masters china masters hasil china masters hasil china masters sabar karyaman gutama moh reza pahlevi isfahani
89,sport,jakarta koni dki jakarta terus siap diri jelang pon salah satu jadi tuan rumah pon pantai bulan november rangka wujud misi jadi juara umum pon koni dki sama dinas pemuda olahraga spora dprd urus cabor terus kolaborasi matang siap dekat kolaborasi wujud laksana pekan olahraga nasional pon pantai gelar ancol jakarta bulan november ajang nasional perdana rupa kolaborasi koni pusat pemprov dki koni dki jakarta pt bangun jaya ancol scroll to continue with content ketua umum koni provinsi dki jakarta hidayat humaid kata pon pantai jadi ajang tingkat prestasi olahraga harap mampu gerak ekonomi masyarakat khusus umkm kawasan ancol sampai hidayat press gathering media tema gerak jakarta juara jakarta kamis turut hadir kepala dinas pemuda olahraga spora dki jakarta andri yansyah sekretaris umum koni dki aminulah wakil ketua umum i fatchul anas wakil ketua umum v anondo eko bendahara umum hadameon aritonang advertisement pon pantai bukan soal prestasi giat olahraga nasional ikut gerak ekonomi masyarakat umkm lokasi ujar guru besar fakultas ilmu olahraga sehat fikk universitas negeri jakarta unj terang media baca jakarta andal venue kelas dunia cabor pon hidaya ungkap gerak jakarta juara komitmen koni dki wujud harap warga jakarta rindu jadi juara umum pon koni terus gerak jadi pr tantang sama wujud juara umum sambung pon pantai ancol tanding cabang olahraga disiplin akuatik bola basket x bola voli pantai bola tangan pantai layar modern pentathlon rugby pantai selam laut teqball triathlon koni dki jakarta gelar pon pantai ancol bulan november foto dok koni dki laku visitasi pon pantai ancol koni pusat spora koni dki sama cabor laku tinjau lokasi tanding veneu tegas waketum i koni dki jakarta fatchul anas anas jelas pantai festival jadi lokasi akuatik renang air buka selam laut lalu kawasan lagoon guna bola voli pantai layar adapun beach city international stadium bcis jadi venue triathlon teqball bola tangan pantai bola basket x beach pool rugby pantai modern pentathlon akuatik polo air venue pakat anas baca ketua koni dki jadi guru besar cabor panah video arteta siap tantang napoli liga champions rekor kandang kuat video arteta siap tantang napoli liga champions rekor kandang kuat mrp bay taut salin pon pantai pon pantai koni dki jakarta hidayat humaid
90,sport,jakarta jorge martin tak gentar lihat marc marquez makin dekat klasemen motogp balap aprilia tegas tetap siap lawan sang juara tahan marc raih menang sprint motogp aragon martin finis lima unggul puncak klasemen pangkas jadi poin marco bezzecchi intai tinggal poin martin martin aku aprilia sulit aragon mau jadi absen balap tahun lalu cedera alas scroll to continue with content baca jorge martin susah ngebut motogp aragon masalah bukan alas beberapa balap ikut tahun lalu tetap cepat kata martin motogp com jadi memang sulit coba jaga semua tetap sederhana terlalu banyak ubah motor akhir hari butuh bantu martin nilai hasil naik turun rupa bagi saing satu musim penuh kini martin incar bangkit misano suka karakter sirkuit sebut yakin aprilia kompetitif bagi juara beberapa balap mana aprilia lebih baik beberapa balap mana lebih buruk kata misano trek sangat suka mana milik banyak grip pikir aprilia gaya bangkit cepat baca duel km jam marc marquez vs bezzecchi aragon motor nempel martin tak takut marc susul jarak poin buat marc jadi rival dekat martin martin justru tetap percaya diri pikir marco marc sama sama rupa kandidat juara sama ujar analis saing bezzecchi marquez rasa meski proses ajar tetap pimpin jadi gila sangat senang pikir mulai sekarang tahan pimpin bahkan marc susul martin harap alam balap belum jadi modal penting hadap saing ikut pikir beberapa balap sangat bagus harap semua ajar lama balap bantu tarung krs mrp taut salin marc marquez jorge martin motogp klasemen motogp balap aragon balap aprilia saing motogp sirkuit misano juara motogp strategi balap
91,sport,jakarta marc m rquez anggap jalan saing gelar juara dunia motogp layak ikut balap uji tahan saran lebih bijak atur kondisi fisik selalu paksa diri dapat lontar mantan rider honda cal crutchlow nilai marc jadi balap baik motogp kondisi fisik juara tahan buat dekat sisa musim beda marc alami masalah lengan kanan jalan jumlah operasi bahkan aku hilang tenaga balap motogp inggris silverstone situasi bikin crutchlow kira marc kelola rebut gelar buah endurance race scroll to continue with content baca bagnaia kena mental bos ducati masalah fokus sangat sulit pikir marc jadi balap baik pikir sedang balap kondisi cedera ucap lansir crash net panjang musim marc marquez memang adaptasi batas fisik lengan kanan motogp aragon marc ungkap lengan ganggu harap kondisi baik aragon karakter sirkuit milik lebih banyak tikung kiri situasi buat marc selalu andal dekat agresif masa baik konsistensi mampu pilih momen serang jadi sama penting cepat baca duel km jam marc marquez vs bezzecchi aragon motor nempel crutchlow lihat strategi sebut jadi kunci marc buru gelar selalu menang bisa mungkin tetap finis depan rival utama hindar salah besar rasa sepenuh pulih operasi jalan awal tahun pikir jalan juara lebih buah balap tahan pacu benar benar perlu pacu pasti diri ada sana butuh usaha buat salah biar balap buat salah kata crutchlow lalu serang tahu serang silverstone bukan akhir pekan bagus usaha jalan akhir pekan benar benar buruk mungkin alami beberapa balap ai ogura ada sini sangat sulit prediksi benar benar tahu mana arah tarung gelar ujar krs bay taut salin motogp marc marquez gelar juara tahan cedera balap strategi balap cal crutchlow konsistensi sirkuit aragon juara dunia
92,sport,shenzen leo rolly carnando daniel marthin kandas babak besar china masters leo rolly kalah takumi nomura yuichi shimogami rubber game babak besar bwf super china masters nomor ganda putra temu leo daniel nomura shimogami duel gelar court arena shenzen kamis sore wib leo daniel tancap gas awal gim pertama dua mampu jaga unggul angka nomura shimogami capai interval unggul scroll to continue with content baca hasil china masters jojo henti babak dua laju leo daniel makin tak bendung raih angka untun pimpin jauh leo daniel tutup gim pertama unggul advertisement leo daniel raih angka untun pasuk gim dua sama nomura shimogami susul susul poin jadi hingga duduk imbang leo daniel mulai lepas tekan raih unggul nomura shimogami sama duduk nomura shimogami manfaat momentum raih poin poin pasang jepang balik unggul paksa duel lanjut rubber game baca hasil china masters sabar reza menang gim langsung saing sengit jadi gim tiga leo daniel sempat unggul angka sama nomura shimogami nomura shimogami balik unggul capai interval unggul leo daniel mampu kejar kemudian jadi susul susul angka hingga duduk imbang nomura shimogami pasuk match point unggul bola kembali out daniel marthin pasti menang nomura shimogami baca pbsi tarik main china masters ri cuma kirim wakil video leo daniel juara thailand open usai sikat rankireddy shetty video leo daniel juara thailand open usai sikat rankireddy shetty bay aff taut salin china masters china masters hasil china masters hasil china masters leo rolly carnando daniel marthin
93,sport,jakarta menteri pemuda olahraga kemenpora tegas komitmen terus dukung bina tingkat prestasi atlet disabilitas indonesia dukung sebut laku lalu kerja sama koordinasi lanjut komite paralimpiade nasional indonesia npc indonesia baik siap multi event maupun keikutsertaan bagai juara internasional deputi bidang tingkat prestasi olahraga kemenpora surono kata perintah selalu beri perhati serius atlet atlet disabilitas bagi penting kuat olahraga nasional scroll to continue with content kemenpora selalu bangga beri dukung atlet atlet disabilitas indonesia milik kerja sama sangat baik npc indonesia upaya tingkat prestasi olahraga disabilitas nasional ujar surono terang media salah satu bukti hasil sinergi capai kontingen indonesia asean games thailand indonesia hasil raih medali emas medali perak medali perunggu sekaligus tempat peringkat dua klasemen akhir lebih target awal banyak medali emas advertisement rupa prestasi sangat bangga target awal emas atlet atlet mampu beri jauh lebih target tunjuk bina laku sama sama perintah npc indonesia latih seluruh ekosistem olahraga disabilitas beri hasil nyata sambung surono surono tegas kerja sama kemenpora npc indonesia langsung level nasional cakup koordinasi daerah dukung partisipasi indonesia bagai agenda olahraga disabilitas internasional kerja sama cakup bagai agenda baik asean games asi games maupun agenda olahraga internasional lain masuk dalam keikutsertaan atlet tunarungu deaflympics prinsip seluruh program siap rencana partisipasi indonesia beri dampak maksimal prestasi nasional jelas khusus kait bina atlet tunarungu surono jelas perintah perlu pasti seluruh proses bina keikutsertaan kompetisi internasional jalan lalu organisasi milik legitimasi sesuai tentu federasi internasional hadap npc indonesia icsd international committee of sports for the deaf khusus atlet tuna rungu organisasi kumpul atlet tunarungu indonesia patrin aku internasional karena patrin aku perintah konteks tata kelola perintah dukung fasilitas beri lalu organisasi milik legitimasi sesuai tentu organisasi olahraga internasional tegas surono tambah juara internasional ikut atlet bukan sekadar ajang kompetisi tempat bagi strategi bina jangka panjang juara dunia ikut prinsip rupa bagi proses try out kumpul poin peringkat perlu kejar kualifikasi tuju paralimpiade keikutsertaan buah juara lihat konteks lebih besar bagaimana kompetisi sebut kontribusi target prestasi indonesia ujar baca patrin buka suara soal kabar atlet tuna rungu galang dana atas dasar surono tekan tentu juara single event ikut atlet lalu konsolidasi rencana sama npc indonesia kemenpora surono tegas tata kelola bina olahraga disabilitas jalan dasar atur regulasi organisasi olahraga internasional relevan koordinasi baik patuh statuta international paralympic committee ipc khusus olahraga tunarungu tentu bylaws icsd bina anggar dukung perintah arah lebih efektif efisien transparan tepat sasar tutur surono pasti perintah bicara kena dukung atlet ikut kompetisi bangun ekosistem bina lanjut komitmen kemenpora sama npc indonesia sangat konsisten dukung perintah beri mulai proses bina fasilitas latih pusat latih berangkat kompetisi internasional harga atas prestasi atlet kata salah satu bentuk dukung sebut bangun kembang paralympic training center indonesia karanganyar jawa tengah jadi fasilitas penting bina atlet atlet paralimpiade indonesia kemenpora terus dorong fasilitas sebut jaga kualitas lanjut sebut fasilitas baik asia tenggara dukung fasilitas bina perintah beri dukung biaya keikutsertaan kontingen indonesia ajang internasional masuk asean games asi games beri dukung biaya berangkat keikutsertaan atlet multi event internasional asean games perintah beri bonus bentuk harga atas prestasi atlet bonus sebut salur langsung terima lalu kerja sama bank rakyat indonesia total harga raih medali capai lebih rp miliar kata surono baca npc indonesia realistis asi games nagoya meski catur video patrin buka suara soal kabar atlet tuna rungu galang dana video patrin buka suara soal kabar atlet tuna rungu galang dana mrp krs taut salin kemenpora npc indonesia
94,sport,seattle bilal hasan tampil kesan debut mentas ufc rebut titel fighter darah indonesia punya jalan panjang bilal mentas ufc akhir pekan lalu lawan nilson rojas kelas terbang ufc shanghai menang ko ronde dua bilal langsung gadang gadang jadi bintang ufc ikut tang duel duel ikut scroll to continue with content menang atas rojas buat bilal masuk ranking besar fighter ufc tarung juluk the indoninja tegas jalan panjang rebut titel bilal prediksi diri butuh tujuh tarung saing raih sabuk juara lawan beberapa fighter luar ranking lebih dulu advertisement baca bilal hasan bikin legenda ufc kagum mungkin tarung lawan tiga tarung luar peringkat besar kemudian tiga tarung lawan peringkat besar empat jadi rebut gelar kata bilal hasan interview chanel youtube jaiden cable jadi mungkin butuh tujuh tarung kata sabuk kelas terbang pegang joshua van bilal tanya kapan kira kira kejar the fearless tak tahu van kalah alexander pantoja ranking pertama ufc dulu pantoja lawan tangguh jadi mungkin satu tengah tahun kata bilal hasan target baca bilal hasan ucap syukur usai tang debut ufc alhamdulillah video menlu as bicara alas pasang ring ufc halaman gedung putih video menlu as bicara alas pasang ring ufc halaman gedung putih yna rin taut salin bilal hasan ufc kelas terbang ufc
95,sport,jakarta tunggal putra indonesia jonatan christie tel kalah ajang china masters babak dua jojo kalah jason gunawan arena shenzhen shenzhen kamis pagi wib jojo jalan tanding lama menit lawan jason tarung gim pertama jalan sengit imbang jason tak kejar main asal hong kong akhir sudah juang jojo skor scroll to continue with content baca china masters jonatan christie kalah leong jun hao maju besar gim dua jojo jalan tarung sengit lawan jason skor imbang jojo jason tahan fase krusial jason tampil lebih prima rebut menang advertisement hasil wakil indonesia nomor tunggal putra china masters habis indonesia punya beberapa wakil nomor ganda putra sabar karyaman gutama muhammad reza pahlevi isfahani ali faathir rayhan devin artha wahyudi leo rolly carnando daniel marthin rupa deret main indonesia juang baca jonatan christie sempat tegang nyaris susul akhir menang video comeback jonatan christie juara denmark open video comeback jonatan christie juara denmark open cas krs taut salin china masters jonatan christie jason gunawan hasil china masters china masters
96,sport,jakarta jakarta international k pasuk edisi tahun spesial event gelar sama raya hari olahraga nasional sukses rangkai milo activ indonesia race yogyakarta medan bandung surabaya ikut lebih serta gelar acara puncak upa ajang lari jakarta international k minggu selenggara gelora bung karno jakarta minggu ajang lari ikut serta partisipasi empat kategori k open k closed k family run k edisi kali tepat raya haornas jatuh september scroll to continue with content menteri pemuda olahraga republik indonesia erick thohir apresiasi nestle milo terus komitmen gelar ajang jakarta k jadi wujud nyata usaha upaya sehat hidup bangsa lewat ekosistem olahraga wujud masyarakat indonesia lebih sehat aktif lalu olahraga perlu kolaborasi kuat bagai pihak apresiasi atas komitmen nestle milo konsisten hadir program giat dukung partisipasi masyarakat olahraga masuk lalu milo activ indonesia race jakarta international k inisiatif jalan upaya sama budaya olahraga tengah masyarakat depan harap sinergi perintah sektor swasta komunitas masyarakat terus kuat bangun ekosistem olahraga makin inklusif lanjut dampak positif indonesia ujar erick rilis detiksport advertisement brand komitmen dorong gaya hidup aktif nestle milo sadar penting peran olahraga bantu masyarakat jaga sehat sekaligus bangun nilai nilai karakter positif hidup sukses selenggara rangkai milo activ indonesia race empat kota sangat antusias bawa semangat ibu kota lalu milo activ indonesia race jakarta international k harap ajang inspirasi masyarakat bagai usia latar belakang terus aktif nikmat olahraga bawa semangat energitanpabatas hidup hari hari ujar marketing manager beverages confectionery business unit pt nestle indonesia alaa shaaban baca indonesia race akhir surabaya lari biasa jakarta international k hadir kategori k open buka lari indonesia maupun serta bagai negara dunia hadir serta internasional tegas komitmen hadir wadah olahraga inklusif temu masyarakat lalu semangat sama olahraga lari gaya hidup aktif lalu jakarta international k nestle milo dorong partisipasi masyarakat lebih luas olahraga sekaligus kontribusi kuat posisi jakarta salah satu destinasi dinamis selenggara ajang olahraga internasional lari bukan jarak cepat konsistensi berani tantang diri sendiri komunitas saling dukung milo activ indonesia race jakarta international k jadi sempat tarik temu lari bagai latar belakang masuk lari internasional harap makin banyak masyarakat inspirasi mulai lari jadi olahraga bagi gaya hidup papar giat olahraga lari shanada jzen tahun menteri pemuda olahraga kemenpora nestle milo kolaborasi dukung indonesia sports summit iss buah wadah olahraga skala nasional temu mang penting olahraga kuat kolaborasi dorong maju ekosistem olahraga indonesia race pack collection rpc jakarta k selenggara lama iss tuju bangun antusiasme erat koneksi lari komunitas olahraga mang penting jelang hari lomba baca lari kuliner musik padu video erick thohir depan gilberto silva kayak tahun arsenal juara video erick thohir depan gilberto silva kayak tahun arsenal juara mrp ran taut salin jakarta international k jakarta k haornas menpora erick thohir
97,sport,nusa tenis indonesia susul nathan barki lolos babak dua seri iv m men s world tennis championship rafalentino da costa anthony susanto tanding babak pertama lapang a bal beach country club nusa rabu rafalentino hadap shanker heisnam asal india meski sempat tinggal jauh set pertama rafalentino goyah malah sama skor akhir menang skor scroll to continue with content hasil comeback set pertama bikin rafalentino pacu semangat menang mudah set dua skor waktu jam menit rafalentino aku kaget pola main lawan set pertama sempat tekan gaya lawan temu celah laku serang balik advertisement baca men s world tennis championship nathan barki lolos babak dua kaget lihat lawan agresif tekan banyak laku salah sendiri mampu redam serang serang mulai kejar defisit poin lalu sama skor makin motivasi percaya diri tang tanding ujar rafalentino rilis detiksport satu tenis indonesia lolos anthony susanto usai kalah hitesh chauhan set langsung sayang anthony hadap nathan barki rebut tiket perempatfinal kamis tenis indonesia gagal lolos gunawan trismuwantara tenis jalur kualifikasi kalah karan singh rupa unggul empat set langsung sempat kalah set pertama gunawan benar beri lawan keras hingga skor imbang set dua tenang alam karan usia tahun hasil patah servis gunawan gim tutup laga skor akhir baca men s world tennis championship gunawan tembus babak utama seri iv video arteta siap tantang napoli liga champions rekor kandang kuat video arteta siap tantang napoli liga champions rekor kandang kuat mrp ran taut salin men s world tennis championship amman mineral men s world tennis championship anthony susanto
98,sport,jakarta maju olahraga suatu negara bukan cuma soal mampu atlet banyak fakto pengaruh sistem bina sport science infrastruktur kompetisi tata kelola hingga bijak lanjut turut jadi faktor penting soal sebut jadi salah satu bahas bedah buku bangun otot negeri kertas karya sadik algadri gelar gedung serbaguna gbk jakarta sabtu forum sebut temu jumlah tokoh latar belakang beda mulai akademisi wartawan senior olahraga hingga praktisi insan olahraga akademisi sekaligus filsuf rocky gerung bakal turut bedah isi buku sebut scroll to continue with content olahraga indonesia cukup milik atlet atlet bakat butuh ekosistem olahraga kuat profesional bas ilmu tahu lanjut kata sadik percaya prestasi internasional lahir atlet hebat prestasi butuh ekosistem kuat sambung advertisement baca pesan wapres gibran menpora pimpin rapat dbon lalu buku bangun otot negeri kertas sadik mantan atlet judo nasional indonesia coba bongkar bagai soal lama belenggu olahraga indonesia lihat atlet atlet indonesia diri sejajar atlet baik dunia bukan lengkap kompetisi bukan sekadar gembira kuat hitung tandas rocky rasa indonesia punya banyak masalah maju olahraga rasa buku jadi rujuk kelola olahraga indonesia tumpuk regulasi terbit undang undang produksi jargon jargon teknokrat megah mulai sport science long term athlete development hingga produk mutakhir upa desain besar olahraga nasional dbon kata rocky buku bangun otot negeri kertas bukan sekadar gagas brilian solusi tingkat prestasi olahraga nasional indonesia pungkas video arteta siap tantang napoli liga champions rekor kandang kuat video arteta siap tantang napoli liga champions rekor kandang kuat ran yna taut salin olahraga indonesia
99,sport,jakarta motogp indonesia gelar awal oktober siap laku sejak dini event jalan sukses maupun luar lintas motogp balap gelar oktober sirkuit mandalika lombok tengah ntb ingat mandalika seri balap musim saing prediksi makin ketat sana karena indonesia tuan rumah main main siap banyak baik maupun luar lintas injourney tourism development center itdc panitia lokal laku kolaborasi pihak swasta bumn scroll to continue with content panitia atur jumlah aspek krusial cakup akomodasi transportasi konektivitas hingga logistik itdc isu akomodasi transportasi lama sorot publik antisipasi lalu skema integrasi susun sama mitra bank travel agent bagai partner strategis lain salah satu itdc sama mandalika grand prix association mgpa siap paket hubung tiket balap komponen jalan advertisement kalau tanya sulit akomodasi sulit transportasi rasa jawab ditandatangani sore hari ujar direktur utama itdc troy warokka rilis detiksport skema sebut liput akomodasi transportasi udara laut layan airport hospitality travel package kerjasama nanti cakup tangan kargo anggap elemen penting operasional gelar aktivitas cargo handling mulai gerak minggu motogp indonesia pasti butuh logistik jalan baik utama motor lengkap tim balap motogp troy motogp bukan sekadar olahraga bisnis motogp sangat penting dorong pariwisata ekonomi tingkat kunjung wisatawan panjang length of stay ungkit tourism spending troy selenggara motogp hasil dampak ekonomi besar rp triliun efek rasa mandalika jalar jumlah daerah indonesia baca marc marquez sirkuit mandalika buruk buat troy harap pola kolaborasi bangun motogp mandalika lanjut jangka panjang troy nilai dukung perintah bumn sektor swasta masyarakat jadi faktor penting motogp terus gelar indonesia beri dampak ekonomi lebih besar bangun ekosistem integrasi pasti dampak motogp indonesia henti sirkuit mampu dorong gera wisatawan panjang lama tinggal tingkat belanja wisatawan beri manfaat lebih luas industri pariwisata masyarakat lombok sambung masyarakat saksi langsung balap mandalika presale langsung hingga september potong harga hingga kategori grandstand kategori vip hospitality ikut harga tiket tonton motogp indonesia regular grandstand zona e g h i rp premium grandstand zona a rp premium grandstand zona b c j k rp vip hospitality deluxe class rp vip hospitality luxury tent t rp baca pertamina mrs siap balap ri saing level dunia bukti video motogp mandalika dongkrak ekonomi ntb hotel terbang penuh video motogp mandalika dongkrak ekonomi ntb hotel terbang penuh mrp nds taut salin motogp indonesia motogp indonesia motogp mandalika motogp mandalika motogp injourney
100,sport,jakarta rider ducati marc marquez dominasi motogp aragon aprilia makin motivasi kalah baby alien buru gelar juara dunia marc marquez tang sprint race main race motogp aragon akhir pekan lalu balap tahun tembus posisi dua klasemen motogp raih poin marc marquez kini tinggal jarak angka jago aprilia jorge martin raih angka marc marquez lewat marco bezzecchi kini unggul lima poin scroll to continue with content baca marc marquez beri pukul rider rider aprilia bos aprilia massimo rivola aku marc marquez jadi rider kuat motogp aprilia makin semangat kalah marc marquez sisa musim advertisement memang benar laku langkah langkah tepat utama masa depan cukup sini juang hingga balap akhir lawan saing marquez rupa salah satu balap kuat sejarah dapat hormat coba kalah luar biasa jadi motivasi sangat besar serah akhir kata rivola gp one baca marc marquez sirkuit mandalika buruk buat banyak ajar marc tampak sulit menang ambil risiko tahu konsistensi penting sekarang hingga akhir tahun saat bawa pulang menang tahu kuat laku ajar sikap kata tambah motogp lanjut september balap motogp san marino gelar baca duel km jam marc marquez vs bezzecchi aragon motor nempel video aku marc marquez laku blunder fatal aragon video aku marc marquez laku blunder fatal aragon cas aff taut salin motogp aprilia marc marquez ducati klasemen motogp massimo rivola motogp
101,finance,jakarta menteri uang menkeu purbaya yudhi sadewa buka suara soal anggar dapat belanja negara apbn pakai dana buka rekening bank buka rekening masyarakat rupa perintah presiden prabowo subianto prabowo tugas pt bank rakyat indonesia persero tbk bri pt bank syariah indonesia persero tbk bsi sedia rekening masyarakat purbaya buka mungkin guna apbn saldo awal buka rekening mungkin kan kalau rp ribu kali sekian banyak banyak lah kalau lihat ungkap purbaya wartawan kantor menteri uang jakarta rabu scroll to continue with content baca masyarakat buat rekening saldo awal rp ribu sumber apbn rp t purbaya kata anggar sebut alokasi cadang belanja perintah turut besar anggar sebut cukup penuh butuh saldo awal buka rekening advertisement cadang belanja perintah selalu lihat masuk jelas berita belum menteri koordinator ekonomi airlangga hartarto kata saldo awal buka rekening sumber apbn hitung kira kira butuh anggar rp triliun jalan program sedia rekening masyarakat dana apbn total kalau juta duduk kan arti kira kira juta rp t lah ujar airlangga kompleks istana presiden jakarta pusat rabu ahi hns taut salin apbn purbaya yudhi sadewa buka rekening bank bank rakyat indonesia anggar perintah saldo awal program sosial bank syariah indonesia
102,finance,jakarta semua masyarakat milik rekening bank presiden prabowo subianto tugas bri bank syariah indonesia sedia rekening masyarakat rencana rekening baru beri saldo awal besar rp dana sebut menteri koordinator ekonomi airlangga hartarto sumber apbn hitung kira kira butuh anggar rp triliun jalan program sedia rekening masyarakat scroll to continue with content dana apbn total kalau juta duduk kan arti kira kira juta rp t lah ujar airlangga kompleks istana presiden jakarta pusat rabu soal anggar masuk apbn tahun enggan jelas jelas soal anggar perlu bahas advertisement anggar bahas kan semua langsung segitu kan itu sedia rekening tahap kata airlangga masyarakat terima rekening sebut airlangga bilang uang jadi dana endap awal besar rp ambil sepenuh tarik tutur tonton video tanyadetikfinance utang whoosh alih kemenkeu ndak bahaya ta gambas video detik hns taut salin rekening bank saldo awal apbn program perintah prabowo subianto bank syariah indonesia anggar negara bri ekonomi masyarakat indonesia
103,finance,jakarta perdana menteri pm singapura lawrence wong rencana sumbang seluruh naik gaji lama lima tahun depan laku bentuk komitmen gagas revisi gaji politik penting negara gaji tahun wong naik jadi us juta rp miliar kurs rp belum us juta rp gaji sebut masuk bonus akumulasi wong sumbang gaji us juta rp miliar per tahun gaji pm singapura tetap kali lipat patok gaji menteri tingkat mula revisi jadi us juta us juta scroll to continue with content perintah terus bayar gaji tetap kerangka kerja begitu cara sistem kerja kemudian sumbang naik gaji sebut tuju amal sesuai kata wong kutip the straits times rabu baca bye dolar as ri singapura kuat transaksi pakai mata uang lokal advertisement kata putus sebut jadi bagi usul komite tinjau naik gaji pegang jabat politik singapura masuk semua menteri pm jabat pm terima bonus kerja dapat bonus nasional wong aku dorong jabat politik lain ikut langkah umum percaya praktik tonton beri amal depan umum meski kerangka gaji rupa putus kabinet perdana menteri pikul tanggung jawab utama atas jadi jelas bagaimana pribadi tangan naik ambil langkah ubah percaya penting singapura kata wong kata diri evaluasi posisi lima tahun timbang kondisi turut meski terus dukung tuju tuju baik buat komitmen publik batas waktu tak langkah justru timbul anggap perdana menteri ikut ikut pilih simak video ingat pm singapura negara dunia kenal bahaya gambas video detik ahi ara taut salin pm singapura lawrence wong naik gaji singapura
104,finance,jakarta harga emas antam terus alami turun lanjut tren lemah sejak akhir pekan kemarin harga emas antam karat hari turun rp per gram ada level rp per gram dasar situs logam mulia antam rabu satu harga emas hari kecil ukur gram ada angka rp harga emas gram jual harga rp ukur emas besar gram kg banderol rp tarik pek akhir harga emas antam ada rentang rp per gram bulan akhir harga emas antam gerak rentang rp per gram scroll to continue with content buyback emas harga emas hari buyback emas antam turun rp ada level rp per gram harga buyback jual emas antam bel harga sebut sesuai atur menteri uang pmk nomor tahun beli emas batang kena pph besar dapat potong pajak lebih rendah besar serta npwp transaksi advertisement rincian harga emas hari harga emas gram rp harga emas gram rp harga emas gram rp harga emas gram rp harga emas gram rp harga emas gram rp harga emas gram rp harga emas gram rp harga emas gram rp harga emas gram rp harga emas gram rp harga emas gram rp rincian harga emas hari keluar antam gram hingga gram rabu lihat video harga emas antam ambruk hari gambas video detik igo fdl taut salin harga emas antam turun harga emas buyback emas
105,finance,jakarta sedia kontrol lalu lintas udara nats alami masalah teknis ujung ganggu terbang bandara bandara besar inggris ratus terbang bandara heathrow bandara gatwick bandara manchester bandara stansted dampak batal tunda identifikasi masalah sistem pemrosesan terbang teknisi ada lokasi kerja segera lanjut operasi normal cepat mungkin terbang berangkat wilayah udara buka pulih butuh waktu kata nats buah nyata kutip cnbc rabu otoritas bandara heathrow jadi pusat terbang besar inggris kata sedang kerja sama nats selesai masalah sebut scroll to continue with content baca inggris lirik proyek kereta ri data platform lacak terbang flightaware terbang batal heathrow lain tunda sisi terbang tunda gatwick total terbang advertisement otoritas bandara edinburgh kata masalah jadi nats mungkin pengaruh operasional nada bandara dublin irlandia kata terbang berangkat tiba sana alami ganggu bandara lapor tunda batal masuk bandara luton bandara birmingham bandara aberdeen bandara glasgow pihak maskapai british airways kata pihak alami ganggu terbang masalah maskapai nyata masalah jadi sepenuh luar kendali usaha terus komunikasi tumpang lalu easyjet kata masalah sebab tunda seluruh eropa ryanair wizz air virgin atlantic beri komentar apa jauh juli tahun lalu masalah teknis kait radar sistem kendali lalu lintas udara inggris sempat jadi ganggu terbang lama lebih empat jam bandara bandara utama london tempat masuk heathrow ara taut salin terbang delay batal terbang nats bandara heathrow
106,finance,jakarta perintah siap program buka rekening masyarakat bijak rupa perintah presiden prabowo subianto jajar rapat batas soal tumbuh ekonomi senin menteri koordinator ekonomi airlangga hartarto kata buka rekening bahas sama bank indonesia bi otoritas jasa uang ojk siap waktu dekat roll out nya bahas bi ojk ujar airlangga kompleks istana presiden jakarta pusat rabu scroll to continue with content baca masyarakat buat rekening saldo awal rp ribu sumber apbn rp t kata perlu rapat teknis bentuk regulasi kemudian masuk program dewan nasional uang inklusif advertisement siap mungkin rapat teknis siap regulasi masuk dewan nasional uang inklusif kemudian baru buat timeline nya terang airlangga airlangga tambah akhir tahun siap buka rekening masyarakat mulai insyaallah mulai tutur airlangga baca masyarakat buat rekening saldo awal rp ribu sumber apbn rp t hns taut salin buka rekening program perintah prabowo subianto ekonomi indonesia bank indonesia otoritas jasa uang uang inklusif regulasi uang airlangga hartarto saldo awal rekening
107,finance,jakarta ceo badan kelola investasi bpi danantara ros roeslani jelas soal tugas bank rakyat indonesia bri bank syariah indonesia bsi sedia rekening masyarakat ros jelas buka rekening nasional laku bri khusus wilayah aceh buka rekening laku bsi buka rekening seluruh indonesia lalu bri aceh khusus bsi laksana cepat kata ros temu kompleks istana presiden jakarta pusat rabu scroll to continue with content baca warga usia tahun bakal otomatis rekening pergi bank ros sebut manajemen bri bsi koordinasi kait tugas sebut ros sebut mekanisme serah rekening sedang bahas perintah advertisement mekanisme rancang segera kok ujar ros berita belum perintah bakal beri rekening warga usia tahun rekening sebut isi saldo rp ribu menteri koordinator bidang ekonomi airlangga hartarto seluruh saldo cair milik saldo sebut asal anggar dapat belanja negara apbn anggar rp triliun tarik kata airlangga singkat temu kompleks istana presiden jakarta pusat rabu acd acd taut salin bri bsi rekening warga aceh buka rekening
108,finance,jakarta menteri koordinator bidang perkeonomian airlangga hartarto jelas soal mekanisme buat rekening bank rakyat indonesia bri danbank syariah indonesia bsi buat rekening sebut rupa perintah langsung presiden prabowo subianto airlangga jelas masyarakat usia tahun terima rekening otomatis pergi bank perintah manfaat data duduk catat sipil dukcapil otomatis kerja sama dukcapil kena data data kayak kata airlangga temu kompleks istana presiden jakarta pusat rabu scroll to continue with content baca masyarakat buat rekening saldo awal rp ribu sumber apbn rp t nanti teknis kait buat rekening perintah airlangga bri bsi milik program dukung sebut bijak rupa pernah terap per belum advertisement teknis apa kan bi bank bsi maupun bri punya program pernah laku periode belum bagai program direct menteri uang rekening masing masing orang tutur kait kapan program mulai airlangga merinci sebut perlu rapat teknis siap regulasi lengkap siap mungkin rapat teknis siap regulasi masuk dewan nasional uang inklusif kemudian baru buat timeline nya tutup airlangga acd acd taut salin rekening bri rekening bsi airlangga hartarto buat rekening dukcapil
109,finance,jakarta koperasi desa lurah merah putih bakal gandeng bumn kuat layan bumn pt modal nasional madani pnm pt pos indonesia chief operation officer danantara sekaligus kepala badan atur bumn dony oskaria kata pnm nanti buka kantor kopdes pnm salur biaya masyarakat desa bunga lebih rendah langkah laku putus mata rantai rentenir scroll to continue with content putus mata rantai rentenir desa pnm buka kantor koperasi desa rangka apa salur kredit hindar ada sekarang kan banyak saudara saudara kena rentenir bagai bunga jadi jadi collecting agent distribution agent nya jelas dony temu kantor menteri uang jakarta rabu kopdes jadi agen layan logistik harap mudah masyarakat kirim barang mana kopdes kerja sama pt pos indonesia advertisement kemudian teman teman saudara saudara sekarang kan era era online kan bisnis desa lalu bagaimana kalau order pick up nya pt pos indonesia kerja sama seluruh koperasi desa jadi channel logistik agen logistik pt pos indonesia kata dony kemudian kopdes merah putih jadi jadi tempat masyarakat tarik uang setor tunai kopdes jadi agen brilink sekarang kan banyak orang punya akses perban masyarakat nah ada kopdes kopdes jadi brilink jadi agen brilink mana masyarakat desa laku tari setor uang situ terang dony hns hns taut salin koperasi desa bumn pt modal nasional madani pt pos indonesia layan uang rentenir kredit mikro logistik desa brilink akses perban
110,finance,jakarta menteri uang purbaya yudhi sadewa aku terima usul anggar tambah otorita ibu kota nusantara oikn tambah anggar aju besar rp triliun pagu indikatif oikn tahun purbaya beri lampu hijau tambah anggar bangun ikn aku lebih ajar usul anggar sebut tahu lihat dulu surat apa alas apa ungkap purbaya wartawan kantor kemenkeu jakarta rabu scroll to continue with content informasi tambah anggar usul sekretaris oikn bimo adi nursanthyasto rapat sama komisi ii selasa kemarin tambah anggar sebut alokasi bangun fisik sarana prasarana dukung bangun ikn batch ii iii rapat sebut bimo jelas pagu indikatif oikn baru catat besar rp triliun padahal total butuh anggar bangun ikn capai rp triliun advertisement total butuh anggar otorita ikn tahun anggar besar rp triliun alokasi pagu indikatif besar rp triliun dapat butuh tambah anggar besar rp triliun diri bangun ikn batch dua besar rp triliun bangun ikn batch tiga besar rp triliun ungkap bimo kutip youtube tv parlemen ahi hns taut salin otorita ikn anggar tambah purbaya yudhi sadewa bangun ikn ibu kota nusantara pagu indikatif butuh anggar bimo adi nursanthyasto bangun fisik komisi ii
111,finance,jakarta menteri dagang mendag budi santoso alias bus tegas pihak rencana laku ubah bijak kait persentase salur minyakita hasil domestic market obligation dmo laku bumn sektor pangan jelas atur bumn pangan bulog id food wajib salur seluruh pasok dmo minyakita masyarakat praktik bumn pangan total salur produk minyakita turut luar bumn banyak umkm ikut libat distributor dmo minyakita atas dasar ini turut perlu tingkat persentase dmo minyakita salur bulog id food jaga usaha usaha kecil scroll to continue with content kan terus realisasi kan capai jadi memang banyak umkm distributor jadi distributor minyakita jadi kan bareng bareng kata bus temu aeon mall bsd city tangerang rabu tanya kena mungkin ada sesuai naik atur salur dmo minyakita bumn pangan depan budi tegas perintah lihat kembang situasi lapang dinamis advertisement pihak perlu jaga imbang salur minyakita bumn pangan laku usaha lain jalan kan dinamika jadi kan sekarang umkm bareng bulog id food kan masalah lama jadi kasih sempat umkm pungkas belum perum bulog tunggu putus menteri dagang atas usul porsi salur minyakita lalu bumn pangan tingkat jadi realisasi domestic market obligation dmo direktur utama perum bulog ahmad rizal ramdhani kata usul tingkat porsi sebut sampai tulis menteri dagang mendag aju tulis pak mendag naik dmo bumn kata rizal usai tinjau operasi pasar pasar jatinegara jakarta timur sabtu kutip rizal kata bulog aju tingkat porsi salur hingga sesuai arah menteri tani andi amran sulaiman rizal tingkat porsi salur lalu bumn pangan usul kuat sedia minyakita pasar igo fdl taut salin dmo minyakita bumn pangan umkm bijak pangan
112,finance,jakarta head of investor relation pt bank negara indonesia persero tbk bni yohan setio nilai salur kredit program prioritas perintah milik risiko rendah pasal bayar kredit program perintah tanggung anggar dapat belanja negara apbn emiten kode saham bbni salur kredit salah satu program prioritas perintah koperasi desa lurah merah putih kdmp persero beri suku bunga kredit lebih murah program kdmp besar rata rata besar scroll to continue with content kalau lihat tahun perintah garap proyek bangun koperasi desa merah putih lalu agrinas bank himbara partisipasi beri kredit nah suku bunga biasa sedikit lebih rendah banding suku bunga komersial misal suku bunga komersial bni rata rata angka proyek koperasi desa merah putih sedikit lebih murah ungkap yohan acara public expose virtual rabu suku bunga kredit khusus beri lantar sumber bayar proyek kdmp tanggung apbn langsung karena profil risiko program sebut jadi lebih rendah advertisement proyek sumber bayar datang apbn langsung profil risiko teori jadi sangat rendah jadi alas pricingnya jadi lebih rendah jelas sisi profitabilitas yohan kata kredit program perintah milik margin oleh himpun bank milik negara himbara tekan bni cari profit salur kredit jumlah program perintah profitabilitas profit petik bank himbara tentu jalan proyek perintah cari profit bukan tuju utama balance profit wajar bangun negara tegas ahi hns taut salin kredit perintah bni koperasi desa merah putih suku bunga kredit apbn risiko kredit program prioritas himbara profitabilitas bangun ekonomi
113,finance,jakarta perintah bakal jadi koperasi desa lurah merah putih kopdes merah putih salur distribusi barang subsidi masyarat laku barang subsidi beri perintah benar benar tepat sasar coo danantara sekaligus kepala bp bumn dony oskaria kata salur barang subsidi langsung kopdes merah putih masyarakat tekan ada bocor subsidi sistem data terima subsidi integrasi dony kata pihak sama menteri uang menteri koperasi engah siap sistem daring tekan bocor subsidi hitung tekan rp triliun per tahun scroll to continue with content target kalau jadi single data nya bocor subsidi kurang tadi diskus sedang buat tim tim tim pak purbaya tim menteri koperasi bangun online system dasar basis siapa hak terima subsidi ujar temu kantor menteri uang jakarta rabu teman teman bayang paling hemat subsidi tepat sasar rp triliun tahun jadi mesti lihat dampak sambung advertisement dony sebut hadir koperasi m jadi instrumen perintah kendali harga barang butuh pokok daerah jaring kopdes sebar seluruh desa nilai mungkin perintah laku intervensi distribusi jadi naik harga dua channel tekan inflasi kalau jadi inflasi orang main mainin harga punya distribution seluruh desa misal harga beras naik misal contoh tinggal distribusi khusus seluruh kopdes harga sekian inflasi tekan utama bahan pokok nah ini makanya mesti lihat manfaat jadi lokasi kan memang coverage nya satu desa terang kemudian kopdes merah putih jadi jadi tempat masyarakat tarik uang setor tunai kopdes jadi agen brilink putus mata rantai rentenir desa pnm buka kantor koperasi desa rangka apa salur kredit hindar ada sekarang kan banyak saudara saudara kena rentenir bagai bunga jadi jadi collecting agent distribution agent nya ungkap dony kopdes nanti jadi agen layan logistik harap mudah masyarakat kirim barang mana kopdes kerja sama pt pos indonesia kemudian teman teman saudara saudara sekarang kan era era online kan bisnis desa lalu bagaimana kalau order pick up nya pt pos indonesia kerja sama seluruh koperasi desa jadi channel logistik agen logistik pt pos indonesia kata dony fdl fdl taut salin koperasi desa kopdes merah putih subsidi perintah hemat anggar bocor subsidi
114,finance,jakarta kampoeng main blok m square jadi tuju buru koleksi main action figure hingga kartu pokmon anak anak kolektor dewasa
115,finance,jakarta badan gizi nasional bgn beberapa bulan depan pindah kantor gedung merah putih gmp telkom kawasan gatot subroto jakarta adapun kantor bgn ada kawasan kebon sirih jakarta lantas bagaimana nasib karyawan telkom gmp tempat bgn coo danantara sekaligus kepala bp bumn dony oskaria pasti karyawan lama kerja gedung sebut siap tempat kerja ganti tak mungkin kata dony rencana bgn tempat gmp siap gedung ganti scroll to continue with content kadang kadang kan suka lebih kalau enggak tempat enggak mungkin orang dipindahin masa kerja jalan gedung memang hitung kan ujar dony temu kantor tri uang jakarta rabu adapun tanya kait ada kabar media sosial soal barang barang gedung sebut tanda guna bgn dony minta masyarakat tak gampang percaya kait kabar sebut pasal kata dony bgn tempat gedung milik telkom sebut advertisement barang barang tag gimana kan bgn nya aja masuk jadi hati hati kok tag in sewa sewa ingat telkom usaha buka jadi jangan teman teman makan usaha buka semua proses ikut tentu laku usaha buka kata fair value nya larang ojk kena bentur penting misal harga bawah pasar enggak enggak kalau cuma pakai enggak sewa enggak mungkin kan usaha buka lanjut belum kepala bgn sudaryono sesi jawab rdp komisi ix dpr ri kamis benar rencana pindah kantor bgn gedung merah putih kata pihak koordinasi danantara kait rencana sebut betul pak sedang koordinasi danantara waktu dekat badan gizi nasional duduk gedung graha merah putih jadi kantor telkom ujar sudaryono sudaryono jelas tak aral lintang pindah kantor bgn gedung merah putih laku satu hingga bulan depan insyaallah satu bulan pindah kantor graha merah putih terang sudaryono sempat sebut kata pegawai belum tempat gedung merah putih guna bgn sebut pindah gedung telkom ada belah orang tempat gedung graha merah putih tempat gedung telkom belah gedung lebih tinggi kata fdl fdl taut salin gedung merah putih bgn telkom karyawan telkom badan gizi nasional
116,finance,jakarta hidup jalan tak lama sesuai ekspektasi usai lulus bangku sma satria gunawan mulai karirnya pilot tak sangka kondisi ekonomi keluarga putar balik hidup jadi tani teh mantan pilot helikopter gunawan butuh waktu tahun tahun lama mulai cinta teh bunyi pepatah tak kenal tak sayang laku hidup lambat gunawan jatuh cinta teh budaya bangun teh paham tumbuh teh cara olah mulai bisnis teh artisan tahun sejak bisnis terus kembang hingga bangun kedai gandarai selatan jenama house of teh lalu jejaring komunitas bangun bisnis teh artisan jadi salah satu pasok teh artisan nama bagai pulau besar indonesia scroll to continue with content apa jalan karirnya pilot jadi bisnis teh bagaimana cara tahan bisnis tengah gempur minum modern simak jawab lengkap d mentor on location sama satria gunawan tonton eksklusif detikcom advertisement kil kil taut salin d mentor on location d mentor peluang usaha teh bisnis teh
117,finance,jakarta milik hewan pelihara rupa gaya hidup butuh banyak biaya keluar siap mulai makan main hingga awat bulu sehat peluang sebut manfaat trisetyani suci co founder anabul pet center depok sama tiga rekan suci bangun bisnis awat khusus kucing atas dasar cinta anabul anak bulu sapa akrab kucing anabul pet center milik beberapa layan tawar sesuai butuh kucing pet shop dokter hewan grooming hingga pet hotel semua layan sebut sedia satu ruko camat pancoran mas depok scroll to continue with content siapa sangka bisnis layan hotel kucing telur omzet nyaris rp juta bulan bahkan omzet naik hingga tiga kali lipat bulan lama masa libur langsung intip jalan bisnis hingga bagaimana jadi inspirasi duplikasi detikers cuma d mentor on location advertisement eds eds taut salin d mentor d mentor on location peluang usaha anabul
118,finance,jakarta informasi bohong marak edar percaya bagi masyarakat masuk hoaks kait isu moneter dunia perban aja tarik uang besar besar bagai motif kerap gencar pihak tak tanggung jawab belakang seru tarik dana bank ramai media sosial seru muncul lantar edar kabar dana nasabah tiba tiba hilang aja tarik dana alias rush money perban sempat rebak pandemi corona covid informasi bahaya lantar tari dana masif bank rush money rusak ekonomi indonesia scroll to continue with content isu kerap edar masyarakat bagaimana masyarakat paham apa benar garansi bank aman dana nasabah dengar tonton diskusi sama ekonom segara institute piter abdullah d mentor live kamis jam wib detikcom eds eds taut salin d mentor hoaks rush money
119,finance,jakarta hewan pelihara sangat mudah temu bahkan tak jarang bagi buah keluarga meski hewan pelihara kerap jumpa identik anjing kucing nyata jenis reptil kura kura darat cukup populer masyarakat indonesia sedikit beda anjing kucing gari lantar gemas jadi teman sulcata nyata bawa dekat ekonomi alias pundi pundi untung nila besar apa potensi potensi cuan ternak sulcata tahun rakuten insight center usaha survei asal amerika laku studi kena milik hewan pelihara indonesia survei laku responden tunjuk duduk indonesia milik hewan pelihara lalu jawab pernah milik pelihara sisa punya bila ibarat enam puluh rumah indonesia huni hewan pelihara kucing jadi hewan paling populer persentase milik scroll to continue with content indonesia landa pandemi covid lalu industri hewan pelihara tetap tampil tumbuh positif padahal hampir semua sektor bisnis alami mundur era pandemi batas giat era pandemi paksa orang orang milik hobi baru salah satu rawat hewan pelihara orang orang milik hewan pelihara otomatis keluar uang produk makan awat sehat hewan jadi alas maju sektor hewan pelihara masa covid advertisement dasar survei rakuten warga indonesia milik hewan pelihara banyak responden keluar uang banyak rp tiap bulan perlu hewan pelihara keluar alokasi beli produk makan bersih kandang awat hewan jadi peluang giat bisnis hewan pelihara indonesia peluang beri ruang usaha usaha lokal putar hewan pelihara tumbuh bantu gerak ekonomi indonesia ingat lama tahun akhir sektor hewan pelihara jadi sektor terus kembang stabil turut manfaat achmad iqbal furdausi milik bumi reptile bisnis hewan pelihara asal bogor kerap raup omzet puluh juta rupiah per bulan sesuai nama bumi reptile bisnis fokus hewan pelihara jenis reptil kura kura nyata kura kura cukup populer kalang cinta hewan milik umur panjang milik daya tarik estetika sendiri bumi reptile tak jual kura kura biasa sering jumpa akuarium bumi reptile pasar kura kura darat sulcata sulcata banderol mulai harga rp iqbal sendiri mulai bisnis cinta kura kura putus mulai bisnis sulcata bagi telur kura kura sayang teman teman dapat respons jual telur telur modal rp juta iqbal mulai bisnis sulcata sulcata sendiri mati jadi hias taman rumah awat lebih mudah tak repot hewan domestik lain nyata rawat beri makan hewan tak buat hewan gemuk buat dompet ikut gemuk aku resign kerja aku tuh pengin coba hobi hobi binatang bau aman taruh rumah akhir aku yakinin diri rp juta juta aku pakai buat bikin kandang juta beli modal beli kura kura harga tuh rp ribu jadi kurang lebih ekor jelas iqbal program d mentor kamis baca dulang rupiah lewat hampers hari raya prestasi bumi reptile bisnis sulcata milik minta tinggi utama area jabodetabek meski sulcata bumi reptile kerap dapat minta wilayah papua malu aceh ternate tidore minta atas sulcata ikut naik signifikan iqbal putus iklan sulcata selebriti sulcata jadi makin populer pernah beberapa kali bintang iklan film video klip bahkan beberapa kali sewa potret pre wedding awal awal justru aku kasih kasih aja jadi aku mapping dulu artis aku suka siapa suka hewan animal lovers kalau animal lovers biasa aku dm jelas iqbal bumi reptile sedia agam jenis kura kura darat antara sulcata aldabra leopard pardalis beda corak warna harga banderol satu ekor sulcata ukur cm rp juta sulcata ukur cm harga rp juta aldabra ukur cm banderol mulai harga rp juta akhir leopard pardalis kecil bayi banderol mulai rp juta bulan bumi reptile jual hingga ekor omzet per bulan nih per bulan kalau jual kura kura rp juta pelihara sendiri gampang pagi jemur abis rendam kasih lampu buat kecil kalau udah besar taruh outdoor aja jelas tips trik bumi reptile sendiri milik strategi tahan dunia bisnis hewan pelihara guna strategi bisnis hulu hilir jadi jual kura kura hidup bumi reptile sedia agam perlu hewan mulai pakan vitamin hingga perlu kandang mandi hewan barang barang banyak hasil produksi sendiri begini langgan belum beli sulcata potensi beli barang ulang bumi reptile jadi langgan toko iqbal jelas kalau buka diskusi bel kalau kalau butuh saran atas perilaku sehat hewan tak bumi reptile aktif pasar barang dagang media sosial media sosial guna iqbal media promosi sulcata jadi tempat interaksi sama ikut bila tarik mulai bisnis sektor hewan pelihara iqbal pesan mula sayang sang hewan tips trik pertama kalian suka dulu jangan mikirin cuannya aja sayang ajar sakit cara ngerawatnya tiga cari marketnya empat kalau yakin jalanin pesan iqbal perlu ingat bisnis sektor hewan pelihara jalan penuh hati hati khusus memperjualbelikan hewan hidup jangan sehat hewan jadi abai pasti hewan hewan sebut selalu dapat awas hidup baik bisnis tumbuh sehat panjang eds eds taut salin sulcata d mentor peluang usaha
120,finance,jakarta beri bingkis hantar upa makan orang orang kasih jadi tradisi makin kental masyarakat utama hari raya hantar kini populer kenal sebut hampers sebut cipta peluang peluang ekonomi baru celah manfaat david liementha bangun bisnis melts id sejak pandemi melts id eks pilih langgan cari hampers khusus tarik makan sehat hal rully mustaqimah justru manfaat momentum hari raya peluang keruk sumber dapat baru lewat jenama tanzif id rully emas hampers sabun organik musim hasil raup cuan lipat ganda scroll to continue with content berapa cuan bisnis musim hampers bagaimana cara intip peluang tren musim kirim hampers simak liput gurih bisnis hampers d mentor on location sama david liementha rully mustaqimah tonton sekarang detikcom advertisement eds eds taut salin hampers peluang usaha d mentor d mentor on location
121,finance,jakarta bisnis lilin tak kutat terang lilin kini milik bagai fungsi mulai estetika dekorasi hingga aromaterapi peluang lah manfaat yulianah suami bangun bisnis jakarta candle diri sejak jakarta candle hasil lalu bagai tantang pandemi covid tipu hingga hadap bagai macam polah langgan hasil hingga kini usaha lilin aromaterapi sebut hasil catat omzet hingga juta tahun kerja sama pasang suami istri bangun bisnis jadi cerita tarik sendiri sang suami gigih eksperimen rancang produk kombinasi yulianah gemar bicara handal marketing scroll to continue with content pasar dekorasi wedding jadi pilih pasar arung jakarta candle lilin lilin cantik jakarta candle hias bagai macam acara nikah sisi lilin aromaterapinya kenal souvenir pilih wedding organizer lantas bagaimana jalan bisnis jakarta candle berapa cuan peluang bisnis simak liput d mentor on location episode semerbak bisnis aromaterapi eds eds taut salin d mentor on location d mentor lilin aromaterapi peluang usaha
122,finance,industri rajin batik terus kembang hingga meski langsung sejarah panjang minat batik tak lekang waktu peluang tangkap cermat ergy adhitama ergy mulai bonolo modal rp juta siapa sangka waktu windu bisnis sebut kini hasil kerja tak kurang orang hasil omzet ratus juta rupiah lama orang orang pergi kantor lama yakin bisnis batik tahan
123,finance,jakarta industri rajin batik terus kembang hingga meski langsung sejarah panjang minat batik tak lekang waktu peluang tangkap cermat ergy adhitama ergy mulai bonolo modal rp juta siapa sangka waktu windu bisnis sebut kini hasil kerja tak kurang orang hasil omzet ratus juta rupiah lama orang orang pergi kantor lama yakin bisnis batik tahan scroll to continue with content berapa janji peluang usaha duplikasi bagaimana cara besar bisnis batik tengah riuh industri fesyen modern tanah air dengar jawab lengkap d mentor on location sama ergy adhitama hasil besar bisnis batik kini nama bonolo tonton eksklusif detikcom eds eds taut salin d mentor d mentor on location peluang usaha umkm
124,finance,jakarta pengembangbiakkan maggot cenderung anggap milik lahan luas sebut ban habis fathimah himmatina lalu magobox id fathimah suami hasil bangun sistem budidaya tempat luas bau mula gaya hidup ramah lingkung fathimah coba budidaya maggot halaman rumah bagai tantang hadap mulai kabur maggot kandang bau hingga cuapan tetangga tiga tahun magobox id operasi fathimah suami hasil raup omzet puluh juta per bulan kini hidup lebih ramah lingkung jalan bisnis mandi cuan hasil jalan scroll to continue with content apa jalan bisnis fathimah bangun magobox id simak wawancara d mentor on location episode usaha larva lalat hasil pundi pundi cuan puluh juta kil kil taut salin peluang usaha d mentor saat jadi bos umkm usaha maggot
125,finance,jakarta perintah bakal beri rekening warga usia tahun bank rakyat indonesia bri bank syariah indonesia bsi rekening sebut isi saldo rp ribu menteri koordinator bidang ekonomi airlangga hartarto seluruh saldo sebut cair milik informasi beri rekening masyarakat rupa salah satu upaya perintah tingkat inklusi uang tarik kata airlangga singkat temu kompleks istana presiden jakarta pusat rabu scroll to continue with content baca masyarakat buat rekening saldo awal rp ribu sumber apbn rp t saldo sebut asal anggar dapat belanja negara apbn total anggar siap juta duduk capai rp triliun advertisement perintah larang saldo rekening sebut disalahgunakan judi online judol airlangga pihak menyalahgunakan langsung tangkap pihak wajib nah kalau judol kan langsung tangkap tegas airlangga rekening sendiri terima masyarakat otomatis pergi bank perintah manfaat data duduk catat sipil dukcapil otomatis kerja sama dukcapil kena data data kayak terang airlangga nanti teknis kait buat rekening perintah airlangga bri bsi milik program dukung sebut bijak rupa pernah terap per belum teknis apa kan bi bank bsi maupun bri punya program pernah laku periode belum bagai program direct menteri uang rekening masing masing orang tutup airlangga acd acd taut salin rekening perintah inklusi uang saldo rp ribu bank rakyat indonesia bank syariah indonesia apbn
126,finance,jakarta chief executive officer ceo bpi danantara ros roeslani respons rencana perintah beri rekening bank warga negara indonesia usia tahun milik kartu tanda duduk ktp ros kata perintah tunjuk bank pelat merah sedia rekening pt bank rakyat indonesia persero tbk bri pt bank syariah indonesia tbk bsi iya memang bri bsi kata ros temu istana presiden jakarta pusat rabu scroll to continue with content perintah sama danantara manajemen perban kait laku koordinasi kaji sama program sebut jalan baik seluruh pelosok tanah air memang manajemen koordinasi apa laku rencana akselerasi buka rekening seluruh indonesia lalu bri aceh khusus bsi laksana cepat jelas advertisement kena tetap saldo awal buka rekening besar rp hingga sumber dana ros sebut tahap susun merinci lebih jauh kapan program mulai hingga teknis daftar lapang mekanisme rancang segera kok ujar singkat fdl fdl taut salin rekening bank ktp baru usia tahun
127,finance,jakarta menteri uang menkeu purbaya yudhi sadewa jamin perintah gagal bayar cicil kredit bangun koperasi desa lurah merah putih kdmp himpun bank milik negara himbara bank bumn sebut pasti usai gelar temu sama kepala badan atur bp badan usaha milik negara bumn dony oskaria menteri koperasi menkop ferry juliantono purbaya jelas bayar laku menteri uang kemenkeu terima minta bayar menteri koperasi kemenkop scroll to continue with content pasti gagal bayar perban tetap ada pak menteri koperasi kirim surat minta bayar syarat syarat janji beliau ungkap purbaya wartawan kantor kemenkeu jakarta rabu perintah bentuk satu tugas satgas pasti operasional kdmp jalan baik lebih kdmp arah salur bantu sosial bansos perintah advertisement tiga sepakat bentuk satu satgas manfaat ada ada koperasi merah putih maksimal masuk salur barang barang subsidi sana pasti lewat sana jelas purbaya kata cicil kredit langsung transfer rekening himbara sesuai minta kemenkop pasti dana siap jatuh tempo bayar uang kan lama anggar jadi bukan bukan abt bukan dana bank memang sedia terang purbaya sempat sama ferry kata satgas sebut isi menkeu kepala bp bumn satgas kuat awas salur barang subsidi perintah lalu infrastruktur kdmp kemenkop laku verifikasi validasi ulang kdmp aju bayar kemenkeu pasti bayar cicil kdmp laku dasar surat aju pihak pak menteri uang sama pak dony tim ikut pak menteri uang ikut pasti utilitas guna masuk pasti barang barang subsidi guna infrastruktur perintah nama sekarang koperasi desa lurah merah putih tadi sepakat tadi tim sama pungkas ahi hns taut salin koperasi desa koperasi merah putih kopdes merah putih himbara bumn cicil kredit purbaya yudhi sadewa
128,finance,jakarta pt adhi karya persero tbk adhi buka suara usai minta badan kelola investasi bpi daya anagata nusantara danantara badan atur bp badan usaha milik negara bumn tutup seluruh anak cucu usaha danantara bp bumn tahu pegang saham seri a seri b banyak persero direktur portofolio bisnis manajemen risiko adhi karya rozi sparta jelas streamlining mangkas entitas usaha persero laku lalu skema divestasi usaha afiliasi proses sebut target mulai beri hasil akhir sesuai arah aspirasi pegang saham seri a seri b banyak adhi karya minta back to core beberapa usaha relevan core minta laku streamlining streamlining nya salah satu bagaimana adhi karya dorong kait usaha afiliasi segera laku divestasi ungkap rozi acara public expose virtual rabu scroll to continue with content baca adhi karya pangkas seluruh anak usaha rozi jelas adhi karya milik entitas usaha diri tujuh anak usaha satu cucu usaha usaha afiliasi bas entitas usaha sebut asal sektor properti bangun gedung kelola jalan tol advertisement sempat sama direktur utama adhi karya moeharmein zein chaniago jelas persero minta fokus bisnis kontraktor jadi dasar laku mangkas entitas usaha adhi karya jalan aspirasi pegang saham fokus bisnis inti core bisnis kontraktor construction only sedang laku tata anak usaha sedang laku jelas zein kata adhi karya laku divestasi tiga anak usaha tahun divestasi entitas usaha lain laku tahap hingga seluruh proses target rampung mungkin divest paling tiga usaha anak usaha waktu cepat lewat tahun sisa laku program divestasi sebut pungkas berita belum kepala bp bumn sekaligus coo bpi danantara dony oskaria minta adhi karya buka anak usaha baru pasal bentuk anak usaha entitas usaha sebut masalah kan lihat nih bikin anak usaha semua masalah jadi stop anak anak usaha baru adhi fokus kontraktor tegas dony unggah resmi instagram bumn id jumat acd acd taut salin adhi karya bumn divestasi anak usaha
129,finance,jakarta coo danantara sekaligus kepala bp bumn dony oskaria buka suara soal gedung merah putih gmp milik telkom kawasan gatot subroto jakarta bakal tempat badan gizi nasional bgn beberapa bulan depan dony sampai sebut rupa bagi optimalisasi aset milik telkom lalu kaji internal usaha kan corporate action satu pertama timbang jadi lihat kadang kadang kan lihat sisi negatif optimalisasi aset laku kaji telkom laku ujar dony temu kantor menteri uang jakarta rabu scroll to continue with content sampai bgn tak merta pindah bayar biaya sewa kata dony sewa gedung sebut laku lalu transaksi bisnis normal mana nilai kantor jasa nilai publik kjpp pasti harga transaksi bahkan dony sebut nilai sewa gedung merah putih bgn ada atas harga pasar advertisement proses sewa usaha buka lewat tadi bentur penting jadi kjpp nya market price nya dengar harga atas harga pasar sewa paling penting ujar dony jadi jangan lihat gedung jadi kadang kadang kan lihat tuh memang masalah apa gedung sewa kan banyak ojk sewa gedung mana sewa gedung normal aja sambung belum pt telkom indonesia persero tbk telkom sambut positif rencana manfaat gedung graha merah putih gmp badan gizi nasional bgn skema business to business b b langkah sewa jadi bagi strategi leveraging asset usaha optimal aset properti sekaligus buka peluang dapat baru konektivitas digital direktur utama telkom dian siswarini sampai skema bisnis jalan proporsional tetap depan tata kelola usaha baik good corporate governance telkom group rencana sewa gedung gmp bgn rupa bentuk leveraging asset hadir peluang bisnis baru masuk lalu sedia layan konektivitas solusi digital unggul milik ujar dian terang selasa jumlah unit kait sebar bagai lokasi kerja jakarta lalu tata cipta lingkung kerja lebih integrasi sesuai stream masing masing unit harap buat kolaborasi jadi lebih mudah proses kerja makin efektif produktivitas karyawan makin tingkat jelas dian proses transisi tempat ruang kerja bgn gmp laku tahap seluruh bahas negosiasi rampung telkom pasti aman selamat nyaman operasional karyawan tetap jadi prioritas utama dasar hasil survei diskusi sama telkom bgn sampai rencana manfaat gmp ruang kerja beberapa fasilitas workstation standar manfaat sebut laku proses tata unit unit telkom pindah alat kerja existing lokasi pakat sama lanjut dian tonton video maaf minum rasa susu hingga kental manis larang masuk menu mbg gambas video detik hrp fdl taut salin bgn gedung merah putih telkom sewa gedung
130,finance,jakarta presiden prabowo subianto nyata bonus atlet asi games tetap rp miliar jauh lebih besar bonus emas sea games naik bonus kata prabowo dapat bisik menteri pemuda olahraga erick thohir lupa beri lapor pak erick pak sea games medali emas rp miliar asi games medali rp miliar ujar prabowo lepas kontingen indonesia istana presiden jakarta pusat rabu ketua umum urus besar satu angkat besi seluruh indonesia pb pabsi ros perkasa roeslani kata pihak syukur bonus janji prabowo tentu alhamdulillah suatu bentuk apresiasi perintah tentu kata ros usai acara scroll to continue with content baca arah prabowo bantu beras lanjut desember turut prabowo pesan jadi atlet kompetisi dapat medali emas suatu bangga hormat bukan atlet sendiri bangga seluruh masyarakat indonesia advertisement jadi rasa apa apresiasi sangat luar biasa bapak presiden langsung tadi sampai kata ros tonton video bicara kesiap atlet asi games mensesneg siap sangat baik gambas video detik ara taut salin prabowo subianto asi games bonus atlet
131,finance,jakarta kepala eksekutif awas bursa mineral komoditas strategis bmks otoritas jasa uang ojk sarjito ungkap rencana kembang bmks sarjoto sendiri baru lantik mahkamah agung ma hari sarjito sorot posisi indonesia salah satu produsen nikel besar dunia milik pengaruh tentu harga turut harga nikel hingga acu harga bentuk negara hasil contoh nikel besar dunia pernah tentu harga harga tentu yuridiksi pihak pihak ironi kata sarjito usai lantik ma jakarta pusat rabu scroll to continue with content nilai ada bmks penting kuat posisi indonesia ada bursa sebut harap buat indonesia tahap sekadar jadi price taker ikut harga bentuk jadi tentu harga baca sah sarjito jadi kepala awas bursa mineral advertisement paling awal jadi price taker jadi price influencer jadi bursa reference at the end sanggup mampu confident jadi price maker ujar kuat posisi indonesia bentuk harga ada bursa tingkat awas transaksi komoditas masuk antisipasi soal transfer pricing under invoicing data harga maupun volume transaksi pantau lebih baik mesti confident bangun bursa sendiri banyak sempat isu kena transfer pricing under invoicing baik harga volume kontrol baik tutur sarjito meski sarjito ungkap komoditas apa pertama kali dagang lalu bursa sebut perintah tunggu atur presiden pres tentu mineral komoditas strategis masuk dagang bursa terap laku tahap sarjito kata perintah langsung masuk banyak komoditas akhir sistem sebut jalan optimal tunggu pres dulu banyak dagang it doesn t work gradual mana mana dagang lebih sebut ojk sendiri tengah kejar susun atur awal kait awas bursa mineral komoditas strategis sarjito sebut atur ojk pojk awal target undang september tar bmks sendiri target operasi januari keluar pojk minta tuju dpr undang tanggal september pojk awal susun pojk pojk baru kemudian tunggu atur presiden at the beginning mineral komunitas strategis apa dagang tutup sarjito tonton video jagung pamer uang rp m hasil sita korupsi nikel pt cni gambas video detik acd acd taut salin harga nikel bursa mineral ojk sarjito komoditas strategis
132,finance,jakarta menteri uang purbaya yudhi sadewa kata sistem lembaga national single window lnsw kejar potensi pajak dagang emas gelap purbaya minta lnsw deteksi potensi pajak dagang emas ilegal lnsw nanti deteksi beli emas tambang emas izin peti pihak kejar dapat masuk kocek negara tahu belah belakang siapa sih laku beli catat beli barang peti peti ilegal kejar income nya masuk negara kejar kata purbaya kantor lnsw jakarta pusat rabu scroll to continue with content baca purbaya kebut sistem deteksi pajak ekspor impor pakai ai tanya soal potensi dapat kejar purbaya bilang hitung seluruh bilang data besar potensi tari pajak dagang emas ilegal advertisement mau hitung seluruh kalau sedikit sedikit kan kalau besar lihat lanjut purbaya jelas bila nanti jelas nama nama pihak laku dagang emas ilegal kantong pihak langsung tarik pajak harus sih kalau clear kan nama pt pt nya tuh kan kejar minta orang pajak periksa usaha beli mana belakang terus kalau bayar pajak suruh bayar pajak kayak gitu kira kira nama ekstensifikasi erti efisien tingkat efisiensi kumpul pajak analisa big data papar purbaya tonton video banggar tagih profil utang perintah purbaya dpr mau minta kapan gambas video detik ara taut salin pajak dagang emas lembaga national single window purbaya yudhi sadewa
133,finance,jakarta badan kelola investasi bpi danantara nyata minat jadi salah satu pegang saham bursa efek indonesia bei lalu skema demutualiasi minat sampai lalu danantara investment management dim ceo badan kelola investasi bpi danantara ros roeslani sampai rencana sebut terus matang baik besar porsi bakal ambil danantara maupun kait lain kata bahas libat jumlah pihak jelas detail siapa ikut bahas kait ambil porsi saham bei scroll to continue with content iya bahas bahas sama sama bukan danantara ujar ros singkat temu kantor menteri investasi hilir bpkm jakarta rabu belum direktur utama bursa efek indonesia bei jeffrey hendrik benar ada minat badan kelola investasi bpi daya anagata nusantara danantara beli saham bursa efek lalu skema demutualisasi tahu demutualisasi rupa ubah status hukum usaha tutup jadi usaha publik advertisement skema jadi amanat undang undang uu kembang kuat sektor uang p sk sah beberapa waktu lalu uu sebut menteri uang kemenkeu bank indonesia bi bpi danantara mungkin jadi pegang saham bei lalu demutualisasi jeffrey tak sebut porsi aju lantar tunggu atur otoritas jasa uang pojk demutualisasi sampai minat bpi danantara lalu dim jadi lanjut komunikasi bangun terus tunggu pojk ungkap jeffrey wartawan gedung bei jakarta rabu jeffrey kata bei laku kaji kait demutualisasi bursa efek aku skema demutualisasi laku contoh bursa hong kong singapura australia hingga malaysia kalau kaji kan lihat bursa bursa demutualisasi hong kong singapura australia malaysia bursa bursa memang laku demutualisasi jelas sempat pisah jeffrey ungkap investor potensial beli saham bei tambah pihak jaga independensi pasar modal kendati laku demutualisasi adapun milik saham pihak pihak sebut tetap tahan independensi bursa efek ungkap jeffrey konferensi pers virtual rabu tonton video kebut restrukturisasi danantara kini tutup bumn gambas video detik hrp fdl taut salin danantara demutualisasi bursa efek indonesia bpi danantara
134,finance,jakarta tengah marak transportasi online bajaj konvensional tahan layan tumpang stasiun cikini jakarta pusat
135,finance,jakarta erupsi gunung anak krakatau sempat ganggu aktivitas terbang jumlah moda transportasi jumlah wilayah dampak harga bahan pokok menteri dagang mendag budi santoso alias bus kata kondisi lihat data sistem pantau pasar butuh pokok sp kp mana harga bahan pokok jauh relatif stabil masalah pantuan masuk sp kp komunikasi lihat sp kp masalah kata bus temu kantor jakarta pusat rabu scroll to continue with content lebih lanjut bus sebar abu vulkanik pengaruh rantai pasok distribusi bahan pokok masuk daerah dampak indikasi naik harga kan pantau sp kp sp kp semua kabupaten kota kena dampak benar distribusi tetap masuk jadi lama kalau lihat benar harga stabil ujar advertisement lepas imbas sebar abu vulkanik bus tegas perintah terus perhati kembang harga barang pokok nasional turut perintah fokus harga alami lonjak harga jatuh terlalu rendah jadi ancam potensi tekan produsen contoh harga telur ayam sempat turun hingga rp per kilogram padahal harga acu ada kisar rp per kilogram perintah terus laku intervensi nilai komoditas tingkat nah sekarang mulai naik harga rata rata nasional kayak telur kan rp arti kan naik rp dekat harga acu tandas tonton video jurnalis hilang kontak anak krakatau cari luas gambas video detik igo fdl taut salin anak krakatau erupsi gunung harga bahan pokok stabilitas harga menteri dagang
136,finance,jakarta menteri investasi hilir kepala bkpm ros perkasa roeslani sampai beberapa sektor industri indonesia butuh tenaga kerja asing tka perintah mangkas proses izin tka serta tanam modal indonesia tanda penandatanganan surat putus sama skb menteri ketenagakerjaan yassierli menteri imigrasi masyarakat agus andrianto menteri investasi hilir kepala bkpm ros p roeslani kantor menteri investasi hilir bkpm jakarta rabu skb pertama integrasi sistem online single submission oss sistem informasi aplikasi layan ketenagakerjaan siapkerja aplikasi all indonesia skb dua bentuk tim teknis integrasi scroll to continue with content lalu skb tiga menteri sistem online single submission oss menteri investasi hilir bkpm integrasi siapkerja milik menteri ketenagakerjaan aplikasi all indonesia menteri imigrasi masyarakat ros kata kini proses izin tka target selesai waktu lima hari lewat batas waktu sebut izin terbit otomatis sesuai mekanisme tetap adapun putus mulai laku akhir bulan advertisement jadi memang rencana mulai jalan implementasi akhir bulan rencana tadi informasi insyaallah akhir bulan mulai jalan hasil sepakat tiga ujar ros pangkas waktu ros kata tingkat iklim investasi industri indonesia bijak harap beri dampak positif tanam modal asing foreign direct investment fdi memang lihat beberapa sektor industri memang butuh tenaga kerja asing perlu harap beri transfer of knowledge transfer of technology sumber daya manusia terang menteri ketenagakerjaan yassierli sampai skb layan depan nanti lebih baik meski pihak tetap komitmen laku monitoring jalan proses izin kerja kta insyaallah yakin implementasi beri layan hasil efektif efisien lebih baik kata tonton video kemendikdasmen dapat langgar tka gambas video detik hrp fdl taut salin tenaga kerja asing izin tka investasi indonesia hilir industri online single submission
137,finance,jakarta menteri dagang kemendag catat transaksi ekspor usaha mikro kecil tengah umkm januari juli hasil capai us juta tara rp triliun kurs rp angka jauh lampau capai transaksi belum besar us juta rp triliun periode januari desember menteri dagang mendag budi santoso alias bus kata capai transaksi rupa catat hasil program damping umkm ekspor usung kemendag nilai ekspor produk umkm masuk luar program tahun lalu transaksi capai us juta tahun nah sekarang januari juli capai us juta ungkap bus buka program damping umkm tajuk gapai pasar global ai kantor jakarta pusat rabu scroll to continue with content bus jelas program umkm ekspor manfaat jaring milik kemendag luar negeri lalu program laku usaha sambung langsung jajar direktorat jenderal kembang ekspor nasional pen kantor wakil indonesia bagai negara presentasi produk daring wakil atas dagang itpc indonesia trade promotion center negara jumlah negara nah bapak ibu tinggal presentasi presentasi produk semua cara online nah wakil cari buyer jelas advertisement pihak cari calon beli importir produk umkm negara pasti lancar proses negosiasi kemendag sedia damping bahasa laku usaha hadap beli asing jadi kalau misal buyer nya taiwan jepang pakai bahasa bapak ibu usah khawatir terjemah teman teman damping imbuh bus berkat fasilitas ini turut perintah hasil dongkrak transaksi ekspor produk umkm pesat hingga rp triliun tujuh bulan pertama tadi bus sangat dorong laku umkm ikut program rambah pasar luar negeri ikut umkm ekspor rata rata pernah ekspor jadi bapak ibu usah khawatir kalau pernah ekspor aja ekspor pungkas tonton video driver ojol bakal jadi umkm pres kebut agustus gambas video detik fdl fdl taut salin umkm ekspor menteri dagang transaksi ekspor program damping
138,finance,jakarta menteri uang purbaya yudhi sadewa terus sempurna sistem lembaga national single window lnsw salah satu fungsi deteksi pajak ekspor impor kembang lnsw guna cerdas buat artificial intelligence ai khusus menganalisa potensi dapat baik sistem jadi kembang sini aplikasi guna ai bantu analis lihat potensi dapat mungkin oleh baik sistem integrasi pakai semua data lnsw ujar purbaya kantor lnsw jakarta pusat rabu lnsw jadi sistem cukup kuat bantu analisa paja signifikan segala bentuk potensi pajak cukai deteksi sejak awal scroll to continue with content jadi segala potensi pajak potensi cukai miss deteksi awal sini ujar purbaya baca purbaya sebut bank ri siap pungut pajak transaksi digital luar negeri advertisement purbaya kata banyak programmer jago jadi awak lnsw tetap hasil kerja tentu masyarakat pihak minta semua awak lnsw kerja sungguh sungguh contoh kasus tata kelola ekspor impor batu bara bila potensi kurang bayar pajak lnsw deteksi batu bara depan usaha berapa potensi bayar pajak kurang gabung spt nya jadi depan main main monitor lebih teliti pakai semua data integrasi manfaat ai data ujar purbaya tonton video menkeu bidik rp t terima pajak gambas video detik ara taut salin pajak ekspor impor cerdas buat sistem deteksi pajak lembaga national single window purbaya yudhi sadewa
139,finance,jakarta butuh dana tambah muncul orang sedang siap bagai rencana mulai biaya didik anak renovasi rumah butuh sehat hingga siap nikah butuh keluarga lain kondisi sebut biaya multiguna jadi salah satu pilih bantu penuh butuh dana nasabah pilih pt bank rakyat indonesia persero tbk bri milik fasilitas bri multiguna pre approved tawar proses aju lebih mudah cepat banding aju biaya reguler apa bri multiguna pre approved scroll to continue with content bri multiguna pre approved rupa fasilitas biaya bri tuju khusus nasabah pilih kriteria tentu tetap bri status pre approved buat proses aju biaya laku lebih sederhana banding aju reguler nasabah dapat tawar akses pinjam multiguna bagai butuh sesuai tentu produk advertisement apa unggul bri multiguna pre approved fasilitas beri mudah nasabah dapat tawar proses aju lebih cepat sederhana banding aju biaya reguler beberapa unggul bri multiguna pre approved aju lebih cepat proses lebih mudah banding aju reguler khusus nasabah bri pilih penuh kriteria guna bagai butuh produktif maupun konsumtif sesuai tentu produk proses sebut nasabah oleh tawar akses biaya lebih praktis butuh dana rencana siap guna bagai butuh sesuai nama pinjam multiguna guna bagai butuh nasabah sesuai manfaat dana prioritas masing masing biaya guna dana didik masuk biaya didik anak anggota keluarga dana manfaat renovasi rumah baik tambah bagi rumah lebih nyaman butuh sehat baik biaya obat maupun awat jadi timbang biaya guna siap nikah butuh acara keluarga maupun butuh keluarga lain rencana sifat desak nasabah kembang usaha fasilitas manfaat modal usaha lama guna sesuai tentu produk laku fleksibilitas sebut bri multiguna jadi salah satu alternatif biaya nasabah milik beberapa butuh sekaligus siapa dapat tawar perlu tahu bri multiguna pre approved otomatis sedia seluruh nasabah bri tawar beri khusus nasabah pilih penuh kriteria tentu tetap bri salah satu kelompok nasabah sempat oleh tawar nasabah payroll bayar gaji salur lalu bri sedia tawar tetap gantung hasil seleksi kriteria laku bri lalu bagaimana cara tahu masuk nasabah dapat tawar nasabah pilih dapat informasi tawar bri multiguna pre approved lalu kanal resmi bri whatsapp blast resmi bri informasi ada tawar bri multiguna pre approved pop up notification tawar aplikasi brimo nasabah akses aplikasi apabila terima salah satu notifikasi sebut nasabah lihat detail tawar lanjut proses aju sesuai tahap sedia tawar beri khusus nasabah saran pasti informasi terima asal kanal resmi bri beri pin password kode otp maupun data rahasia perban pihak cara aju bri multiguna pre approved foto bri nasabah oleh tawar aju bri multiguna pre approved lalu aplikasi brimo proses aju laku ikut tahap sedia brimo syarat tentu laku ada tawar pre approved proses sebut jadi lebih praktis banding aju biaya reguler dana oleh kemudian rencana sesuai butuh mulai biaya didik renovasi rumah butuh sehat siap nikah hingga butuh keluarga lain saat cek tawar bri multiguna pre approved bagai rencana uang butuh siap masuk siap dana butuh sebut muncul pilih biaya mudah akses bantu nasabah atur rencana lebih arah nasabah bri dapat tawar bri multiguna pre approved jadi salah satu pilih penuh butuh produktif maupun konsumtif sesuai tentu laku payroll salur lalu bri salah ecek oleh tawar bri multiguna pre approved tahu informasi lebih lanjut sekaligus ecek tawar milik kunjung laman ikut lihat video dirut bri papar evolusi industri perban gambas video detik akd ega taut salin bri multiguna pinjam multiguna biaya bri
140,finance,jakarta ada jalur cincin api indonesia bilang bukan datang baru negara sering datang bencana mulai gempa erupsi hingga banjir indonesia khatam peristiwa peristiwa alam sebut salah perintah siap anggar logistik mitigasi tanggulang bencana alam kait sebut baru baru presiden prabowo siap angka anggar baru bencana ungkap prabowo ratas kembang tangan bencana alam virtual istana merdeka prabowo sebut deret bencana jadi belakang rupa takdir sekaligus jadi ajar indonesia ajar perintah pimpin alokasi anggar mitigasi bencana tambah signifikan kira hadap ada depan lebih mampu lanjut prabowo scroll to continue with content tanggap sebut menteri uang ri purbaya yudhi sadewa anggar kelola badan nasional tanggulang bencana bnpb pihak tunggu hitung bnpb lebih soal tambah anggar tingkat sesuai minta kan bnpb hitung lihat apa hitung bnpb kan sekarang terima ujar purbaya kutip detikfinance senin advertisement berapa angka usaha maksimal mungkin jangan ngaco hitung gitu aja lanjut meja parlemen rencana sebut sambut baik ketua dpr ri puan maharani nyata sepakat lama anggar sebut manfaat masyarakat soal bencana negara memang perlu perhati masak masak soal anggar sebab rusa infrastruktur lambat ekonomi hingga dampak psikologis masyarakat muara beban fiskal moneter negara lalu jauh mana bencana jadi beban ekonomi negara berapa anggar ideal butuh buah negara memitigasi dampak bencana simak ulas detiksore sama ekonom senior indef tauhid ahmad alih berita nusantara proses cari lima jurnalis lapor hilang liput aktivitas gunung anak krakatau air selat sunda pasuk hari dua kantor sar banten siap pesawat awak termal drone luas lokasi cari temu lima orang sebut tim sar gabung lanjut cari hari ikut luas area sisir sesuai hasil evaluasi kondisi lapang ungkap kepala kantor cari tolong banten al amrad kutip detiknews jurnalis sebut dapat tiga orang lain rupa awak kapal apa kembang baru cari lima jurnalis apa upaya laku tim sar simak lapor lengkap sama jurnalis detikcom jelang petang detiksore bedah strategi cari cuan tengah volatilitas pasar saham meski ihsg angsur baik naik fluktuasi tipis perlu hadap kondisi peka perlu milik orang investor lalu apa strategi keruk untung masa masa pasar saham tentu simak ulas sunsetalk detiksore ikut terus berita baru mutu detiksore tonton tayang langsung lewat bagai platform media sosial jangan lupa follow detiksore instagram tiktok detiksore cuma hore hore vys gub taut salin bencana prabowo bnpb purbaya yudhi sadewa dpr banjir gunung letus detiksore anggar ekonomi
141,finance,jakarta mahkamah agung ma resmi lantik sarjito kepala eksekutif awas bursa mineral komoditas strategis bmks otoritas jasa uang ojk sarjito ucap sumpah jabat hadap ketua ma sunarto sunarto dasar surat putus presiden republik tanggal agustus sarjito angkat anggota dewan komisioner otoritas jasa uang memang jabat anggota dewan komisioner ojk sudara wajib ucap sumpah sedia saudara sampai sumpah jabat agama saudara tanya sunarto kantor ma jakarta pusat rabu scroll to continue with content baca bursa mineral kawal ojk atur terbit september sarjito lantas nyata sedia ucap sumpah sarjito sebut siap laksana tugas sesuai atur undang undang terima langsung langsung siapa janji beri bentuk apa advertisement sumpah laksana tugas wajib anggota dewan komisioner ojk baik baik penuh rasa tanggung jawab dasar atur undang undang kena tugas wajib sebut kata sarjito ucap sumpah ucap sumpah sebut sarjito resmi jabat kepala awas bmks ojk belum dewan wakil rakyat dpr resmi tetap sarjito kepala bmks ojk periode sarjito jalan uji layak patut kepala bmks ojk sama komisi xi dpr dasar hasil uji layak sebut komisi xi tuju tetap sarjito kemudian sah rapat paripurna dpr agustus uji layak sebut sarjito aku jumlah tantang hadap masuk praktik under invoicing transfer pricing hingga tentu harga nilai bagi penting bmks pasar percaya alias trusted market apa penting trusted market market bagus pakai arbitrage price arbitrage bukan supervisory regulatory arbitrage ujar sarjito agenda fit and proper test sarjito tahu jadi calon tunggal kepala eksekutif awas bmks ojk rangkap jabat anggota dewan komisioner adk ojk dpr ri terima surat presiden surpres presiden prabowo subianto usul nama sarjito simak video ojk ungkap biang kerok ihsg merah sendiri asia gambas video detik acd acd taut salin sarjito kepala awas bursa mineral otoritas jasa uang ojk
142,finance,jakarta pt nexal digital infrastruktur tbk mglv belum nama pt panca anugrah wisesa tbk resmi ubah fokus bisnis usaha kini mglv fokus bisnis sedia layan pusat data cerdas buat artificial intelligence ai data center putus oleh rapat umum pegang saham luar biasa rups lb rapat umum pegang saham independen rups independen senin pegang saham tuju rencana kuat modal lalu tambah modal beri hak mes efek lebih pmhmetd rights issue scroll to continue with content aksi sebut persero rencana terbit maksimal saham biasa baru mana dana oleh rights issue guna dukung kembang bisnis baru persero sektor infrastruktur digital ahmad zulfikar presiden direktur nexal kata tuju pegang saham ino jadi landas persero cepat ekspansi sektor infrastruktur digital advertisement terima kasih atas percaya dukung pegang saham tuju jadi landas akselerasi penetrasi sektor infrastruktur digital sekaligus bangun fondasi tumbuh solid industri al data center kembang sangat cepat ujar terang tulis rabu jalan ubah giat usaha sebut pegang saham turut tuju rencana persero lepas milik jumlah anak usaha kait lini usaha belum pihak tiga sekaligus alih aset liabilitas kait rups independen pegang saham independen tujul akuisisi persero atas saham pt nextier askara center nac pt nextier gena center ngc serta piutang kait pt nextier datamate center ndc rupa salah satu pegang saham persero divestasi jumlah anak usaha akuisisi nac ngc rupa langkah konkret tata portofolio persero sesuai fokus usaha baru dua usaha kuat pondasi operasional strategi kembang bisnis al data center ujar zulfikar lihat video minta ram tinggi sk hynix mau tambah kapasitas produksi gambas video detik fdl fdl taut salin mglv ai data center infrastruktur digital rights issue akuisisi divestasi
143,finance,jakarta otorita ibu kota nusantara ikn pasti bakar hutan lahan karhutla kawasan jalan tol balikpapan samarinda balsam km kawasan bukit tengkorak ada kawasan taman hutan raya tahura bukit soeharto camat paku padam dasar kece laku staf khusus kepala otorita ikn bidang manajemen bijak strategi konstruksi dan h sumadilaga dan laku kece tol balsam km desa wonotiro camat samboja kawasan bukit tengkorak rabu dan pasti kondisi bukit tengkorak ada padam laku kece pukul wita lihat bakar aktif meski dapat asap tipis jumlah titik scroll to continue with content alhamdulillah bakar mungkin asap kecil kecil hasil madam laku tim darat sama sama udara waktu water bombing hari bukit tengkorak padam ujar dan terang tulis rabu baca otorita ikn buka suara soal karhutla jarak dekat kipp km advertisement dan terus komunikasi bagai pihak pasti tangan karhutla laku cepat koordinasi baik lalu upaya madam darat maupun udara dan hasil madam sebut perlu ikut langkah antisipasi api muncul monitoring patroli terus laku pasti kondisi kawasan tetap aman potensi bakar susul mudah mudah jangan jadi laku upaya monitoring patroli pasti jangan bakar jadi tambah dan otorita ikn apresiasi kerja sama seluruh pihak libat tangan karhutla baik lalu madam darat maupun dukung madam udara otorita ikn tegas tangan karhutla henti api padam pantau patroli jalan cegah deteksi asap titik api din mungkin simak video puan soal lahan bekas karhutla jadi kebun sawit segera tindak gambas video detik acd acd taut salin karhutla bukit tengkorak ikn tol balsam madam bakar
144,finance,jakarta pt jasa marga persero tbk jsmr buka jaja investasi jumlah tol operasi persero bahkan siap belanja modal capital expenditure capex seluruh butuh masuk investasi tol rp triliun direktur utama jasa marga rivan achmad purwantono jelas capex arah optimalisasi jadwal konstruksi operasional tol baru tahap hingga semester i realisasi capex persero capai rp triliun guna operasional pelihara investasi bangun tol serap capex hingga tahun sangat gantung kondisi realisasi lapang tentu estimasi capex investasi akhir tahun capai rp triliun ungkap rivan acara public expose virtual rabu scroll to continue with content baca tol probolinggo banyuwangi operasi awal rivan kata persero buka investasi bangun tol baru sesuai arah kembang usaha tegas putus partisipasi kembang tol putus komprehensif timbang prospek advertisement timbang investasi sebut cakup prospek lalu lintas konektivitas jaring jalan tol existing layak investasi mampu finansial usaha jasa marga buka investasi sektor brownfield ekspansi sesuai arah strategis sampai belum jasa marga buka peluang investasi sektor brownfield ingat tender jalan tol baru memang terlalu banyak banding periode belum jelas tanya kait proses streamlining tengah jalan bp badan usaha milik negara bumn badan kelola investasi bpi daya anagata nusantara danantara rivan kata jasa marga ikut peran transformasi sebut turut langkah laku optimalisasi portofolio tingkat nilai tambah jasa marga terus koordinasi koordinasi baik pegang saham danantara bp bumn maupun usaha usaha masuk streamlining mana proses tata sebut tetap laku perhati prinsip tata kelola baik pungkas lihat video viral mobil pecah ban massal tol jagorawi jasa marga buka suara gambas video detik ahi ara taut salin jasa marga investasi tol belanja modal capex
145,finance,jakarta kanwil direktorat jenderal bea cukai djbc jakarta laku tindak rokok ilegal jumlah juta batang panjang tahun kepala kantor wilayah bea cukai jakarta hendri darnadi total rugi tembus rp miliar sebut edar rokok ilegal rugi negara cipta saing usaha sehat djbc sinergi menteri industri instansi lain lindung industri hasil tembakau legal lama tahun banyak kali giat tindak bidang cukai kemudian hasil juta hampir juta batang rokok ilegal kata hendri konferensi pers kantor kanwil djbc jakarta rabu scroll to continue with content baca bea cukai tindak juta batang rokok ilegal rugi negara rp m hendri sebut jumlah sebut tingkat banding capai periode sama tahun kanwil djbc jakarta catat tindak laku tahun lalu capai juta batang rokok ilegal advertisement jumlah sebut tingkat banding capai periode sama tahun lalu agustus juta batang tanda masalah serius giat dagang rokok ilegal sanga masif tutur informasi total rugi hitung hasil tindak minum kandung etil alkohol mmea banyak liter bea cukai jakarta turut tindak liter etil alkohol jumlah tindak bidang cukai seluruh tingkat banding capai tahun adapun nilai barang bidang cukai rokok ilegal mmea etil alkohol panjang tembus rp miliar hendri tambah isu jadi atensi terima negara cukai golong besar edar rokok ilegal terima negara fiskal gerogot jadi atensi perhati sangat serius semua rokok rupa salah satu bidang cukai rupa sumber terima negara besar jadi peredaraan rokok ilegal kemudian gerogot terima negara fiskal tegas hendri lihat video tugas bea cukai razia warung madura viral nyata cari rokok ilegal gambas video detik acd acd taut salin rokok ilegal bea cukai tindak cukai rugi negara
146,finance,jakarta etf bitcoin spot amerika serikat catat net inflow us miliar lama tiga pekan dagang turut turut periode agustus september dasar data sosovalue tunjuk minat institusional bitcoin jaga tengah gera harga volatil harga bitcoin sendiri sempat turun kisar us bawah us dasar data coingecko selasa bitcoin gerak rentang us us chief marketing officer indodax aloysia dian nilai konsistensi arus masuk etf jadi salah satu indikator guna lihat dinamika minta bitcoin scroll to continue with content tarik bukan besar arus masuk konsistensi harga bitcoin sedang alami tekan tunjuk gera harga jangka pendek arus dana etf selalu gerak arah perlu lihat bitcoin horizon lebih panjang alih alih reaksi gera hari kata terang tulis rabu tengah kuat arus dana etf lanjut perhati pasar ikut tuju rangkai data ekonomi amerika serikat jadi acu putus the fed producer price index ppi jadwal rilis september susul consumer price index cpi september federal open market committee fomc september nilai jadi salah satu katalis utama advertisement dasar ekspektasi pasar peluang naik suku bunga besar basis poin bps capai peluang suku bunga tetap ada ekspektasi sebut turut pengaruh data tenaga kerja agustus tunjuk tambah lapang kerja tingkat anggur besar arah ekspektasi pasar ubah iring rilis data inflasi temu fomc aloysia nilai rangkai data sebut penting lihat bagi gambar makro lebih luas bukan tentu tunggal arah pasar arus dana etf beri gambar kena minta institusional ppi cpi putus the fed tentu bagaimana pasar baca kondisi makro ikut investor tetap perlu lihat seluruh indikator sebut seluruh laku riset mandiri dyor jadi satu data satu satu dasar ambil putus tambah simak video bnn ungkap sulit lacak transaksi narkoba lewat bitcoin kripto gambas video detik acd acd taut salin pasar cryptocurrency suku bunga the fed data ekonomi as
147,finance,jakarta direktorat jenderal bea cukai djbc lalu kantor wilayah jakarta laku tindak rokok ilegal wilayah kerja kanwil bea cukai jakarta hasil banyak batang rokok ilegal hasil tindak kepala kantor wilayah bea cukai jakarta hendri darnadi kata jumlah sebut oleh tiga tindak periode agustus september estimasi potensi rugi negara kira capai rp miliar kantor wilayah djbc jakarta kerja sama kantor bea cukai marunda laku aman juta batang rokok ilegal wilayah pademangan jakarta utara estimasi potensi rugi negara capai rp miliar kata hendri konferensi pers kantor djbc jakarta rabu scroll to continue with content baca bandara soetta sempat tutup barang ekspor impor rp t mandek kantor bea cukai marunda terima limpah banyak koli isi ribu batang rokok ilegal estimasi rugi negara rp juta arti total batang rokok ilegal aman capai juta batang total rugi rp miliar advertisement total seluruh tiga rangkai tindak limpah polres metro jakarta barat batang rokok ilegal estimasi rugi negara rp miliar tutur barang sebut tahu asal wilayah jawa timur rencana barang pasar wilayah jawa barat sumatera kalimantan rokok ilegal sebut asal jawa timur kirim daerah pasar deteksi tiga tempat jawa barat sumatera kalimantan ungkap hendri hendri seluruh barang hasil tindak barang diserahterimakan sebut laku proses teliti lebih lanjut sesuai tentu atur undang undang tambah laksana tugas laku lalu sinergi sama polri jaksa tni perintah provinsi bagai menteri lembaga sampai apresiasi atas sinergi kolaborasi jalin sangat baik bea cukai komisi iii dpr ri menteri industri perintah provinsi dki jakarta polri tni jaksa seluruh instansi kait upaya lindung masyarakat edar rokok ilegal tutup hendri lihat video tugas bea cukai razia warung madura viral nyata cari rokok ilegal gambas video detik acd acd taut salin rokok ilegal bea cukai tindak rugi negara jakarta
148,finance,jakarta menteri uang purbaya yudhi sadewa buka suara soal biaya program koperasi desa kopdes merah putih pakai pinjam bank bumn purbaya pasti perintah telat bayar utang pinjam sebut pasal purbaya perintah komitmen bayar rp triliun tiap tahun bayar rp triliun cicil kesiap perban jadi enggak lambat bayar cicil perintah jaga kondisi sistem perban ujar purbaya mahkamah agung jakarta rabu scroll to continue with content purbaya pasti perintah biar jadi kredit macet bank kait bangun kopdes merah putih mantan ketua lembaga jamin simpan lps jamin siap cara khusus jamin lancar bayar bank bumn purbaya enggan jelas cara khusus sebut advertisement cari cara khusus pasti semua jalan lancar lihat cara pasti wajib perintah bayar bayar terang purbaya sisi purbaya tambah perintah milik dana tunai lebih rp triliun pokok rp triliun lebih cash nya sekarang kalau bilang uang rp triliun siap kok rp triliun jelas purbaya hns hns taut salin koperasi desa biaya perintah pinjam bank bumn utang perintah purbaya yudhi sadewa kredit macet sistem perban dana tunai program kopdes merah putih komitmen bayar
149,finance,jakarta badan pusat statistik bps buka suara soal beda angka garis miskin indonesia rilis bank dunia rilis akhir bank dunia sebut banyak duduk indonesia ada bawah garis miskin angka sebut asal macro poverty outlook edisi april rupa proyeksi tahun guna garis miskin besar us per kapita per hari dasar purchasing power parity ppp angka sebut asal macro poverty outlook edisi april rupa proyeksi tahun guna garis miskin besar us per kapita per hari dasar purchasing power parity ppp scroll to continue with content bps catat persentase duduk miskin indonesia maret besar juta orang deputi bidang statistik sosial bps m nashrul wajdi sampai angka sampai bank dunia hitung dasar garis miskin nasional indonesia advertisement tegas dua angka sebut banding langsung susun standar miskin beda tuju butuh beda angka rupa kira duduk indonesia keluar ada bawah us per kapita per hari bank dunia garis miskin sebut hitung dasar standar tetap world bank bukan garis miskin nasional guna indonesia nilai tetap dasar standar miskin umum guna negara negara kelompok dapat tengah atas guna utama banding kondisi antarnegara ujar nashrul kutip rabu jelas bank dunia guna jumlah garis miskin internasional banding kondisi sejahtera antarnegara baru baru bank dunia guna garis us per kapita per hari ukur miskin ekstrem us negara dapat tengah bawah us negara dapat tengah atas upper middle income countries umic angka us sebut hitung guna kurs rupiah dolar as laku pasar guna ppp hitung beda daya beli antarnegara bps sebut angka miskin guna standar dolar as ppp susun dasar median garis miskin negara negara dapat tengah atas bukan dasar butuh dasar masyarakat indonesia spesifik terap standar global sebut jumlah duduk miskin indonesia lihat lebih tinggi bahkan kata bank dunia terang website resmi juni nyata garis miskin nasional statistik miskin terbit bps lebih tepat guna ambil putus bijak negeri indonesia lebih lanjut pihak ukur miskin indonesia dekat butuh dasar cost of basic needs cbn ukur sebut dasar keluar minimum penuh butuh dasar makan non makan komponen makan acu standar konsumsi minimal kilokalori per orang per hari dasar pola konsumsi rumah tangga indonesia komponen non makan cakup butuh tempat tinggal didik sehat pakai transportasi hitung garis miskin bps guna hasil data survei sosial ekonomi nasional susenas catat keluar pola konsumsi masyarakat susenas laku kali tahun garis miskin bps cermin butuh riil masyarakat indonesia maret bps catat persentase duduk miskin indonesia besar persen juta orang angka sebut hitung dasar garis miskin nasional timbang beda butuh masyarakat provinsi kabupaten kota masuk tingkat harga pola konsumsi rata rata jumlah anggota rumah tangga miskin rata rata nasional garis miskin rumah tangga catat rp per bulan hrp hns taut salin garis miskin bps bank dunia miskin indonesia statistik miskin purchasing power parity ukur miskin cost of basic needs data sosial ekonomi bijak publik
150,finance,jakarta mekanisme beli bbm subsidi tunjuk stnk kendara jadi sorot pt pertamina patra niaga tegas bijak bukan rupa bijak nasional mekanisme sebut rupa rencana awas sifat lokal wilayah sumatera selatan kini bijak batal pertamina patra niaga putus batal rencana implementasi mekanisme sebut vp corporate communication pertamina patra niaga kitty andhora sampai usaha sangat perhati respons masuk masyarakat atas informasi sebar wilayah sumatera selatan luas jadi bahas nasional timbul ketidaknyamanan masyarakat scroll to continue with content paham respons perhati masyarakat informasi edar minta pertamina patra niaga regional sumatera bagi selatan batal implementasi mekanisme sebut sampai mohon maaf atas ketidaknyamanan timbul akibat informasi kembang timbul kesalahpahaman dampak nasional ujar kitty terang jumat baca catat mulai september isi bbm wajib tunjuk stnk advertisement pertamina patra niaga pasti bijak kait salur bbm kait masyarakat koordinasi lebih regulator khusus bph migas perintah daerah mang penting kait pasti salur bbm subsidi tepat sasar pertamina patra niaga terus kuat awas bina lembaga salur panjang januari hingga september pertamina patra niaga laku bina lebih spbu seluruh wilayah operasional apabila bukti dapat langgar pertamina patra niaga beri sanksi sesuai tingkat langgar mulai ingat tulis skorsing hingga putus hubung usaha usaha terus koordinasi aparat tegak hukum dorong tindak penyalahgunaan bbm subsidi awas lapang pertamina patra niaga terus kuat awas lalu guna qr code subsidi tepat aplikasi mypertamina dukung salur bbm subsidi masyarakat hak ara taut salin pertamina bbm stnk sumatera selatan
151,finance,jakarta pt jasa marga persero tbk jsmr pasti tol probolinggo banyuwangi mulai operasi awal jasa marga tengah laku siap ruas paiton besuk bagi operasional tol sebut direktur kembang usaha jasa marga ari respati jelas ruas paiton besuk jalan uji laik fungsi operasi ulfo progress konstruksi ruas sebut capai seluruh seluruh ruas tol probolinggo banyuwangi target operasional kuartal i tahun depan progress konstruksi ruas gending kraksaan kraksaan paiton capai scroll to continue with content jalan tol probolinggo banyuwangi panjang km probolinggo situbondo barat selesai proses ulfo ruas paiton besuk bagi siap laksana operasional rencana awal ungkap ari acara public expose virtual rabu baca laba jasa marga tembus rp triliun semester i advertisement ari jelas proyek bangun tol tengah kerja persero ruas jakarta cikampek japek ii selatan tengah proses bangun jalur setu sadang proyek lanjut tol akses patimban masuk tahap bangun jalan tol panjang km bangun jalan skema dana viability gap funding vgf dukung layak finansial perintah persero target operasi tahun jelas tol jogja bawen masuk tahap selesai ruas yogyakarta banyurejo jasa marga laku proses profesional hand over pho akhir september seluruh kerja lapang selesai dapat ruas ss ambarawa junction bawen pasuk fase tahap uji layak fungsi operasi ruas target operasi akhir tahun akhir proyek tol jogja solo proyek sebut dapat ruas kartosuro prambanan operasi komersial tahap konstruksi tengah langsung ruas prambanan maguwoharjo trianggo junction sleman target operasi tahap pungkas lihat video ringsek innova zenix usai tabrak truk tol probolinggo gambas video detik ahi ara taut salin tol probolinggo banyuwangi jasa marga bangun infrastruktur
152,finance,jakarta ratus terbang indonesia batal sejak hari minggu kemarin imbas tutup beberapa bandara sebar abu vulkanik aktivitas erupsi gunung anak krakatau terbang baru laku selasa kemarin bandara buka buka bandara jadi bagi penting pulih terbang dampak abu vulkanik pesawat layan tumpang semua maskapai mulai siap kondisi teknis armada lalu periksa bersih awat sesuai tunjuk pabrikan proses laku maskapai pelat merah garuda indonesia armada garuda jalan tangan dasar kondisi hasil periksa masing masing direktur teknik garuda indonesia mukhtaris jelas butuh tangan beda pesawat scroll to continue with content periksa jadi dasar tentu tindak perlu masing masing pesawat pasti seluruh periksa awat syarat selesai sesuai pandu pabrikan pesawat nyata laik terbang layan tumpang ujar mukhtaris terang rabu baca menhub jamin maskapai refund tiket pesawat imbas abu vulkanik advertisement abu vulkanik perlu tangan khusus partikel tempel muka pesawat maupun masuk area komponen sistem tangan cakup bersih bagi lihat periksa area potensi dampak sesuai tunjuk pabrikan pesawat parkir perhati beri bagi atas badan pesawat sayap ekor horizontal tempat abu endap salur masuk udara bagi buka perangkat roda darat periksa apabila pesawat alami papar terbang periksa turut cakup kaca kokpit bagi depan sayap komponen mesin sesuai tentu pabrikan proses bersih tangan mulai periksa awal bagi luar pesawat mesin salur masuk udara sensor komponen potensi dampak hasil jadi acu teknisi tentu area perlu bersih maupun perlu periksa lebih lanjut area dampak kemudian bersih guna metode material sesuai tunjuk pabrikan pilih cara bersih jadi penting jaga kondisi komponen sekaligus cegah abu masuk lebih jauh sistem pesawat hasil periksa tunjuk perlu tangan tambah teknisi lanjut periksa awat sesuai tentu teknis tuju tindak laku ikut butuh pesawat dasar hasil periksa tahap ikut verifikasi kelaikudaraan pasti pesawat penuh syarat teknis operasi aman pesawat layan terbang seluruh kerja syarat selesai status kelaikudaraannya penuh tentu laku baca imbas ban pecah tumpang garuda rute makassar kendari delay jam upaya jaga kondisi pesawat laku sejak armada ada area potensi dampak koordinasi kelola bandara garuda indonesia laku tindak lindung lalu pasang tutup mesin salur masuk udara sensor komponen lain sesuai instruksi pabrikan langkah lindung periksa bersih awat sebut jadi bagi saling lengkap pasti kesiap armada sama proses garuda indonesia terus pantau informasi selamat terbang koordinasi otoritas terbang kelola bandara pihak kait dukung pulih operasional tahap selamat selalu jadi prioritas utama landas putus operasional paham sesuai terbang turut pengaruh rencana waktu harga tumpang percaya beri jadi tanggung jawab pasti kesiap pesawat layan jalan lanjut aman nyaman tutup mukhtaris lihat video imbas erupsi anak krakatau pesawat garuda darat kertajati gambas video detik halaman ara taut salin garuda indonesia abu vulkanik terbang selamat terbang
153,finance,jakarta pt elnusa petrofin epn anak usaha pt elnusa tbk idx elsa sama pertamina peduli salur bantu logistik warga dampak erupsi gunung sabung warga ungsi jambur ungsi desa sukatepu camat simpang empat kabupaten karo sumatera utara bantu beri liput masker medis bantu lindung warga papar abu vulkanik botol air mineral bungkus mi instan kaleng sarden kilogram beras botol susu steril adapun erupsi gunung sabung jadi awal september akibat gugur abu vulkanik jangkau jumlah wilayah sekitar kondisi sebut dorong ribu warga tinggal tempat tinggal waktu lindung lokasi ungsi jaga selamat scroll to continue with content respons kondisi tanggap darurat sebut elnusa petrofin lalu unit bisnis transportasi integrated terminal medan kolaborasi pertamina peduli salur bantu sesuai butuh masyarakat lama ada ungsi baca elnusa petrofin cepat distribusi bbm ntt advertisement manager corporate communication relations elnusa petrofin putiarsa bagus wibowo kata hadir usaha situasi bencana rupa bagi komitmen beri manfaat nyata masyarakat khusus wilayah operasional usaha kondisi darurat akibat erupsi masker jadi butuh penting bantu lindung masyarakat papar abu vulkanik sisi sedia pangan air minum perlu pasti butuh dasar warga lama ada ungsi tetap penuh ujar putiarsa terang tulis rabu putiarsa bantu sebut rupa wujud peduli sekaligus respons kolaboratif elnusa petrofin sama pertamina peduli butuh masyarakat dampak upaya hadir lalu bantu relevan langsung manfaat masyarakat harap dukung bantu kuat tahan logistik posko ringan beban ungsi dukung masyarakat lewat masa tanggap darurat hingga kondisi angsur pulih tambah baca produksi migas ri geber pakai teknologi canggih begini cara bantu serah langsung kepala desa sukatepu josua ginting lanjut kelola distribusi warga tetap jambur ungsi koordinasi sama perintah desa laku pasti bantu salur tepat sasar sesuai butuh masyarakat dampak josua ginting apresiasi peduli dukung beri elnusa petrofin sama pertamina peduli masyarakat desa sukatepu ucap terima kasih atas bantu beri warga ada jambur ungsi desa sukatepu bantu optimal kuat sedia butuh posko manfaat rasa seluruh warga harap dukung bantu ringan butuh masyarakat lama ada ungsi ujar josua lihat video nasib warga gunung sabung pasca erupsi gambas video detik anl ega taut salin elnusa petrofin bantu bencana erupsi gunung sabung peduli sosial
154,finance,jakarta badan gizi nasional bgn larang guna jumlah produk minuma susu menu program makan gizi gratis mbg produk larang cakup minum susu minum kandung susu minum rasa susu hingga susu kental manis putus hasil rapat koordinasi bgn sama jumlah menteri lembaga asosiasi selasa rapat sebut bahas manfaat susu hewani menu program mbg bgn tegas larang guna produk minum susu minum kandung susu minum rasa susu maupun susu kental manis menu mbg tulis terang akun instagram resmi bgn badangizinasional ri kutip rabu scroll to continue with content ganti bgn rekomendasi beri susu hewani terima manfaat liput ibu hamil ibu susu balita usia atas tahun seluruh serta didik adapun ken produk rekomendasi cakup susu pasteurisasi uht susu steril full cream plain produk boleh tambah gula awet asa warna advertisement kemudian produk susu guna hari memliki kandung susu segar minimal kantong izin edar resmi bpom ri khusus produk susu pasteurisasi tangan wajib guna sistem rantai dingin cold chain sarana produksi hingga tangan terima manfaat tulis terang bgn beri susu hewani bgn tetap harga satu rp volume minimal ml rp volume ml dapur laksana lalu putus manfaat susu hewani menu mbg harap penuh cukup konsumsi protein hewani terima manfaat dongkrak produktivitas sejahtera ternak lokal seluruh indonesia tutup terang bgn simak video ida bgn bijak susu formula massal mbg risiko gambas video detik hrp fdl taut salin larang produk susu badan gizi nasional makan gizi gratis susu hewani sehat gizi
155,finance,jakarta pt rukun raharja tbk raja rampung akuisisi milik saham pt layar nusantara gas pt lng lalu entitas anak saham milik usaha pt raharja gas kasur selesai transaksi tanda penandatanganan akta jual beli saham hadap notaris pt raharja gas kasur genting lng pte ltd genting lng september penuh seluruh syarat atur janji jual beli saham share sale and purchase agreement sspa ditandatangani dua belah pihak belum pt lng rupa kembang infrastruktur midstream downstream masuk fasilitas floating liquefied natural gas flng pertama indonesia sekaligus salah satu offtaker gas bumi produksi blok kasur papua barat dasar kontrak hasil kasur kasur psc transaksi rupa bagi strategi ekspansi usaha usaha sekaligus mitra strategis lebih luas genting had group kembang operasi infrastruktur flng selesai transaksi tanda tonggak penting mitra strategis bangun sama genting had group milik saham pt lng kuat posisi raja group panjang rantai nilai lng letak fondasi kolaborasi jangka panjang lebih luas dukung kembang ekosistem lng indonesia ujar direktur utama pt rukun raharja tbk djauhar maulid terang tulis rabu scroll to continue with content baca laba raja lesat jadi rp m lapang asap kido merah akm blok kasur oleh tuju perintah lalu rencana kembang lapang pertama plan of development pod i rencana kembang tuju sebut cakup pasok gas bumi besar mmscfd fasilitas flng kapasitas mtpa lama tahun alokasi mmscfd pasar domestik lalu milik saham pt lng raja oleh eksposur langsung segmen midstream likuefaksi gas lengkap portofolio persero bidang dagang gas transportasi infrastruktur energi investasi strategis luas hadir raja group lampau gas pipa tuju rantai nilai lng integrasi lebih luas keikutsertaan proyek flng pertama indonesia tempat persero segmen partisipasi usaha domestik batas sekaligus buka peluang kolaborasi lebih lanjut genting had group ekosistem lng indonesia alokasi gas proyek pasar domestik turut dukung agenda tahan energi nasional jalan strategi kembang usaha jangka panjang raja advertisement lihat video netflix tolak naik tawar paramount fix akuisisi warner bros gambas video detik ara ara taut salin rukun raharja akuisisi saham lng
156,finance,jakarta pabrik mobil raksasa jaguar land rover jlr nyata laku putus hubung kerja phk karyawan rencana mangkas laku tahap lama tahun depan bagi besar sasar karyawan kantor pusat inggris lansir bbc rabu putus phk massal ambil respons atas bagai hambat usaha kini sedang alami jlr mulai saing mobil listrik murah china hingga serang siber imbas bijak tarif presiden amerika serikat as donald trump usaha komitmen dukung semua orang penuh perhati adil rasa hormat lalu proses putus hubung kerja kata ceo jaguar land rover pb balaji scroll to continue with content industri otomotif hadap tantang signifikan ubah teknologi tengah saing ketat ketidakpastian geopolitik lanjut tambah usaha harap capai kurang sebut lalu program phk sukarela jangka waktu aju hingga oktober advertisement luar jlr laku phk wajib meski syarat kurang untung usaha karyawan kena mangkas kata terima email beberapa hari datang lalu phk massal usaha target hemat biaya miliar poundsterling rp triliun kurs rp pounds inggris tahun depan deret masalah jaguar land rover tahu produsen mobil asal inggris alami turun jual imbas kalah saing mobil china buah negara awal lihat jlr pasar tumbuh sumber saing masalah jangka panjang jaguar land rover makin parah usaha alami serang siber tahun lalu sempat sebab usaha kerja orang seluruh dunia henti lini produksi lama lebih bulan atur tarif laku presiden as donald trump rugi usaha banyak saing milik pabrik as lapor uang tahun hingga akhir maret jlr nyata tarif as serang siber rupa alas utama jual anjlok jadi miliar poundsterling rp triliun miliar poundsterling rp triliun tahun belum lihat video tanyadetikfinance sinyal apa balik phk besar besar tokopedia gambas video detik igo fdl taut salin phk jaguar land rover otomotif saing china
157,finance,jakarta inggris umum larang impor seluruh produk asal mukim ilegal israel tepi barat bijak jadi salah satu langkah paling tegas ambil inggris sejak aku daulat negara palestina tahun lalu kutip al jazeera menteri luar negeri inggris ed miliband tuduh israel laku bersih etnis warga palestina tegas perintah inggris pandang luas mukim israel tepi barat tindak langgar hukum miliband umum batas baru lebih ketat jual senjata israel israel umum empat balas masuk larang anggota parlemen inggris pasuk israel tutup konsulat inggris yerusalem scroll to continue with content baca ratus terbang inggris delay batal apa larang inggris dagang barang mukim ilegal israel laku tengah tingkat keras mukim israel komunitas palestina tepi barat luas mukim sebut picu debat eropa kena batas dagang wilayah sebut advertisement pidato miliband parlemen negara keluar nyata sama dukung solusi negara nyata timbang batas dagang mukim ilegal israel prancis inggris kanada denmark spanyol finlandia irlandia islandia norwegia polandia portugal swedia seru perintah israel henti luas mukim larang inggris dagang mukim ilegal israel cakup impor semua barang mukim ilegal israel tepi barat inggris jatuh sanksi semua organisasi bisnis individu sedia konstruksi infrastruktur biaya properti luas mukim kemudian larang total iklan jual properti mukim ilegal tepi barat inggris sanksi jatuh mukim ekstremis dukung hasut keras warga palestina semua izin ekspor baru senjata ekspor lain material kontribusi duduk tolak inggris tangguh lebih izin senjata guna tentara israel gaza baca tiru inggris china bursa mineral ri usul cuma satu inggris rupa salah satu mitra dagang penting israel nilai dagang dua negara capai miliar poundsterling rp triliun kurs rp meski sulit pasti nilai barang asal langsung mukim inggris kira impor barang nila juta poundsterling wilayah duduk sebut panjang jumlah produk banyak impor inggris israel batu logam mulia alat teknis medis plastik mesin produk tani buah buah balik inggris ekspor bagai produk israel masuk alat tahan drone helikopter komponen pesawat inggris sempat tangguh lisensi ekspor senjata tindak israel gaza kecuali beri komponen pesawat tempur f akses israel lalu mitra as mei inggris tangguh negosiasi modernisasi janji dagang cakup dagang digital bidang lain simak video prabowo ungkap praktik gelap ekspor impor ri puluh tahun gambas video detik ahi ara taut salin larang impor mukim ilegal israel palestina
158,finance,jakarta siapa sangka ide sederhana jadi tambang uang modal jasa garuk punggung orang pria china bagi selatan hasil bangun jaring bisnis cetak cuan hingga yuan rp juta kurs rp per yuan china bulan lansir scmp rabu usaha unik lopor zhang xiaoqiao tahun pertama kali buka bisnis garuk punggung sebut distrik bao shenzhen awal mei selang satu bulan buka gerai cabang distrik futian dasar zhang bukan orang baru jajak usaha usaha baru lulus universitas kurang kenal sempat coba tujuh kerja beda satu tahun scroll to continue with content injak usia tahun diri usaha sektor e commerce lintas batas meski dua sulit raih sukses hingga tahun lalu sempat kecimpung industri konten kreator gagal beri dampak signifikan tahun lalu sengaja temu buah klip tampil orang wanita sedang garuk punggung suami gatal sedang lihat lihat video pendek media sosial lihat banyak tonton komentar sedia bayar orang laku sama advertisement zhang ingat kenang masa kecil ayah sering garuk punggung bantu tidur nyenyak kemudian inspirasi buka jasa layan garuk punggung cuan besar jasa garuk punggung usung merek suma staf kerja zhang kena alat bantu bentuk kuku runcing rancang garuk tubuh langgan lembut baring tengkurap mirip suasana tempat pijat tarif yuan rp per jam layan tuju reda stres tingkat kualitas tidur sekal staf garuk area tubuh tentu asa gatal bantu langgan rileks bahkan pancing tawa kota kota besar orang orang umum alami tingkat stres tinggi akibat layan sangat mati ungkap zhang jenis layan china zhang laku riset kembang teknik garuk efektif mandiri nol usaha benar benar beri buah manis pasal dua gerai total hasil raup dapat kotor besar yuan rp juta bulan berkat diri capai titik break even point alias balik modal waktu singkat mulai cetak untung layan langgan pria maupun wanita langgan pria cakup ujar zhang beberapa langgan kata layan lebih tenang banding pijat umum milik basis langgan setia guna jasa sambung kini zhang rencana buka gerai seluruh negeri luar harap jasa garuk punggung aku profesi luas lihat video cuan ratus juta rupiah manis budidaya buah kelengkeng gambas video detik igo fdl taut salin jasa garuk punggung bisnis unik cuan usaha sukses
159,finance,jakarta peluang usaha mikro kecil tengah umkm koperasi libat ada barang jasa perintah makin lebar nilai ada perintah rata rata capai rp triliun tahun milik daya ungkit sangat besar ekonomi nasional umkm koperasi libat ada barang jasa perintah dapat layan jamin pt jamin kredit indonesia persero jamkrindo tanda penandatanganan nota paham mou jamkrindo lembaga bijak ada barang jasa perintah lkpp manfaat layan jamin direktur utama jamkrindo abdul bari kata kerja sama jadi langkah strategis kuat ekosistem ada barang jasa perintah lalu manfaat layan jamin jamkrindo sekaligus luas akses jamin laku usaha khusus umkm koperasi libat ada perintah scroll to continue with content ruang lingkup mou cakup tiga utama manfaat layan interkoneksi host to host jamkrindo dukung ada barang jasa perintah elektronik lalu aplikasi kelola lkpp manfaat layan jamin sosialisasi penyebarluasan informasi kait ada barang jasa perintah jamin lalu publikasi seminar latih maupun workshop sama kerja sama temu mandat besar lkpp bangun ekosistem ada efektif efisien transparan akuntabel jamkrindo hadir jamin tingkat aksesibilitas finansial kapasitas laku usaha sinergi dua mandat cipta multiplier effect ekonomi nasional ujar abdul bari terang tulis rabu advertisement baca jamkrindo cetak laba rp m naik abdul bari kata jamin peran instrumen percaya ada barang jasa perintah butuh pasti sedia penuh wajib sedia perlu instrumen penuh syarat sekaligus kelola risiko jalan atur lembaga bijak ada barang jasa perintah republik indonesia nomor tahun atur menteri uang nomor pmk atur guna surat jamin laksana giat ada barang jasa masuk terbit surat jamin usaha jamin konteks ada barang jasa perintah jamkrindo milik produk suretyship jadi salah satu instrumen strategis beri pasti atas penuh wajib kontraktual lalu layan jamkrindo dukung lancar proses ada sekaligus luas akses laku usaha partisipasi proyek perintah depan kerja sama terjemah langkah implementasi lebih konkret lalu janji kerja sama jamkrindo lkpp laku pantau evaluasi kala pasti laksana kerja sama jalan sesuai tuju jadi dasar sempurna program kerja sama lanjut harap kolaborasi nanti kembang lebih luas jadi hubung bilateral lkpp jamkrindo jadi buah ekosistem kolaborasi beri manfaat nyata kuat ekosistem ada perintah tumbuh ekonomi nasional pungkas abdul bari baca jamkrindo cetak laba rp t jangkau juta umkm kepala lkpp sarah sadiqa sampai nilai ada perintah rata rata capai rp triliun tahun ada milik daya ungkit sangat besar ekonomi nasional rupiah belanja perintah kelola akuntabel transparan tepat mampu hasil nilai baik masyarakat turut besar skala ada sebut tuntut bangun ekosistem ada makin kredibel inklusif efisien wujud perintah butuh kolaborasi kuat regulator legislatif laku usaha seluruh mang penting kata mitra lkpp jamkrindo milik arti strategis dukung transformasi digital ada barang jasa perintah lalu nota paham interkoneksi sistem host to host layan jamin harap jadi lebih mudah cepat transparan integrasi kuat percaya pasti kualitas tata kelola ada perintah lebih kolaborasi sebut harap buka ruang partisipasi lebih luas umkm beri rasa aman pasti usaha peluang kompetisi sehat ada perintah nota paham rupa langkah konkret kuat percaya beri pasti tingkat kualitas tata kelola ada perintah lebih kolaborasi buka ruang partisipasi luas luas umkm makin banyak umkm libat rantai pasok perintah makin besar dampak kuat kapasitas usaha luas akses biaya cipta lapang kerja perata tumbuh ekonomi ujar ketua komisi xi dpr ri mukhamad misbakhun apresiasi kolaborasi lkpp jamkrindo kuat ekosistem ada barang jasa perintah lalu layan jamin harap kolaborasi beri manfaat lebih luas laku usaha khusus umkm turut dorong tumbuh kuat ekonomi nasional kolaborasi lkpp jamkrindo rupa salah satu upaya konkret kuat daya tahan ekonomi nasional dorong umkm kembang usaha kecil jadi laku usaha lebih besar ujar ahi ara taut salin umkm ada perintah jamkrindo lkpp
160,finance,jakarta tahan pangan bicara kena berapa banyak hasil panen hasil tani balik produksi tani dapat rantai panjang tentu hasil panen salah satu sedia pupuk jangkau mudah akses konteks sebut industri pupuk milik posisi strategis dukung tahan pangan nasional pupuk jadi salah satu input penting bantu jaga produktivitas tanam sekaligus pasti tani penuh butuh produksi peran sebut jadi makin penting perintah tengah dorong swasembada pangan sedia pupuk kait butuh industri hubung langsung aktivitas tani lapang scroll to continue with content pt pupuk indonesia persero jadi salah satu usaha milik peran penting rantai sebut jaga kapasitas produksi usaha laku transformasi pasti pupuk sedia lebih mudah akses tani pabrik hingga lahan tani advertisement pupuk produksi pabrik akhir lahan tani hasil industri pupuk ukur kapasitas produksi mampu jaga lancar distribusi pupuk indonesia catat panjang salur ton pupuk subsidi jumlah sebut tingkat banding tahun belum tingkat salur sebut dukung implementasi sistem i pubers cepat mudah proses tebus pupuk subsidi terap atur presiden nomor tahun turut sederhana tata kelola salur pupuk subsidi proses distribusi harap jadi lebih cepat mudah tepat sasar hingga september pupuk indonesia salur pupuk subsidi banyak juta ton alokasi juta ton tetap perintah angka sebut gambar besar skala distribusi pupuk kelola butuh tani penuh harga pupuk turun akses tani kuat pasti sedia harga jadi faktor penting tani biaya pupuk rupa salah satu komponen biaya produksi tani ubah harga pengaruh mampu tani kelola lahan presiden ri prabowo subianto kata perintah hasil turun harga pupuk hingga turut kondisi sebut rupa pertama kali jadi sejarah pertama kali harga pupuk turun rakyat kata prabowo pidato sidang tahun mpr sidang sama dpr dpd ri jumat prabowo turun harga sebut ikut tingkat volume sedia pupuk masyarakat sama harga turun volume sedia tambah rakyat rakyat sekarang mudah dapat pupuk produksi tingkat ujar harga lebih jangkau akses makin mudah pupuk harap bantu tani jaga produktivitas tanam dampak henti tingkat tani produktivitas tingkat pasok hasil tani potensi tingkat kuat sedia pangan negeri kapasitas produksi jadi sangga pasti butuh pupuk domestik tetap penuh kapasitas produksi jadi salah satu faktor penting pupuk indonesia milik kapasitas produksi nasional juta ton per tahun kapasitas sebut beri ruang usaha penuh butuh pupuk negeri sekaligus respons peluang pasar global ganggu pasok tani indonesia kapasitas produksi sebut perlu topang fasilitas produktif pupuk indonesia siap program remaja revitalisasi tujuh pabrik lima tahun depan kuat kerja uang capai usaha turut beri ruang tingkat investasi program revitalisasi sebut lalu modernisasi fasilitas produksi pupuk indonesia tingkat kapasitas sekaligus efisiensi produksi aset milik beri nilai tambah lebih optimal fasilitas lebih produktif efisien mampu usaha jaga lanjut pasok pupuk harap makin kuat sekaligus dukung sedia pupuk tetap jangkau tani kerja usaha tahan pangan tengah peran jaga pasok pupuk pupuk indonesia catat kerja uang positif panjang januari juni usaha buku laba bersih rp triliun tumbuh banding periode sama tahun belum dapat usaha capai rp triliun tumbuh ebitda tingkat jadi rp triliun kerja sebut dorong tingkat volume produksi efisiensi biaya operasional direktur utama pupuk indonesia rahmad pribadi kata transformasi laku usaha tuju kuat kerja bisnis turut fondasi uang makin kuat beri ruang usaha beri kontribusi lebih besar tahan pangan nasional berkat dukung perintah lalu danantara transformasi bisnis seluruh mulai buah hasil upa capai kerja uang bangga fondasi uang makin kuat optimistis tumbuh lanjut bukan kerja usaha kontribusi lebih besar tahan pangan nasional ujar rahmad arti kerja uang peran strategis usaha ekosistem pangan milik kait usaha sehat finansial milik kapasitas lebih besar jaga operasional laku investasi pasti langsung pasok efisiensi jaga harga pasok tarik tumbuh laba pupuk indonesia jadi perintah turun harga pupuk kondisi sebut lepas strategi usaha tingkat efisiensi pupuk indonesia terap operational excellence cost leadership disiplin jaga daya saing usaha laku diversifikasi sumber dapat kuat segmen non subsidi produk non pupuk sisi bahan baku pupuk indonesia luas sumber pasok skema kontrak redam dampak volatilitas harga komoditas global struktur biaya langkah sebut penting mampu sedia pupuk harga jangkau butuh struktur biaya sehat rahmad kata seluruh transformasi sebut akhir arah penting tani jalan agenda transformasi bumn dorong danantara semua ubah struktural muara satu pupuk jangkau lebih cepat tani cost lebih sehat negara jaga tahan pangan ungkap rahmad pupuk tuju panen rantai hubung pupuk tahan pangan akhir lihat jalan sederhana pupuk produksi distribusi guna tani kemudian dukung proses budidaya hingga hasil panen pasti pupuk sedia bukan sekadar soal industri dalam dapat penting tani produksi pangan tahan pangan nasional transformasi pupuk indonesia arah pasti rantai sebut makin kuat mulai efisiensi produksi optimalisasi aset digitalisasi distribusi hingga diversifikasi bisnis akhir hasil industri pupuk lihat besar produksi laba usaha ukur kalah penting berapa jauh pupuk sedia harga jangkau tani tepat waktu jalan tuju tahan pangan henti pabrik pupuk jalan sebut lanjut hingga lahan tani akhir satu tuju sama panen cukup penuh butuh masyarakat indonesia lihat video program pupuk indonesia bawa pulau lembata mandiri pangan gambas video detik perintah bi luncur gpips tahan pangan nasional perintah bi luncur gpips tahan pangan nasional anl ega taut salin pupuk indonesia danantara tahan pangan distribusi pupuk swasembada pangan tani lanjut
161,finance,jakarta presiden prabowo subianto minta semua pihak beri perhati khusus bakar hutan lahan karhutla ibu kota nusantara ikn kalimantan timur otorita ikn buka suara soal seru prabowo otorita pasti tangan karhutla km jadi jumlah titik delineasi ikn terus laku staf khusus kepala otorita ikn bidang manajemen bijak strategi konstruksi dan h sumadilaga pasti titik api ada cukup jauh kawasan inti pusat perintah kipp titik bakar dekat jarak kilometer kipp tangan terus kuat lalu madam darat udara scroll to continue with content jarak titik paling dekat kawasan inti pusat perintah ikn kilometer memang masuk delineasi ikn jarak cukup jauh kawasan inti ujar dan terang rabu baca prabowo bakar dekat ikn perhati advertisement dan tangan terus laku langkah cegah titik titik bakar kembang luas wilayah jadi apa laku betul betul rupa tindak preventif jangan bakar sebut kembang jadi lebih jauh ujar dan dan jelas angka hektare ha sebut area dampak arti seluruh luas sebut bakar area sebut dapat jumlah titik alami bakar hektare area dampak area sebut titik titik bakar jadi seluruh bakar bakar benar kurang rupa titik titik api jelas dan dasar hasil tangan lama beberapa hari akhir titik titik api jumlah lokasi sebut jauh kurang lokasi jadi perhati utama ada bukit tengkorak wilayah wonotirto otorita ikn buka suara soal karhutla jarak dekat kawasan inti km foto dok otorita ikn selasa pagi tim temu titik api tol balikpapan samarinda km titik sebut segera tangan tim gabung diri atas otorita ikn tni polri jasa marga tangan udara laku lalu water bombing tni au upaya tangan karhutla ikn laku padu lalu madam darat udara sisi darat otorita ikn kerja sama tni polri babinsa masyarakat jumlah pihak lain tangan titik titik jangkau lalu jalur darat water bombing guna jangkau area sulit akses tim darat upaya sebut laku dukung bnpb tni bmkg kawasan bukit tengkorak jumlah titik bukit merdeka utama area area capai lalu jalur darat misal daerah bukit tengkorak beberapa area capai water bombing kemudian beberapa titik bukit merdeka laku water bombing ujar dan baca otorita ikn sanksi usaha kebun sebab karhutla wajib pulih lahan meski titik api jauh kurang otorita ikn tetap tingkat waspada lanjut patroli pantau lapang tim darat sama tni polri pasti muncul titik api baru segera laku tangan apabila temu pantau udara tetap siaga pantau kembang kondisi lapang pasti bakar luas langkah sebut rupa bagi upaya oikn menindaklanjuti arah presiden tangan karhutla laku cepat tangan lapang otorita ikn terus kuat upaya cegah lalu edukasi masyarakat kena buka lahan bakar upaya sebut tuang atur kepala otorita ikn kena buka lahan bakar belum presiden prabowo subianto minta semua pihak beri perhati lebih bakar hutan lahan karhutla jadi dekat ibu kota nusantara ikn kalimantan timur beri instruksi bakar kawasan inti pusat perintah kipp ikn orang nomor satu indonesia arah kerah aset aset segera laku perhati bakar dekat ikn perhati kerah aset aset lebih jangan bakar zona inti beber prabowo ratas kembang tangan bencana virtual senin simak video puan soal lahan bekas karhutla jadi kebun sawit segera tindak gambas video detik ara taut salin karhutla ikn prabowo subianto kipp
162,finance,jakarta mata uang dolar amerika serikat as lemah rupiah dagang pagi rabu mata uang paman sam buka level rp dasar data bloomberg dolar as lemah rp pagi dagang belum kamis dolar as tutup rp panjang dolar as kuat rupiah kemudian hari mata uang paman sam kira gerak rentang rp scroll to continue with content baca dolar as hari kuat rp dolar as gerak variatif jumlah mata uang negara besar mata uang eur mata uang dolar as kuat advertisement lemah jadi mata uang gbp dolar as kuat dolar as kuat mata uang aud besar lanjut dolar as lemah mata uang chf jpy turun lemah jadi mata uang cad dolar as kurang lihat video bi soal dolar as tembus rp beda gambas video detik ahi ara taut salin rupiah dolar as nilai tukar
163,finance,jakarta indeks harga saham gabung ihsg buka arah pagi sempat kuat buka ihsg justru ujung lemah zona merah dasar data dagang rti rabu ihsg buka level pukul wib kemudian sempat kuat zona hijau hingga level tinggi sayang ihsg langsung anjlok cukup zona merah telah per pukul wib ihsg lemah turun poin paling ihsg parkir level scroll to continue with content baca rekomendasi saham lirik ihsg kuat banyak saham kuat saham lemah saham stagnan volume dagang capai miliar saham putar uang capai rp miliar frekuensi dagang catat kali advertisement ihsg lemah banding posisi awal tahun nilai lemah banding posisi enam bulan lalu tahun ihsg lemah lihat video tanyadetikfinance apa benar pidato prabowo bikin ihsg naik turun gambas video detik ara taut salin indeks harga saham gabung ihsg
164,finance,jakarta perum bulog terus kuat sedia beras premium pasar konsumen gelontor beras premium lalu jaring ritel modern salur arah pasti masyarakat bagai kota besar wilayah kota oleh beras premium mudah distribusi beras premium bulog jangkau kota kota besar jakarta makassar surabaya sidoarjo bojonegoro semarang klaten solo salatiga bandung karawang subang kupang lanjut bulog terus luas pasok beras premium bagai kota seluruh indonesia scroll to continue with content kuat pasok lalu ritel modern jadi bagi strategi bulog luas akses masyarakat produk beras premium bulog sekaligus pasti sedia beras bagai kanal distribusi utama wilayah tingkat butuh konsumsi tinggi baca bantu beras lanjut hingga desember bulog jamin pasok cukup advertisement dasar data alokasi salur bulog siap pasok beras premium hingga ribu ton per bulan jumlah jaring ritel modern alokasi sebut lalu pt indomarco prismatama pt megah daya pt inti cakrawala citr pt sumber aleria trijaya pt lion super indo pt swalayan sukses abadi pt matahari putra prima pt tip top supermarket pt midi utama indonesia pt hero retail nusantara direktur utama perum bulog letnan jenderal tni purn dr ahmad rizal ramdhani kata salur beras premium bulog lalu jaring ritel modern rupa upaya bulog makin dekat produk pangan masyarakat pasti masyarakat khusus wilayah kota milik akses mudah beras premium bulog terus kuat distribusi lalu jaring ritel modern sebar bagai kota ujar ahmad terang tulis rabu ahmad luas distribusi sebut tunjuk kesiap bulog respons butuh konsumen makin agam baca beras bulog turun mutu ribu ton bakal lelang rp ribu kg ritel modern jadi salah satu kanal penting pasti produk beras premium bulog sedia lebih dekat masyarakat beras premium bulog hadir jawab butuh masyarakat pasok terus kuat distribusi makin luas harap masyarakat oleh beras premium mudah kata ahmad luas akses konsumen kuat pasok beras lalu ritel modern jadi bagi upaya bulog jaga imbang pasok pasar bulog terus monitor kembang stok distribusi butuh bagai wilayah sedia beras tetap jaga bulog terus pasti beras sedia bagai kanal dagang hadir ritel modern rupa bagi komitmen beri pilih akses pangan makin luas masyarakat pungkas lihat video ekspor ton beras bulog jemaah haji ancam batal gambas video detik anl ega taut salin bulog beras premium distribusi pangan sedia beras akses pangan
165,finance,jakarta harga cabai rawit merah tembus rp per kilogram naik persen banding hari belum
166,finance,daftar isi market overview berita emiten medela potentia mdla trimitra trans persada blog j resources asia pasifik psab rekomendasi saham hari jakarta market overview indeks harga saham gabung ihsg kuat dagang selasa ihsg naik akhir level kuat ihsg turut topang jumlah saham gerak naik ammn catat kuat smma naik mdka lesat balik beli turun bbni lemah bren koreksi aktivitas investor transaksi asing pasar reguler catat net buy besar rp miliar hitung seluruh pasar investor asing buku net buy rp miliar scroll to continue with content gera positif lihat mayoritas sektor saham banyak sektor akhir zona hijau sektor basic materials catat naik sektor healthcare jadi sektor alami turun besar bursa saham amerika serikat as gerak lemah dagang akhir dow jones turun s p turun nasdaq lemah level advertisement harga tembaga cetak rekor turut jadi perhati pasar beri sentimen positif saham kait komoditas sebut masuk ammn mdka dua saham masing masing beri pengaruh gera ihsg besar pasar offshore etf eido kuat indeks msci indonesia naik baca ihsg tutup kuat berita emiten medela potentia mdla mdla buku jual rp triliun panjang semester i angka sebut tingkat banding jual periode sama tahun belum besar rp triliun laba bersih persero tambah tahun jadi rp miliar rp miliar semester i tumbuh sebut turut serta naik laba kotor mdla catat gross profit besar rp miliar h naik yoy rp miliar kerja topang tingkat volume distribusi tambah lima prinsipal baru kembang produk merek sendiri own brand manfaat kanal digital sisi bisnis alat sehat jual produk stardec tumbuh yoy mdla lanjut kembang infrastruktur distribusi bangun gudang aam medan capai progres target mulai operasi kuartal iv persero siap bangun national distribution center ndc fasilitas sebut guna dukung butuh cold storage rencana bangun atas lahan luas hektare kawasan industri jababeka trimitra trans persada blog blog catat dapat rp miliar semester i dapat sebut naik rp miliar periode sama tahun lalu laba bersih blog tingkat jadi rp miliar banding rp miliar h tahun manajemen target tumbuh laba lebih target sebut dukung ekspansi bisnis kontrak langgan jangka panjang kontrak jangka panjang sebut harap bantu persero hadap dampak naik biaya bahan bakar minyak bbm blog siap anggar belanja modal capital expenditure capex rp miliar hingga semester i realisasi capex ada kisar rp miliar kira tambah rp miliar semester ii dana capex guna bangun gudang tambah armada hingga unit kembang sistem teknologi informasi persero integrasi jumlah sistem masuk transportation management system tms warehouse management system wms ios j resources asia pasifik psab psab tetap bagi dividen tunai interim besar rp per saham periode akhir juni total dividen siap capai rp miliar dividen sebut bagi pegang miliar saham persero edar putus bagi dividen sebut laku psab buku laba bersih besar us juta semester i angka tingkat yoy banding periode sama tahun belum naik laba sebut turut pengaruh untung aksi divestasi proyek tambang emas doup anak usaha united tractors untr transaksi sebut hasil untung besar us juta laba bersih h sebut dividen interim rp per saham cermin dividend payout ratio besar saham psab dagang selasa tutup level rp per saham dasar harga sebut dividen interim rp per saham tara dividend yield besar investor oleh hak atas dividen sebut perlu perhati jadwal cum date pasar reguler negosiasi cum date tetap september adapun bayar dividen jadwal september baca ihsg gerak kuat asing borong saham bbca bbri rekomendasi saham hari mbma buy tp sl gambas produk investasi by investasi tlkm buy tp sl gambas produk investasi by investasi enrg buy tp sl gambas produk investasi by investasi jarr buy tp sl gambas produk investasi by investasi untr buy tp sl gambas produk investasi by investasi disclaimer ingat segala analisis rekomendasi saham artikel sifat informatif sekaligus bukan rupa aja beli jual saham tentu ang ang taut salin saham ihsg rekomendasi saham investasi
167,finance,jakarta salur lpg kg alias gas melon terus tingkat waktu dekat perintah benah data warga hak akses lpg subsidi
168,finance,jakarta ketua dewan wakil rakyat dpr puan maharani minta kabar lahan bekas bakar hutan lahan karhutla ubah jadi kebun sawit waktu singkat segera selidik puan peristiwa sebut jadi kait karhutla kemudian ubah alih fungsi minta pihak kait selidik jadi segera selidik ujar puan gedung dpr ri jakarta pusat selasa indonesia memang masuk jalur cincin api pasifik ring of fire tahun tahun sebut perintah laku bagai mitigasi antisipasi sebut scroll to continue with content baca puan sorot lahan bekas karhutla jadi kebun sawit segera selidik tangan bencana puan tekan laku padu libat koordinasi lintas menteri lembaga karena harap perintah kl laku mitigasi depan laku sama sama biasa koordinasi menko kemudian laku sama sama semua menteri lembaga beber advertisement fokus tangan bencana jadi puan tekan penting antisipasi dampak jangka panjang pascabencana masuk masalah sosial sehat ispa hingga didik anak anak ganggu sekarang masalah ispa kemudian kondisi anak anak didik ganggu segera atas bagaimana depan segera solusi imbuh belum menteri hutan menhut raja juli antoni buka suara soal duga lokasi bekas bakar hutan lahan karhutla tanam sawit raja giat bakar hutan giat ilegal ingat tindak macam milik konsekuensi hukum tegas nama kan bakar hutan lahan kalau bakar hutan kalau bakar hutan pasti tanam sawit ilegal ujar raja kompleks dpr jakarta selasa menteri hutan koordinasi menteri agraria tata ruang badan tanah nasional atr bpn menteri tani cegah lokasi bekas bakar guna diri usaha masuk tanam sawit apabila bakar jadi area guna apl pihak koordinasi menteri atr bpn nusron wahid lahan sebut dapat hak usaha hgu acd acd taut salin karhutla lahan bekas bakar puan maharani kebun sawit sehat lingkung mitigasi bencana
169,finance,jakarta data tunggal sosial ekonomi nasional dtsen jadi terobos konsolidasi ambil bijak bas data indonesia dtsen social registry pertama indonesia jadi basis data utama salur bagai program perintah kepala badan pusat statistik bps amalia adininggar widyasanti nyata dtsen perlu paham social registry bukan beneficiary registry daftar terima bantu arti ada orang dtsen otomatis jadi terima bantu program perintah tentu daftar bantu atau beneficiary registry daftar bantu terima program tentu masing masing menteri kait sesuai bijak masing masing ungkap amalia terang rabu scroll to continue with content baca warga tak bansos beras gegara desil bos bulog bilang begini amalia contoh tentu terima manfaat program sekolah rakyat kelompok jadi sasar ada desil social registry semua masyarakat dua desil sebut otomatis terima bantu dapat kriteria tambah tetap menteri kait beneficiary registry advertisement pihak beri amanah kelola dtsen menteri lembaga perintah daerah bantu mutakhir verifikasi validasi data data belum sebar konsolidasi baik kini himpun tunggal integrasi bps sesuai amanah inpres nomor tahun dtsen lanjut menteri lembaga manfaat dtsen sesuai butuh program masing masing masuk salah satu dasar tentu sasar program bantu intervensi dtsen isi registrasi atau database rupa kumpul semua daftar duduk indonesia milik nik kk jadi satu satu data tunggal jelas amalia mutakhir data amalia tegas dtsen rupa data sifat dinamis kondisi sosial ekonomi masyarakat ubah data perlu baru kala makin cermin kondisi masyarakat benar warga masyarakat punya hak suara ikan jalur laku koreksi mudah jelas transparan dtsen bukan milik perintah dtsen rupa milik semua milik indonesia jaga sama sama jelas amalia amalia libat masyarakat mutakhir data jadi bagi penting jaga akurasi dtsen data terus baru baik perintah lebih mudah temu masyarakat butuh pasti jangkau program sesuai balik data nama keluarga terus juang jangkau dtsen ungkap amalia lanjut satu per satu keluarga tadi data jadi data tadi lihat perintah jadi lihat kemudian perintah ulur bantu lebih tepat baik mutakhir dtsen rupa proses laku lanjut perintah terus laku perapihan data masyarakat turut pasti informasi kena kondisi sosial ekonomi keluarga sesuai ada benar apabila masyarakat temu informasi kena diri keluarga sesuai kondisi benar baru sampai lalu mekanisme usul sanggah kanal resmi sedia cek bansos cekbansos kemensos go id aplikasi siks ng lalu operator desa lurah cek dtsen dtsen form bps go id baca ungkap biang kerok desil tak sesuai kondisi warga ri juta orang bansos sisi menteri sosial saifullah yusuf sampai hasil manfaat dtsen tunjuk data lebih padu bantu temu masyarakat belum terima program dtsen bentuk guna banyak kpm belum pernah terima bantu kini jadi terima bantu baik pkh program keluarga harap red bantu pangan non tunai maupun terima bantu iur hidup hasil bantu perintah hadir temu lalu dtsen ungkap saifullah tegas dtsen memang sempurna dapat error terus baik sama ajak masyarakat turut peran baik mutakhir data kalau sekarang data error bukan arti orang segera putus bantu sosial orang mungkin ada desil padahal belum desil dapat bansos perlu pasti koreksi dalam telusur laku verifikasi validasi tegas saifullah halaman ara taut salin dtsen badan pusat statistik bantu sosial social registry mutakhir data
170,finance,jakarta badan pulih aset bpa jaksa agung ungkap jumlah kendala hambat proses pulih aset negara salah satu beda persepsi kait tetap status barang temu buat proses eksekusi aset jadi lambat kepala bpa patris yusrian jaya kata beda sebut temu pihak adil soal muncul bpa hendak dapat tetap status atas barang temu aset sebut eksekusi kendala hadap badan pulih aset pertama kena status barang temu lapang beda persepsi teman teman adil tetap status barang temu eksekusi lambat bahkan selesai sama sekali kata patris rapat sama komisi iii dpr ri kompleks parlemen selasa scroll to continue with content baca soal usul nunggak pajak jadi landas ampas aset purbaya bilang gin ungkap aset rampas negara masuk proses lelang catat laku tak kunjung dapat tawar patris sebut tinggi nilai limit jadi salah satu sebab aset sebut sulit jual harga aset rampas lama nilai dasar harga pasar barang umum serta lelang cenderung buru aset rampas harap dapat bawah harga pasar advertisement tentu limit kadang kadang terlalu tinggi barang barang rampas nilai barang barang umum nilai pasar beli harap lelang salah satu harga lebih murah akibat waktu lelang sekian persen rata rata barang lelang tawar ungkap patris tambah atur menteri uang atur nilai ulang barang sebut baru laku tiga bulan kemudian lama tunggu proses nilai ulang negara tanggung biaya kelola pelihara barang rampas bahkan harga limit turun lelang ikut jamin barang sebut jual kondisi sebut akhir sebab tumpu aset rampas selesai lalu mekanisme lelang bpa hadap kendala lelang kendara motor asal sita eksekusi salah satu kait terbit surat baru kendara barang sebut jual polisi syarat putus adil terbit surat kendara baru putus adil milik jumlah perkara atur wajib pidana bayar uang ganti umum putus adil pegang umum beri wajib pidana bayar uang ganti selesai wajib laku sita sita laku kendara motor sini alami sulit ada sinkron atur polisi uang jaksa tutup meski bpa catat hasil setor rp triliun kas negara tiga tahun akhir dana sebut asal hasil selesai aset masuk lelang aset rampas negara kurun waktu sebut bpa selesai banyak aset selesai laku lalu jumlah mekanisme mulai lelang musnah hingga serah aset pihak hak kasus investasi bodong adapun capai kerja badan pulih aset tiga tahun akhir semenjak bpa bentuk hasil selesai bentuk laku lelang setor kas negara musnah kemudian lelang serah pihak hak kasus investasi bodong banyak aset sebut patris ily acd taut salin pulih aset badan pulih aset eksekusi aset lelang aset
171,finance,jakarta bisnis bbm nonsubsidi jenis pertamax pertashop sedang puruk tak tutup mungkin bisnis tutup ketua umum dewan pimpin pusat himpun pertashop merah putih indonesia hpmpi steven kata kondisi sebut jadi ada naik harga bbm nonsubsidi akibat konsumen alih bbm subsidi ketua umum dewan pimpin pusat hpmpi steven kata ada ubah harga bbm nonsubsidi jual salah satu pertashop capai liter per hari volume sebut kini anjlok jadi liter per hari jadi turun scroll to continue with content jadi disparitas tekan layak usaha selisih harga kemudian minta mulai geser produk nonsubsidi jadi produk subsidi volume jual turun biaya per liter naik outlet ancam tutup ujar steven rapat audiensi komisi xii dpr gedung dpr jakarta selasa steven sorot marak jual bbm subsidi laku dagang ecer harga murah banding harga jual pertamax advertisement minta dpr beri masuk perintah tertib jual bbm ecer kemudian manfaat jaring pertashop sebar bagai daerah jual bbm subisidi tertib ecer jaring pimpin seluruh wilayah pelosok indonesia manfaat hadir tentu bawa positif daerah mana ada harap jadi timbang pimpin ujar hpmpi keluh ada soal izin nilai makin kompleks hambat langsung usaha pertashop kata atur baru pertashop belum masuk kategori tengah rendah jadi tengah tinggi ubah sebut dampak tambah syarat penuh usaha pertashop steven banding proses izin kondisi turut bentuk usaha sama milik syarat izin relatif seragam tahun ubah mana skala usaha mula tengah rendah jadi tengah tinggi akibat banyak tambah beda syarat izin urus kendala pimpin terang steven hrp hns taut salin pertashop bisnis bbm harga bbm bbm nonsubsidi jual bbm himpun pertashop merah putih indonesia
172,finance,jakarta menteri uang purbaya yudhi sadewa aku sempat cap sombong upaya bangun percaya pasar kondisi makroekonomi indonesia mulai jabat menkeu indonesia baru hadap gelombang demonstrasi besar besar tengah kondisi sebut purbaya dapat tugas pulih percaya publik pertama kan waktu jadi menteri kan baru hadap demo besar mesti kembali confidence masyarakat cepat cepat cara bagaimana terap apa tahu sebut pernah ajar macroeconomics of self fulfilling prophecies jadi bentuk ekspektasi ekspektasi biasa ekonomi jalan arah sana ungkap purbaya kawasan sunter jakarta barat selasa scroll to continue with content praktik teori sebut mudah terap purbaya aku paksa lebih banyak bicara meski sikap sebut justru nilai bagi pihak bentuk sombong waktu dekat kan susah paksa omong gede bilang orang sombong purbaya sombong banget bukan sombong desain bentuk ekspektasi depan arah positif tutur mantan kepala lembaga jamin simpan advertisement pasar milik ekspektasi positif ekonomi nasional peluang gerak lebih baik masyarakat investor jadi lebih percaya diri aktivitas ambil putus ekonomi purbaya kata jumlah bijak tempuh bangun percaya pasar salah satu pindah saldo anggar lebih sal bank pelat merah september tahun lalu pasar uang indonesia hadap tantang ada umum msci fitch ratings moody s investor takut investasi masyarakat takut belanja usaha takut ekspansi pikir ekonomi baik depan kalau semua pikir ekonomi resesi ekonomi betul betul resesi investor takut ekspansi masyarakat takut belanja terang hns hns taut salin purbaya yudhi sadewa menteri uang percaya pasar makroekonomi indonesia
173,finance,daftar isi ikut fakta utang kereta cepat ungkap purbaya cicil utang jangka waktu lunas lembaga bayar utang mampu bayar utang jakarta menteri uang purbaya yudhi sadewa ungkap fakta baru proses selesai utang proyek kereta cepat jakarta bandung whoosh selesai utang alih badan kelola investasi bpi daya anagata nusantara danantara menteri uang kemenkeu september ikut fakta utang kereta cepat ungkap purbaya cicil utang menteri uang kemenkeu bayar utang proyek sebut tahap rp triliun per tahun besar cicil sebut putus dasar hasil restrukturisasi jangka waktu lunas jangka waktu lunas utang capai tahun purbaya nilai besar wajib tenor cicil sanggup perintah scroll to continue with content arti kan total utang besar stretch tahun restrukturisasi cicil rp triliun sedikit bawah rp triliun tahun tahun tinggi rendah kalau lihat lah tenor cicil tahun dengar kemarin makanya hebat tuh iya mati santai ujar purbaya kawasan sunter jakarta utara selasa baca danantara serah utang kereta cepat kemenkeu tengah bulan advertisement lembaga bayar utang purbaya kata utang bayar special mission vehicle smv bawah menteri uang indonesia investment authority ina mungkin mungkin pakai smv ina jelas purbaya wajib utang besar tangan satu entitas smv bawah menteri uang pasti butuh anggar bayar wajib sebut sedia jadi gin cuma lihat beban tahun apa sih lihat tahun lihat kalau gin cukup lah tangan satu smv satu usaha smv bawah departemen uang uang cukup lebih terang purbaya mampu bayar utang purbaya pasti smv nanti tangan wajib sebut perlu cari investor baru dapat dana turut smv kemenkeu milik mampu uang bayar utang sebut purbaya mampu uang sebut cukup tangan wajib utang hitung lebih lanjut laku skema sebut tetap uang kan kalau smv let s say satu usaha smv aja untung berapa sekarang rp triliun rp triliun tahun tambah operasional sendiri mungkin rp miliar untung jelas purbaya kompleks istana presiden jakarta pusat senin hns hns taut salin utang proyek kereta cepat jakarta bandung menteri uang purbaya yudhi sadewa utang kereta cepat
174,finance,jakarta buat kamu baru masuk kerja jadi staf administrasi uang usaha jasa urus catat transaksi sering kali jadi tantang besar bulan bulan pertama hafal alur buku tambah ajar software baru lapor uang gampang telat beranta kondisi coba jawab lewat accurate for service company latih akuntansi jasa bas accurate batch latih praktikal piranha smart center lewat education visionary lab evl tayang detikevent skill accurate jadi nilai tambah usaha jasa usaha jasa mulai konsultan agency klinik cantik butuh lapor uang rapi buat ambil putus bisnis staf paham cara kerja software akuntansi accurate biasa lebih percaya pegang tanggung jawab lebih besar kerja minim revisi gampang cek atas scroll to continue with content apa ajar lama hari latih langsung rabu september jumat september pukul wib online lewat live training interaktif materi cakup catat transaksi jual jasa kelola kas bank susun lapor uang usaha jasa nol bukan cuma teori serta praktik langsung pakai studi kasus usaha jasa relevan sama kerja hari hari siapa latih cocok buat laku usaha jasa staf administrasi uang mahasiswa fresh graduate akuntansi mau punya bekal skill accurate masuk dunia kerja advertisement kalau kamu mau lapor uang usaha jasa lebih tertib siap pakai daftar latih accurate sekarang detikevent kelas penuh hns hns taut salin akuntansi jasa latih accurate staf administrasi lapor uang software akuntansi didik akuntansi fresh graduate laku usaha jasa catat transaksi
175,finance,jakarta kai properti laku pelihara listrik alir atas laa wilayah daerah operasi jakarta panjang kilometer pelihara cakup resor wilayah jabodetabek libat kerja manager corporate communication kai properti bramantya candrika kata pelihara rutin laku pasti jaring laa tetap kondisi baik siap dukung operasional kereta rel listrik krl jabodetabek operasional kereta api dukung bagai infrastruktur jaga kondisi lanjut pelihara laa laku rutin bagi upaya pasti sistem elektrifikasi tetap fungsi baik dukung butuh jalan kereta api hari ujar bram terang tulis selasa scroll to continue with content pelihara liput periksa jaring baik komponen ada material perlu kerja laku rutin panjang tahun sesuai jadwal operasional krl pelihara cakup resor rangkasbitung parung panjang serpong tanah abang duri jakarta kota pasar senen bandara soekarno hatta basoetta manggarai jatinegara cikarang pasar minggu depok bogor nambo advertisement kai properti laksana ganti isolator engineering procurement and construction epc jumlah petak jalur krl jabodetabek hingga progres kerja ganti isolator sebut capai ganti laku isolator capai masa pakai isolator komponen sistem laa fungsi sekat hantar listrik struktur dukung jaga aman andal sistem elektrifikasi komponen milik masa pakai kondisi perlu pantau kala laku periksa pelihara rutin laku ganti komponen capai masa pakai kerja laku tahap tetap perhati aspek selamat lancar operasional jalan kereta api terang bram kerja ganti isolator laku jumlah petak jalur cikoya maja emplasemen maja daru tenjo pondok ranji jurangmangu sudimara rawabuntu tanah abang palmerah angke kampung bandan buar klender baru cawang duren kalibata lenteng agung universitas pancasila universitas pancasila universitas indonesia citayam bogor jumlah lokasi lain terus pasti pelihara tingkat infrastruktur laku sesuai butuh operasional tetap utama aspek selamat kualitas kerja harap upaya terus dukung kesiap infrastruktur tunjang operasional jalan kereta api tutup bram hns hns taut salin pelihara listrik alir atas kai properti kereta rel listrik jabodetabek infrastruktur kereta api isolator epc selamat operasional pelihara rutin elektrifikasi kereta progres kerja krl
176,finance,jakarta bijak olah sampah jadi energi manfaat masyarakat terus jalan salah satu olah sampah jadi solar bensin sampah plastik khusus hasil bbm baru jadi istilah bahan bakar minyak baru olah sistem pirolisis plastik sebut jadi solar maupun bensin ujar direktur jenderal energi baru baru konservasi energi menteri esdm eniya listiani dewi rapat komisi xii dpr selasa menteri esdm identifikasi kualitas bbm hasil proses sebut pasal lokasi olah sampah sebut hasil kualitas beda scroll to continue with content perintah tengah siap mekanisme izin kembang usaha sebut jadi cukup izin verifikasi lalu ikan izin b b jadi jual bahan bakar minyak baru komersial terang eniya advertisement lalu produk sampah lain biogas bahan bahan bakar mungkin trending biogas jadi biometana kurang emisi sangat signifikan dapat harga karbon lebih banyak biometana mulai komersialisasi izin menteri esdm sejak akhir cukup izin produksi b b sambung eniya belum menteri koordinator bidang pangan zulkifli hasan sampai tni libat olah sampah jadi bbm terima kasih bapak maruli tni angkat darat bantu ubah sampah lama sampah kan baru datang kota bekas baru datang sampah ton jadi gunung banyak nah jadi gunung kelola tni kerja sama pirolisis jadi minyak ujar zulhas bekas rabu tempat sama kepala staf angkat darat kasad jenderal tni maruli simanjuntak kata pihak sama mitra pilih fokus olah sampah lama gunung perintah kelola psel olah timbun timbun sampah lama ini mungkin sekarang mem betul partner pak agus pak agus kelola salah satu dirut kembang mampu kerja jadi sampah lama ton per hari proses kata maruli sampai proyek pihak butuh lahan capai hektare fasilitas utama tambah area pre treatment tengah hektare tiap tempat lahan sebut kira olah sampah lama ton per hari kalau lahan bagaimana teknis guna mungkin ulas sedikit segera kerja jadi inti kata maruli tambah proyek langsung bantar gebang sumur baru bekas galuga bogor sari mukti bandung jatibarang semarang kata proses pihak temu bagai kendala mulai sedia lahan proses izin hingga jual hasil olah sampah nanti jadi solar jadi inti kalau selesai masalah izin mungkin satu tahun pabrik pabrik jalan pak jadi kerja sejak april perintah presiden sekarang masalah tempat dapat kalau selesai go paling lama satu tahun pabrik siap olah sampah ribu ton per hari titik terang hns hns taut salin olah sampah energi baru bbm baru pirolisis biogas menteri esdm kurang emisi solar tni kelola sampah
177,finance,jakarta punya sertifikat brevet pajak a b memang jadi nilai tambah dunia kerja bagi tax staff konsultan pajak sertifikat asa cukup saing posisi tangan klien usaha skala multinasional soal materi brevet a b umum fokus paja domestik hadap kasus lintas negara hitung pajak ganda transfer pricing kompetensi milik sering cukup jawab butuh kerja hari hari sini brevet pajak c hadir jenjang lanjut relevan program piranha smart center sama education visionary lab rancang khusus bahas paja tingkat internasional cakup pajak ganda maja hasil luar negeri kredit pajak luar negeri hingga mekanisme transfer pricing aplikatif scroll to continue with content batch langsung online via zoom mulai senin september selasa september temu rutin senin selasa pukul hingga wib serta ikut enam kali sesi ajar plus satu uji teori akhir program sertifikat brevet c serta ambil paket sertifikasi sempat raih gelar non akademik certified professional tax technician cptt kuat portofolio profesional bidang paja advertisement materi sampai lewat papar konsep studi kasus bagai subjek objek pajak latih soal hingga sesi diskusi tanya jawab dekat rancang serta langsung terap materi kerja hari hari bukan sekadar paham teori ruang kelas program buka lulus brevet a b staf uang konsultan pajak hingga laku usaha ekspor impor daftar diri sekarang lalu detikevent hns hns taut salin brevet pajak sertifikasi pajak pajak internasional transfer pricing pajak ganda didik paja konsultan pajak latih pajak certified professional tax technician piranha smart center
178,finance,jakarta bisnis operasi lintas negara punya satu tantang sering remeh patuh pajak internasional beda pajak domestik biasa aspek libat janji pajak ganda transfer pricing hingga atur maja hasil luar negeri jarang asai staf pajak level dasar akibat banyak usaha multinasional sulit cari tenaga benar benar paham paja lintas batas negara staf kuasa brevet a b siap tangan kasus pajak internasional jauh lebih kompleks butuh jadi dasar program latih brevet pajak c sertifikasi cptt piranha smart center sama education visionary lab scroll to continue with content beda brevet a b bahas paja domestik tingkat c khusus dalam bijak paja multinasional mulai pajak internasional pajak ganda kredit pajak luar negeri transfer pricing batch gelar online lalu zoom mulai senin september hingga selasa september jadwal senin selasa pukul wib total enam kali temu tambah satu uji teori pilih ganda lengkap rangkai latih advertisement serta lulus hak dapat sertifikat latih brevet c ambil paket sertifikasi oleh gelar non akademik certified professional tax technician cptt terbit asosiasi teknisi paja indonesia izin resmi kemenkumham serta dapat akses e modul video recording ajar latih soal siap uji konsultasi lama pasca latih langsung program cocok lulus brevet a b staf administrasi uang tax konsultan hingga laku usaha tangan ekspor impor usaha multinasional daftar buka daftar diri sekarang lalu detikevent hns hns taut salin usaha multinasional pajak internasional latih pajak brevet pajak c sertifikasi cptt patuh pajak transfer pricing pajak ganda staf pajak didik paja
179,finance,jakarta menteri uang purbaya yudhi sadewa buka suara soal satu layan penuh gizi sppg dapur program makan gizi gratis mbg purbaya aku kerah tim direktorat jenderal bendahara menteri uang monitor dapur mbg seluruh indonesia langkah ambil rangka awas guna anggar dapur mbg dapur bukti menyalahgunakan anggar langsung lapor badan gizi nasional bgn scroll to continue with content purbaya tegas apabila lapor bgn tetap ubah anggar rang jadi kerah orang dirjen bendahara seluruh indonesia monitor kala sppg sppg daerah indonesia jadi tambah laksana program kalau ngaco ngaco kasih masuk bgn satu tempat sppg tentu laku salah kalau dengar rangin anggar jelas purbaya kawasan sunter jakarta utara selasa advertisement purbaya tambah sisi bgn laku efisiensi anggar jadi rp triliun rp triliun anggar program mbg peluang pangkas tahun kira purbaya total anggar bgn pangkas pakai bawah rp triliun jadi kepala bkn baru orang cukup bagus bagus malah laku efisiensi implementasi program hemat besar tahun kan tadi anggar rp triliun turun rp triliun rp triliun pikir tahun implementasi bawah bawah rp triliun mungkin duga jelas purbaya hns hns taut salin purbaya yudhi sadewa makan gizi gratis satu layan penuh gizi awas anggar menteri uang badan gizi nasional efisiensi anggar program gizi monitoring dapur mbg dapur mbg
180,finance,jakarta menteri uang purbaya yudhi sadewa siap bijak baru penuh butuh anggar bangun perintah daerah pemda bijak baru nanti libat pt sarana multi infrastruktur persero smi smi rupa special mission vehicle smv menteri uang purbaya kata butuh anggar bangun pemda aju lalu pinjam smi lanjut pemda penuh wajib pinjam sebut lalu dana hasil dbh dbh rupa bagi dana transfer daerah tkd salur perintah pusat scroll to continue with content kalau emang daerah betul betul perlu bikin infrastruktur pinjam pt smi bayar pakai bagi dbh ungkap purbaya wartawan kawasan sunter jakarta utara selasa purbaya kata program infrastruktur jalan jumlah pemda salah satu bangun jembatan dorong perintah pusat bentuk program jembatan advertisement misal jembatan enggak segala macam makanya buat program jembatan program bangun jembatan darurat bangun tentara jelas purbaya tambah bijak sebut masuk tahap sosialisasi tekan skema dana bentuk pasti anggar daerah betul betul manfaat jadi barang betul betul jadi barang pungkas ahi hns taut salin bijak anggar bangun daerah pt sarana multi infrastruktur smi purbaya
181,finance,jakarta perban nasional siap mungut pajak atas transaksi digital luar negeri sebut pasti laku bagai tes puluh perban domestik menteri uang menkeu purbaya yudhi sadewa kata implementasi bijak mulai himpun bank milik negara himbara bijak rencana implementasi september siap semua serta tes tes berapa puluh bank bank himbara segera mulai jalan implementasi bank bank tahap ujar purbaya wartawan kawasan sunter jakarta utara selasa scroll to continue with content purbaya kata empat bank plat merah siap implementasi bijak sebut meski aku lihat berapa besar potensi mungut pajak sebut hitung tarik belum tarik jadi gak tau potensi kalau janji vendor sih gede cuman sangsi bukti waktu dekat jadi hati hati prediksi potensi situ pungkas advertisement informasi bijak masuk sistem mungut pajak atas transaksi digital luar negeri spp tdln rencana terap september perintah tunjuk pt jalin bayar nusantara jalin selenggara spp tdln dasar atur presiden nomor tahun ahi hns taut salin pajak transaksi digital perban nasional himbara bijak pajak menteri uang spp tdln pajak luar negeri implementasi pajak pt jalin bayar nusantara potensi pajak
182,finance,jakarta impor barang china indonesia makin banyak laku laku usaha mulai reseller umkm hingga usaha butuh kargo jumlah besar proses import china indonesia jasa forwarder peran bantu kirim barang supplier china hingga proses customs clearance antar indonesia sedia bagai jasa import china karakteristik layan beda lebih cocok beli kecil marketplace taobao lain milik kapasitas tangan kirim jumlah besar guna kontainer ikut jasa forwarder china indonesia timbang dasar karakteristik layan masing masing scroll to continue with content natindo cargo natindo cargo jadi salah satu pilih forwarder china indonesia layan bagai skala butuh import salah satu indikator perhati calon langgan jumlah ulas google maps capai ulas rating bintang advertisement banyak ulas jadi referensi tambah lihat alam langgan guna layan natindo alam lebih tahun bidang forwarding import natindo tangan butuh mulai import jumlah kecil hingga kirim kargo besar butuh usaha volume tinggi sedia layan full container fcl mulai feet hingga feet sisi importir volume lebih kecil guna layan lcl air cargo natindo turut bantu beli barang marketplace china taobao alibaba aliexpress jd com layan guna baik reseller umkm maupun usaha laku import skala besar pilih kapasitas sebut natindo jadi salah satu alternatif calon importir butuh jasa import china bagai skala kirim fastindo cargo fastindo cargo sedia layan forwarder china indonesia pilih sea lcl sea fcl air cargo salah satu karakteristik ada warehouse beberapa lokasi china masuk guangzhou yiwu fasilitas sebut bantu importir milik supplier lokasi beda butuh proses terima konsolidasi barang kirim indonesia fastindo jadi alternatif bisnis butuh fleksibilitas pilih metode kirim proses import barang china indonesia ducking ducking lebih tonjol mudah proses beli barang marketplace china platform dukung beli jumlah marketplace taobao tmall alibaba dekat sebut buat ducking lebih relevan importir kecil reseller online seller laku beli china urus seluruh proses sendiri butuh import volume kecil mudah proses beli sekaligus kirim jadi salah satu timbang utama wilopo cargo wilopo cargo tawar layan import china indonesia pilih lcl fcl pilih sebut wilopo guna butuh kirim volume beda sedia fcl buat relevan bisnis mulai butuh kirim jumlah lebih besar andal kirim konsolidasi xing lie cargo xing lie cargo sedia layan import barang china indonesia lalu jalur laut maupun udara layan cakup butuh import marketplace alibaba aliexpress taobao pilih jalur kirim sebut beri fleksibilitas importir sesuai kirim dasar volume butuh waktu cargopro cargopro rupa main relatif baru bidang jasa import china fokus layan door to door konsep all in sedia pilih lcl fcl layan dukung supplier sourcing importir cari alternatif baru dekat layan modern cargopro jadi salah satu pilih banding trans express trans express rupa salah satu alternatif relatif baru butuh kirim import china indonesia pilih layan kirim customer service komunikasi lama proses import jadi timbang trans express jadi alternatif importir banding main baru industri forwarding pilih jasa import china sesuai butuh satu jasa forwarder china indonesia paling sesuai semua butuh importir beli beberapa barang taobao milik butuh beda usaha datang satu beberapa kontainer bulan pilih forwarder perhati beberapa faktor minimum volume pilih lcl fcl jalur kirim customs clearance alam usaha review langgan cakup layan china hingga indonesia paham butuh lebih importir pilih jasa import china tawar harga kompetitif sesuai skala pola import masing masing paham butuh lebih importir pilih jasa import china tawar harga kompetitif sesuai skala pola import masing masing baru susun strategi ada barang lintas negara perlu referensi prosedural lebih lanjut ajar pandu komprehensif kena cara import barang china video tanyadetikfinance pak purbaya umr sekarang cukup buat hidup gen z video tanyadetikfinance pak purbaya umr sekarang cukup buat hidup gen z prf ega taut salin jasa forwarder import barang china indonesia lcl fcl
183,finance,jakarta menteri uang menkeu purbaya yudhi sadewa nilai perintah daerah pemda perlu cari sumber biaya lewat terbit obligasi pasal pemda milik cukup anggar biaya bagai program bangun pemda milik anggar lebih excess liquidity besar rp triliun purbaya anggar sebut kerap kali guna hingga tenggat waktu guna desember scroll to continue with content tahun tuh daerah rp triliun uang enggak kepake bulan desember semua excess liquidity excess fund perban rp triliun ungkap purbaya wartawan kawasan sunter jakarta utara selasa turut pemda lebih baik guna dana sebut dana program bangun ketimbang terbit surat utang daerah meski purbaya larang pemda terbit obligasi perlu advertisement basically gitu hitung sih kalau uang banyak ngapain pinjam kalau butuh enggak apa apa pinjam jelas purbaya ingat kelola dana obligasi laku tepat kelola risiko penting hindar fraud bagaimana jadi jumlah pemda brazil kalau lihat ajar negara amerika latin brasil kayak deh sama dulu pernah regional daerah daerah provinsi nerbitin surat utang dinggapnya tak sama pusat fraud ramai ramai tunjuk pusat terang purbaya berita belum purbaya sempat respons rencana gubernur dki jakarta pramono anung hendak terbit obligasi daerah turut kondisi uang jakarta cukup perlu ambil langkah sebut kendati purbaya tetap sila pemprov dki jakarta apabila memang instrumen rasa desak singgung minta pramono dana hasil dbh cair terbit obligasi boleh purbaya justru tanya posisi tawar sebut tegas tahan salur dbh wilayah dki jakarta sesuai atur undang undang laku emang neken tahu lihat depan dbh tahan kan sesuai kondisi uang perintah kan dbh undang undang apbn ujar purbaya gedung dpr ri jakarta pusat senin ahi hns taut salin pemda anggar daerah excess liquidity obligasi daerah purbaya yudhi sadewa bangun daerah kelola uang dana publik risiko uang dki jakarta
184,finance,jakarta pt telkom indonesia persero tbk telkom sambut positif rencana manfaat gedung graha merah putih gmp badan gizi nasional bgn skema business to business b b langkah sewa jadi bagi strategi leveraging asset usaha optimal aset properti sekaligus buka peluang dapat baru konektivitas digital direktur utama telkom dian siswarini sampai skema bisnis jalan proporsional tetap depan tata kelola usaha baik good corporate governance telkomgroup rencana sewa gedung gmp bgn rupa bentuk leveraging asset hadir peluang bisnis baru masuk lalu sedia layan konektivitas solusi digital unggul milik ujar dian terang selasa scroll to continue with content optimalisasi gmp manfaat telkom tata ulang klasterisasi ruang kerja internal belum sebar beberapa lokasi jakarta tata tuju kolaborasi antar unit kerja jadi lebih integrasi jumlah unit kait sebar bagai lokasi kerja jakarta lalu tata cipta lingkung kerja lebih integrasi sesuai stream masing masing unit harap buat kolaborasi jadi lebih mudah proses kerja makin efektif produktivitas karyawan makin tingkat jelas dian advertisement proses transisi tempat ruang kerja bgn gmp laku tahap seluruh bahas negosiasi rampung telkom pasti aman selamat nyaman operasional karyawan tetap jadi prioritas utama dasar hasil survei diskusi sama telkom bgn sampai rencana manfaat gmp ruang kerja beberapa fasilitas workstation standar manfaat sebut laku proses tata unit unit telkom pindah alat kerja existing lokasi pakat sama lanjut dian sama langkah sebut telkom lanjut remaja telkom integrated operation center tioc guna teknologi cerdas buat ai otomasi tata ruang kerja harap cepat koordinasi operasional usaha seluruh tata arah kelompok unit dasar karakteristik bisnis unit tempat lokasi lebih integrasi koordinasi kolaborasi langsung lebih cepat efektif akhir tingkat produktivitas pungkas video sudaryono benar graha merah putih telkom bakal jadi markas bgn video sudaryono benar graha merah putih telkom bakal jadi markas bgn prf ega taut salin graha merah putih bgn pt telkom
185,finance,jakarta presiden prabowo subianto minta masyarakat milik rekening pt bank rakyat indonesia persero tbk bri pt bank syariah indonesia persero tbk bsi rekening bank sebut guna salur bantu sosial bansos perintah menteri uang purbaya yudhi sadewa jelas rekening sebut nanti beri masyarakat atas usia tahun milik rekening bank buka rekening laku salur bansos cepat tepat bantu betul betul cepat tepat sasar bansos rencana pak presiden lihat ujar purbaya wartawan kawasan sunter jakarta utara selasa scroll to continue with content purbaya jelas proses buka rekening nanti libat data direktorat jenderal duduk catat sipil dukcapil bank indonesia bi lembaga jamin simpan lps mungkin selesai sih diskusi diskusi mungkin orang bikin ktp langsung otomatis buat rekening terang advertisement informasi menteri koordinator ekonomi airlangga hartarto usai ikut rapat batas sama prabowo perintah belum bahas milik rekening masyarakat indonesia tingkat inklusi literasi uang nasional dorong sebut prabowo minta bri bsi siap rekening masyarakat rekening siap sebut manfaat salur bagai program perintah masyarakat airlangga merinci program apa nanti salur lalu rekening sebut tadi bapak presiden minta duduk indonesia punya rekening koran jadi minta bri bank syariah indonesia siap rekening masyarakat kata airlangga kompleks istana presiden jakarta senin ahi hns taut salin rekening bank bantu sosial perintah indonesia inklusi uang literasi uang purbaya yudhi sadewa salur bansos ktp bank indonesia program perintah
186,finance,jakarta pt graha sarana duta telkomproperty kelola aset telkom terus dukung langkah transformasi telkomgroup laku optimalisasi leveraging asset langkah tuju tingkat produktivitas cipta efisiensi operasional kontribusi lebih optimal anak usaha direktur utama telkomproperty didit sulistyo kata telkomproperty tengah laku leveraging aset kelola bagai lokasi hasil optimalisasi laksana telkomproperty buka peluang manfaat aset bagai pihak masuk calon mitra eksternal lalu mekanisme bisnis wajar proporsional business to business b b tetap depan prinsip tata kelola atur laku scroll to continue with content jalan langkah sebut pt telkom landmark tower tlt anak usaha telkomproperty selaku kelola gedung graha merah putih gmp terus dorong leveraging asset upaya laku buka peluang mitra eksternal sewa aset gedung milik telkomgroup direktur utama tlt suratman kata salah satu entitas kelola aset properti lingkung telkomgroup optimalisasi aset rupa bagi langkah leveraging asset jalan proses bisnis usaha advertisement tentu selalu upaya pasti produktivitas aset layan butuh telkomgroup maupun mitra tenan eksternal lain maksimal ujar rencana manfaat sewa ruang graha merah putih badan gizi nasional bgn proses negosiasi bahas lebih lanjut koordinasi pihak kait komitmen jaga pasti langsung operasional tenant ada gedung sebut proses laku tertib ukur pungkas suratman video sudaryono benar graha merah putih telkom bakal jadi markas bgn video sudaryono benar graha merah putih telkom bakal jadi markas bgn prf ega taut salin telkomproperty graha merah putih bgn
187,finance,jakarta ketua badan lindung konsumen nasional bpkn muhammad mufti mubarok sebut masyarakat ramai ramai buru masker imbas sebar abu vulkanik gunung anak krakatau turut fenomena panic buying jadi dagang elektronik alias e commerce mufti kata lonjak minta buat jual masker naik harga tengah fenomena panic buying online sih panic buying kan gitu arti kemudian manfaat situasi jual barang ujar mufti temu gedung dpr ri jakarta selasa scroll to continue with content baca harga masker pasar pramuka naik kali lipat turut lonjak harga akibat panik konsumen biasa langsung singkat satu hingga tiga hari akhir angsur normal kendati mufti tegas perintah ambil tindak tegas ketat awas logistik advertisement memang perintah tegas bagaimana kemudian laku cek cek logistik gudang gudang jual memang biasa cuma satu hari tiga hari mungkin hari empat hari lima normal panic buying beber belum sebar abu vulkanik erupsi gunung anak krakatau hingga wilayah jakarta jadi berkah sendiri dagang pasar pramuka stok masker belum lama simpan kini ludes buru beli datang sentra produk medis jakarta timur masalah tip stok masker tengah lonjak minta dadak buat harga produk pasar alami tingkat alhasil dagang paksa sesuai harga jual ecer ikut naik harga modal distributor stok masker dagang mulai habis semua naik semua masker medis naik naik lumayan beda rp satu kotak biasa distributor jual rp sekarang atas rp naik modal doang harga jual kata salah orang dagang pasar pramuka yana detikcom selasa yana naik harga produk masuk masker memang lumrah jadi minta dadak naik sekarang sedia stok jadi habis dadak acd acd taut salin masker panic buying gunung anak krakatau harga masker
188,finance,jakarta pt pertamina patra niaga waspada ada potensi seleweng bahan bakar minyak bbm subsidi jenis solar iring besar beda harga solar subsidi bbm nonsubsidi adapun harga solar subsidi patok rp per liter harga bbm jenis dex spbu capai rp per liter direktur utama pt pertamina patra niaga mars ega legowo putra kata besar harga sebut potensi manfaat oknum oknum cari untung scroll to continue with content nah jadi faktor antisipasi oknum oknum mungkin cari sempat sempat ujar ega rdp komisi xii dpr selasa meski pertamina patra niaga komitmen usaha kuat distribusi bbm subsidi salur tepat sasar hak masyarakat hak terima subsidi tetap jaga advertisement usaha beri distribusi baik hak hak masyarakat memang hak dapat subsidi dapat tetap jaga pasok bbm jalan lancar ujar awas sebut pertamina patra niaga tengah koordinasi bareskrim mabes polri bentuk kerja sama awas laksana lapang masuk awas solar subsidi sebut manfaat industri paham kawan kawan tim lapang perlu dukung kuat pusat bahas awal bareskrim laku kemarin mungkin waktu dekat mudah mudah janji kerja sama bareskrim segera wujud kata hrp fdl taut salin seleweng bbm harga solar bbm subsidi pertamina distribusi bbm awas bbm
189,finance,jakarta tokopedia tiktok shop buka suara kait lapor laku usaha mikro kecil tengah umkm kena duga blokir akun pihak tahan saldo lapor sebut sampai umkm komisi vii dpr ri executive director of tokopedia tiktok e commerce indonesia stephanie susilo kata tangguh laku sifat tekan jual seller beli rupa mitra penting platform e commerce keluh sampai tanggap serius tindak seluruh jadi tangguh dana sifat laku lindung jual maupun beli ujar stephanie usai rapat dengar dapat umum sama komisi vii dpr ri jakarta pusat selasa scroll to continue with content baca morgan stanley borong saham goto jelas alas pihak laku sebut lindung jual beli tak ekosistem tokopedia tiktok shop jadi platform aman jual beli advertisement pihak telusur seller dana total tahan saldo besar rp miliar bukan rp triliun lapor jadi dasar data punya kait seller telusur dana total rp miliar mana besar rp miliar memang dapat kasus fraud jadi sangat jauh banding angka edar belum beber stephanie jelas tangguh dana laku investigasi langsung apabila hasil investigasi sebut seller laku fraud pasti dana sebut rilis platform jangka waktu investigasi sesuai service level agreement hari plus hari mana penting tahu teman teman media beri sempat seller aju banding pasti telusur tindak lanjut serius tambah lansir unggah akun instagram dpr ri komisi vii dpr ri terima adu laku usaha mikro kecil tengah umkm kait duga beku akun pihak jumlah platform media sosial e commerce adu sebut datang adi dpc bekas raya gera ekonomi kreatif nasional gekrafs dpc kota bekas dasar lapor sampai wakil umkm audiensi estimasi total saldo tahan proyeksi capai rp triliun laku usaha dampak seluruh indonesia menindaklanjuti adu sebut komisi vii dpr ri panggil kelola platform digital tiktok tokopedia shopee klarifikasi minta jelas komprehensif dpr koordinasi menteri komunikasi digital komdigi komisi awas saing usaha kppu evaluasi regulasi transaksi elektronik langkah ambil pasti ada atur jelas adil seluruh pihak ekosistem dagang digital dengar satu sisi terima adu tindak lanjut hadir pihak adu soal oleh solusi adil ujar wakil ketua komisi vii dpr evita nursanty acd acd taut salin umkm tokopedia tiktok shop blokir akun
190,finance,jakarta menteri uang menkeu purbaya yudhi sadewa aku tak pusing kelola anggar program makan gizi gratis mbg sebut program sebut milik jumlah konsekuensi salah satu neraca utang jadi bocor anggar mah pusing tinggal bayar cuma kan konsekuensi utang segala macam kalau bocor sana sini ungkap purbaya wartawan kawasan sunter jakarta utara selasa meski purbaya nilai badan gizi nasional bgn pimpin sosok tepat pasal bgn banyak laku efisiensi selenggara program prioritas presiden prabowo subianto sebut scroll to continue with content baca soal usul nunggak pajak jadi landas ampas aset purbaya bilang gin purbaya kata bgn laku efisiensi anggar jadi rp triliun rp triliun nilai anggar program mbg peluang pangkas implementasi tahun jadi kepala bgn baru orang cukup bagus bagus malah laku efisiensi implementasi program hemat besar tahun kan tadi anggar rp triliun turun rp triliun rp triliun pikir tahun implementasi bawah bawah rp triliun mungkin duga jelas advertisement purbaya tambah implementasi mbg lebih kendali harap makin baik aku ikut awas laksana program sebut khusus operasional satu layan penuh gizi sppg jadi kerah orang dirjen bendahara seluruh indonesia monitor kala sppg sppg daerah indonesia jadi tambah laksana program kalau ngaco ngaco kasih masuk bgn satu tempat sppg tentu laku salah kalau didenger rangin anggar pungkas acd acd taut salin makan gizi gratis purbaya yudhi sadewa anggar perintah
191,finance,jakarta indeks harga saham gabung ihsg tutup kuat dagang selasa indeks saham garuda gerak kuat level dasar data rti business ihsg kuat level hingga tutup dagang sore indeks saham sempat kuat level tinggi posisi jelang tutup dagang volume dagang catat besar miliar nilai transaksi besar rp triliun kemudian jumlah frekuensi saham dagang catat banyak kali scroll to continue with content baca ihsg gerak kuat asing borong saham bbca bbri indeks lq catat kuat besar level tutup dagang sore banyak saham kuat saham lemah saham stagnan advertisement ihsg catat tren positif panjang lima hari dagang akhir kuat panjang tiga bulan akhir ihsg kuat hingga tonton video ihsg tahan meski sentimen global positif investor tunggu atur baru bei gambas video detik ahi ara taut salin ihsg ihsg kuat
192,finance,jakarta komisi xi dpr ri dorong luas lingkup tindak pidana rancang undang undang ruu ampas aset usul sebut ampas aset dorong tindak pidana korupsi jahat sektor perban paja tanggap sebut menteri uang menkeu purbaya yudhi sadewa aku tahu bahas rancang ruu sebut adapun ruu ampas aset tahap susun dpr tau bahas jawab ungkap purbaya kawasan sunter jakarta utara selasa scroll to continue with content baca purbaya buka buka utang whoosh cicil rp t tenor tahun meski purbaya tak tutup mungkin ada luas tindak ruu ampas aset sektor paja tekan perlu batas terap sanksi ampas aset tetap jaga prinsip adil advertisement mungkin jangan sekali langgar langsung ambil semua asas asas adil mungkin kalau kali kali kayak gitu sengaja laku kelabu pajak jelas tegas asas adil perlu depan beban masyarakat pasal dapat rakyat kadang kala lupa bayar pajak jadi terap prinsip adil betul kalau terap rambu rambu jelas jadi gin jangan sulit rakyat biasa kadang kadang lupa lalai pungkas baca purbaya klaim as tiru ri pindah sal bank pinteran sedikit lah informasi anggota komisi xi dpr harris turino tegas ruu ampas aset tak sasar tindak pidana korupsi dorong atur sebut terap seluruh tindak pidana masuk jahat sektor perban paja turut jumlah tindak pidana perlu jerat mekanisme ampas aset antara dagang orang narkotika senjata hingga dagang organ masuk dagang orang dagang narkotika dagang senjata dagang organ perban paja enak orang gelapin pajak sita ujar harris terang kutip detiknews sabtu tonton video pesan advokat dpr kait ruu ampas aset gambas video detik ahi ara taut salin ampas aset ruu ampas aset pajak purbaya yudhi sadewa komisi xi dpr
193,finance,jakarta perintah target guna etanol campur bahan bakar minyak bbm jenis bensin hingga e laksana datang langkah kurang gantung impor bbm dirjen energi baru baru konservasi energi ebtke menteri esdm eniya listiani dewi kata langkah sebut sesuai arah menteri esdm bahlil lahadalia sesuai arah menteri esdm e target tahun tuju cepat mandatori bioetanol tentu kurang impor bensin lalu dukung transformasi energi sektor transportasi baik kualitas udara turun emisi tambah turun emisi gas rumah kaca ujar rdp komisi xii dpr selasa scroll to continue with content eniya kata e perintah target campur bioetanol besar tahun lanjut e eniya sampai menteri esdm sama menteri bidang ekonomi relaksasi pres nomor tahun bagai atur lain kait sedia bahan baku produksi bioetanol nasional sampai implementasi bioetanol cukai jadi masalah cukai selesai atur menteri uang cukai tiada mudah teman teman pertamina implementasi kata advertisement eniya tambah program bensin campur etanol bukan bbm subsidi kata butuh bensin nonsubsidi tahun juta kiloliter tingkat tahun capai juta kiloliter butuh bensin non pso juta kiloliter terap campur butuh kiloliter bioetanol murni butuh tingkat jadi kiloliter campur terap nah prediksi jadi roadmap tambah kapasitas produksi sangat perlu jadi tahun depan harap ada tambah pabrik produksi kiloliter bioetanol nah mudah mudah tambah tambah perlu pabrik kalau dimandatorikan nasional tadi pabrik lalu tambah pabrik kata tonton video harga pertamax naik jadi rp pertamax green rp liter gambas video detik hrp fdl taut salin bioetanol e energi baru emisi gas rumah kaca bbm menteri esdm
194,finance,jakarta badan pulih aset bpa jaksa agung jagung ungkap temu banyak juta metrik ton nikel tak tuan sulawesi tengah nikel sebut temu hasil sidi kini tengah proses nanti lelang kepala bpa patris yusrian jaya jelas pihak urus tetap nikel sebut barang temu lalu adil dapat tetap selesai aset laku lalu mekanisme lelang misal sekarang sulawesi tengah hasil sidi nikel tuan banyak juta metrik ton sekarang proses tetap barang temu adil lanjut tetap barang temu segera laku selesai lalu mekanisme lelang kata patris rapat komisi iii dpr ri kompleks parlemen jakarta selasa scroll to continue with content sayang patris ungkap potensi nilai nikel sebut sulawesi tengah jaksa tangan komoditas nikel sulawesi tenggara dirinci jumlah maupun nilai nikel ada proses sebut baca koin us gambar donald trump laku keras advertisement jumlah komoditas lain tengah tangan salah satu batu bara kalimantan kini ada proses lelang komoditas lada bangka belitung hasil lelang nilai rp miliar kemudian sulawesi tenggara nikel kalimantan sedang proses lelang batu bara kemarin lada bangka belitung baru jual rp miliar banyak aset aset milik nilai ekonomis tinggi sekarang proses tutup patris adapun bpa hasil setor rp triliun kas negara tiga tahun akhir dana sebut asal hasil selesai aset masuk lelang aset rampas negara kurun waktu sebut bpa selesai banyak aset selesai laku lalu jumlah mekanisme mulai lelang musnah hingga serah aset pihak hak kasus investasi bodong tonton video jagung pamer uang rp m hasil sita korupsi nikel pt cni gambas video detik acd acd taut salin badan pulih aset nikel tak tuan jaksa agung lelang aset
195,finance,jakarta menteri uang menkeu purbaya yudhi sadewa buka buka soal tenor cicil lunas utang proyek bangun kereta cepat whoosh rp triliun per tahun tenor bayar cicil utang jadi salah satu hasil restrukturisasi laku perintah purbaya kata tenor cicil capai tahun proses restrukturisasi gurau lebih dulu tinggal wajib bayar cicil rampung selesai arti kan total utang besar stretch tahun restrukturisasi cicil rp triliun sedikit bawah rp triliun tahun tahun tinggi rendah kalau lihat lah tenor cicil tahun dengar kemarin makanya hebat tuh iya mati santai ujar purbaya susul tawa kawasan sunter jakarta utara selasa scroll to continue with content baca purbaya siap bayar utang kereta cepat uang purbaya jelas kelola utang whoosh alih badan kelola investasi bpi daya anagata nusantara danantara menteri uang kemenkeu september nanti utang whoosh bayar special mission vehicle smv indonesia investment authority ina advertisement mungkin mungkin pakai smv ina jelas turut wajib utang besar tangan satu entitas smv bawah menteri uang pasti butuh anggar bayar wajib sebut sedia jadi gin cuma lihat beban tahun apa sih lihat tahun lihat kalau gin cukup lah tangan satu smv satu usaha smv bawah departemen uang uang cukup lebih pungkas baca video tanyadetikfinance utang whoosh alih kemenkeu ndak bahaya ta berita belum purbaya pasti smv nanti tangan wajib sebut perlu cari investor baru dapat dana turut smv kemenkeu milik mampu uang bayar utang sebut purbaya mampu uang sebut cukup tangan wajib utang hitung lebih lanjut laku skema sebut tetap uang kan kalau smv let s say satu usaha smv aja untung berapa sekarang rp triliun rp triliun tahun tambah operasional sendiri mungkin rp miliar untung jelas purbaya kompleks istana presiden jakarta pusat senin tonton video tanyadetikfinance utang whoosh alih kemenkeu ndak bahaya ta gambas video detik ahi ara taut salin utang whoosh purbaya yudhi sadewa menteri uang kereta cepat
196,finance,jakarta bandara halim perdanakusuma layan terbang hari tutup akibat dampak sebar abu vulkanik gunung anak krakatau
197,finance,jakarta menteri energi sumber daya mineral esdm sebut indonesia jadi negara pertama jalan program b program baru jalan juli tarik minat malaysia jepang eropa ajar kena program b direktur jenderal energi baru baru konservasi energi menteri esdm eniya listiani dewi kata terap b jadi salah satu tonggak penting indonesia dorong mandiri energi jadi pertama kali indonesia laku uji banyak ikut bahkan sekarang jadi tari negara negara sekarang ajar jadi jepang malaysia eropa sekarang datang ajar pak jadi rupa tonggak sejarah indonesia bukti mandiri energi ujar eniya rdp komisi xii dpr selasa scroll to continue with content eniya jelas program b beri jumlah manfaat indonesia salah satu tingkat manfaat bahan baku energi negeri turut sebut kuat tahan mandiri energi nasional utama jadi gejolak geopolitik kemudian program kurang impor solar mampu kurang emisi gas rumah kaca juta ton co advertisement kalau asumsi juta kiloliter tara barrel per day kalau lifting minyak barrel per day lifting minyak nabati tengah capai tengah barrel per day kata kemudian eniya sebut program b kira beri hemat hingga rp triliun sisi tenaga kerja eniya kata juta tenaga kerja serap kembang industri biodiesel sekaligus dorong produksi fame fatty acid methyl ester jadi tingkat feedstock industri fame kira juta kiloliter dimandatorikan tahun hingga desember kata lalu manfaat program b dorong nilai tambah cpo crude palm oil hingga rp triliun rupiah harga minyak sawit tani tingkat tingkat sejahtera tani sambung m b kira beri hemat hingga rp triliun sisi tenaga kerja eniya juta juta tenaga kerja serap kembang industri biodiesel sekaligus dorong produksi fame fatty acid methyl ester jadi tingkat feedstock industri fame kira juta kiloliter dimandatorikan tahun hingga desember kata lalu manfaat program b dorong nilai tambah cpo crude palm oil hingga rp triliun rupiah harga minyak sawit tani tingkat tingkat sejahtera tani sambung tonton video prabowo luncur b bikin ri tak perlu impor solar gambas video detik hrp fdl taut salin b mandiri energi esdm biodiesel energi baru
198,finance,jakarta imbas papar abu vulkanik aktivitas erupsi gunung anak krakatau bandara soekarno hatta jadi sentra ekspor impor sempat tutup supply chain indonesia sci catat tutup bandara sebut buat arus barang ekspor impor nila rp triliun mandek sebar abu vulkanik picu tutup ruang udara batal alih terbang ubah jadwal tumpu kargo ujar founder ceo supply chain indonesia sci setijadi terang selasa setijadi papar nilai ekspor nonmigas lalu soekarno hatta capai us miliar impor us miliar nilai indikatif arus dagang bruto sebut capai us miliar tahun rata rata us juta per hari scroll to continue with content baca bandara dampak abu vulkanik anak krakatau operasi volume impor capai ribu ton tahun rata rata ton per hari angka sebut acu data bps satu data dagang menteri dagang data ekspor status revisi advertisement setijadi jelas ganggu terbang lama delapan jam potensi tunda arus ekspor impor us juta diri atas ekspor us juta impor usd juta masuk hampir ton barang impor ganggu langsung lama jam nilai indikatif barang potensi tunda tingkat jadi us juta rp triliun kurs rp diri atas ekspor us juta impor us juta masuk ton barang impor hitung sebut cakup dagang internasional lalu soekarno hatta masuk kirim domestik bukan estimasi rugi langsung ekspor guna nilai fob impor guna nilai cif rugi aktual gantung batal terbang alih kargo karakteristik komoditas waktu pulih operasi hitung baru rupa hitung lama jam bandara soekarno hatta sempat tutup hingga jam pihak rekomendasi solusi jangka pendek kelola bandara maskapai freight forwarder bea cukai karantina milik barang perlu aktif koordinasi tanggap darurat prioritas liput pantau sebar abu real time jadwal ulang terbang sedia kapasitas tambah cepat tangan dokumen alih kargo lalu bandara alternatif baca airlangga sebut bencana bikin ekonomi kontraksi daerah dampak barang mudah rusak farmasi komponen produksi kritis elektronik nila tinggi kirim ekspres perlu dapat prioritas kirim domestik alih moda darat kereta api laut jaring multimoda jangka panjang usaha perlu bangun rencana kontinuitas bisnis dasar beberapa skenario durasi ganggu tetap bandara moda alternatif milik kontrak kapasitas cadang sedia jasa logistik importir perlu sesuai sedia kam bahan baku kritis eksportir perlu siap gudang fasilitas rantai dingin alternatif papar setijadi perintah minta susun protokol logistik bencana lintas instansi ganggu terbang akibat erupsi kembang jadi ganggu rantai pasok produksi lebih luas tonton video terminal soetta operasi begini suasana kini gambas video detik ara taut salin bandara soekarno hatta abu vulkanik erupsi gunung anak krakatau ekspor impor
199,finance,jakarta menteri uang menkeu purbaya yudhi sadewa ungkap perintah amerika serikat as turut pindah saldo anggar lebih sal sistem ekonomi langkah sebut laku jaga pasar obligasi perintah negeri paman sam purbaya jelas perintah lebih dulu laku langkah sebut meski sempat pandang remeh jelas sal tempat sistem perban tingkat bunga tara bank indonesia bi langkah dorong sistem ekonomi bentuk intervensi perintah pasar obligasi cara laku as redam tekan pasar obligasi perintah scroll to continue with content pindah uang bank sentral perban kan uang masuk sistem ekonomi cost buat return nya sama minta bunga perban sama bunga beri bank sentral lihat tuh sempat masuk bond market kan lihat tuh sekarang amerika laku sama ungkap purbaya kawasan sunter jakarta utara selasa baca purbaya cerita omong gede hingga cap sombong klaim buat kerek ekonomi advertisement purbaya jelas as laku langkah sebut turun imbal hasil obligasi perintah kembali arah ekonomi klaim jalan langkah sebut lebih dulu as laku duluan bank sentral perintah amerika si bessent menteri uang as laku jadi pinteran sedikit lah kan kalau dulu susah jelas publik bilang ngarang aja jurus terang nyata amerika laku mirip jenis jadi harus sih gambar memang terap bukan tahu abal abal memang suatu hitung atas kertas reaksi apa ekonomi tambah purbaya tambah bijak sebut jadi salah satu langkah paling bangga lama tahun jabat menteri uang turut bijak turut bantu balik arah ekonomi tuju tumbuh bangga tadi hasil balik ekonomi lambat mungkin arah lah jadi balik arah pungkas tonton video menkeu bidik rp t terima pajak gambas video detik ahi ara taut salin saldo anggar lebih ekonomi indonesia purbaya yudhi sadewa
200,finance,jakarta perban terus inovasi jaga posisi bisnis kuat direktur utama pt bank tabung negara tbk btn nixon lp napitupulu ungkap bank kuat likuiditas fleksibiltas uang pasti tumbuh bisnis btn tetap sehat lanjut kata nixon terang tulis selasa btn hasil tahan peringkat tinggi idaaa outlook stable pt peringkat efek indonesia pefindo peringkat raih sejak sebut laku periode september hingga september scroll to continue with content peringkat pacu terus inovasi jaga posisi bisnis kuat kuat likuiditas fleksibilitas uang pasti tumbuh bisnis btn tetap sehat lanjut ujar nixon adapun pefindo nilai kuat kredit btn topang bisnis likuiditas fleksibilitas uang sangat kuat pefindo beri predikat positif btn korporasi dukung sangat kuat dukung perintah jalan peran btn dukung program program perintah sektor rumah masuk tiga juta rumah milik presiden prabowo subianto advertisement peringkat korporasi pefindo tahan peringkat idaaa obligasi sosial lanjut i tahap i tahun nila rp miliar peringkat idaa obligasi subordinasi i tahap i tahun nila rp triliun meski transformasi tuju beyond mortgage btn tetap jalan noble purpose dukung program rumah perintah masuk lalu sedia kpr subsidi masyarakat hasil rendah hingga tengah per juni saham btn milik perintah indonesia lalu bpi danantara bp bumn milik publik tonton video john nus bakal bikin apple makin ngegas bisnis hibur gambas video detik kil kil taut salin tumbuh bisnis likuiditas
